participant_id	session1_dose_mg	session2_dose_mg	included_ecg	included_eda	included_resp	included_tet	session1_dose_guess_mg	session2_dose_guess_mg
sub-01	40	20	false	false	false	true	20	40
sub-02	20	40	false	false	false	true	40	20
sub-03	20	40	false	false	false	true	40	20
sub-04	40	20	true	true	true	true	40	20
sub-05	40	20	false	true	true	true	40	20
sub-06	20	40	true	true	true	true	20	40
sub-07	20	40	true	true	true	true	20	40
sub-08	20	40	true	false	false	true	20	40
sub-09	40	20	false	true	true	true	20	20
sub-10	40	20	true	false	false	true	40	20
sub-11	20	40	true	false	false	true	20	40
sub-12	20	40	false	false	false	false	20	40
sub-13	20	40	false	true	true	true	40	40
sub-15	40	20	true	false	true	true	20	20
sub-16	20	40	true	true	true	true	40	20
sub-17	40	20	false	true	true	true	40	20
sub-18	40	20	true	true	true	true	20	20
sub-19	20	40	true	true	true	true	20	40
sub-20	20	40	true	true	true	true	20	40
