modality,state,alternative,n,window,t_start_min,t_end_min,t,p_uncorrected,p_fdr,sig_fdr,p_cluster,sig_cluster,p_tfce,sig_tfce
HR,DMT,greater,11,1,0.0,0.5,0.5052247257202302,0.3121744827100722,0.3305376875753706,False,,False,0.775390625,False
HR,DMT,greater,11,2,0.5,1.0,0.5632546324871726,0.2928342594736432,0.3294385419078486,False,,False,0.775390625,False
HR,DMT,greater,11,3,1.0,1.5,-0.0088131844703536,0.5034292351349083,0.5034292351349083,False,,False,1.0,False
HR,DMT,greater,11,4,1.5,2.0,2.041257437601357,0.0342515651906832,0.0411018782288198,True,0.00146484375,True,0.2041015625,False
HR,DMT,greater,11,5,2.0,2.5,2.3900478624011474,0.0189777505083229,0.0262768853192164,True,0.00146484375,True,0.14453125,False
HR,DMT,greater,11,6,2.5,3.0,5.050621913885804,0.000249395983805,0.0022445638542455,True,0.00146484375,True,0.00634765625,True
HR,DMT,greater,11,7,3.0,3.5,2.154825754906668,0.0283008553839251,0.0363868140650466,True,0.00146484375,True,0.18408203125,False
HR,DMT,greater,11,8,3.5,4.0,3.5326003620368835,0.0027116209527438,0.0054232419054877,True,0.00146484375,True,0.0341796875,True
HR,DMT,greater,11,9,4.0,4.5,4.352473085702111,0.0007189978629475,0.0028696712515213,True,0.00146484375,True,0.0146484375,True
HR,DMT,greater,11,10,4.5,5.0,6.0095256908697205,6.522106481249933e-05,0.0011739791666249,True,0.00146484375,True,0.00390625,True
HR,DMT,greater,11,11,5.0,5.5,3.775185249539912,0.0018152595159356,0.0040843339108552,True,0.00146484375,True,0.02783203125,True
HR,DMT,greater,11,12,5.5,6.0,4.286784169263999,0.0007971309032003,0.0028696712515213,True,0.00146484375,True,0.01513671875,True
HR,DMT,greater,11,13,6.0,6.5,4.13492027549929,0.0010141014450867,0.0030423043352602,True,0.00146484375,True,0.017578125,True
HR,DMT,greater,11,14,6.5,7.0,3.386829331128636,0.0034613208788746,0.0062303775819744,True,0.00146484375,True,0.04296875,True
HR,DMT,greater,11,15,7.0,7.5,3.2275943276426373,0.0045289008359151,0.0074109286405884,True,0.00146484375,True,0.048828125,True
HR,DMT,greater,11,16,7.5,8.0,3.7860019672132688,0.0017833414079123,0.0040843339108552,True,0.00146484375,True,0.02783203125,True
HR,DMT,greater,11,17,8.0,8.5,4.777679799986589,0.0003741700147508,0.002245020088505,True,0.00146484375,True,0.00927734375,True
HR,DMT,greater,11,18,8.5,9.0,2.6759016037036107,0.0116278788238584,0.0174418182357876,True,0.00146484375,True,0.09765625,False
HR,RS,two-sided,11,1,0.0,0.5,-1.2201771498796374,0.2503908653127926,0.4007039473997506,False,,False,0.560546875,False
HR,RS,two-sided,11,2,0.5,1.0,-1.439125354517862,0.1806716478576477,0.4007039473997506,False,,False,0.4619140625,False
HR,RS,two-sided,11,3,1.0,1.5,-0.3377773046228475,0.7425145180782123,0.7425145180782123,False,,False,1.0,False
HR,RS,two-sided,11,4,1.5,2.0,-1.6626233846600829,0.1273669064618746,0.4007039473997506,False,,False,0.3544921875,False
HR,RS,two-sided,11,5,2.0,2.5,-0.8817459971372247,0.3986124833390507,0.424203874317358,False,,False,0.8564453125,False
HR,RS,two-sided,11,6,2.5,3.0,-1.0441767887063442,0.3209880555918838,0.4007039473997506,False,,False,0.6943359375,False
HR,RS,two-sided,11,7,3.0,3.5,-1.5245211913959271,0.1583595657047381,0.4007039473997506,False,,False,0.4091796875,False
HR,RS,two-sided,11,8,3.5,4.0,-1.1143245095253682,0.2912050156405708,0.4007039473997506,False,,False,0.640625,False
HR,RS,two-sided,11,9,4.0,4.5,-1.755771613282613,0.1096519654817045,0.4007039473997506,False,,False,0.310546875,False
HR,RS,two-sided,11,10,4.5,5.0,-1.614583818678736,0.1374748170869807,0.4007039473997506,False,,False,0.3544921875,False
HR,RS,two-sided,11,11,5.0,5.5,-1.3262606736465858,0.2142458730064251,0.4007039473997506,False,,False,0.5126953125,False
HR,RS,two-sided,11,12,5.5,6.0,-1.3088061190582343,0.2198780344117915,0.4007039473997506,False,,False,0.5126953125,False
HR,RS,two-sided,11,13,6.0,6.5,-1.016709679867383,0.3332588342557984,0.4007039473997506,False,,False,0.6943359375,False
HR,RS,two-sided,11,14,6.5,7.0,-0.8778258923966934,0.4006369924108381,0.424203874317358,False,,False,0.8564453125,False
HR,RS,two-sided,11,15,7.0,7.5,-1.015251449198851,0.3339199561664588,0.4007039473997506,False,,False,0.6943359375,False
HR,RS,two-sided,11,16,7.5,8.0,-1.3590495879637867,0.2039906915494678,0.4007039473997506,False,,False,0.5126953125,False
HR,RS,two-sided,11,17,8.0,8.5,-1.3813921540560552,0.197241469873515,0.4007039473997506,False,,False,0.5126953125,False
HR,RS,two-sided,11,18,8.5,9.0,-1.0330232406941555,0.3259292047582105,0.4007039473997506,False,,False,0.6943359375,False
SMNA,DMT,greater,11,1,0.0,0.5,0.0157585467981278,0.4938684964729218,0.5229195845007408,False,,False,1.0,False
SMNA,DMT,greater,11,2,0.5,1.0,0.2827111908592805,0.3915818477129987,0.4405295786771236,False,,False,0.95947265625,False
SMNA,DMT,greater,11,3,1.0,1.5,0.4289019586428921,0.3385436030520676,0.4062523236624811,False,,False,0.92431640625,False
SMNA,DMT,greater,11,4,1.5,2.0,-0.1109339271470168,0.5430681663704662,0.5430681663704662,False,,False,1.0,False
SMNA,DMT,greater,11,5,2.0,2.5,1.083925404646657,0.1519195993384067,0.2278793990076101,False,,False,0.73681640625,False
SMNA,DMT,greater,11,6,2.5,3.0,1.738261020592243,0.0564004913314009,0.1172704402737536,False,,False,0.41064453125,False
SMNA,DMT,greater,11,7,3.0,3.5,1.4291583666911358,0.0917221569106246,0.1500908022173858,False,,False,0.54248046875,False
SMNA,DMT,greater,11,8,3.5,4.0,0.9930797122823865,0.1720462557283557,0.2382178925469541,False,,False,0.78125,False
SMNA,DMT,greater,11,9,4.0,4.5,2.0698558021086924,0.0326497793246431,0.1172704402737536,False,0.04052734375,True,0.298828125,False
SMNA,DMT,greater,11,10,4.5,5.0,3.0965228021722617,0.0056587471010616,0.0579069790366752,False,0.04052734375,True,0.06494140625,False
SMNA,DMT,greater,11,11,5.0,5.5,1.8890636095276745,0.0440989517837231,0.1172704402737536,False,0.04052734375,True,0.36962890625,False
SMNA,DMT,greater,11,12,5.5,6.0,1.7141558754214254,0.0586352201368768,0.1172704402737536,False,,False,0.41064453125,False
SMNA,DMT,greater,11,13,6.0,6.5,2.6060162960983133,0.01310970928024,0.0786582556814403,False,0.15673828125,False,0.1201171875,False
SMNA,DMT,greater,11,14,6.5,7.0,0.6930702786750502,0.2520216766537681,0.3240278699834161,False,,False,0.88134765625,False
SMNA,DMT,greater,11,15,7.0,7.5,1.5243396804293825,0.0792021628916032,0.1425638932048859,False,,False,0.494140625,False
SMNA,DMT,greater,11,16,7.5,8.0,1.7203033946293391,0.0580577960092521,0.1172704402737536,False,,False,0.41064453125,False
SMNA,DMT,greater,11,17,8.0,8.5,3.0212385107124904,0.0064341087818528,0.0579069790366752,False,0.05810546875,False,0.06494140625,False
SMNA,DMT,greater,11,18,8.5,9.0,2.28811636133289,0.0225790682091105,0.1016058069409974,False,0.05810546875,False,0.22265625,False
SMNA,RS,two-sided,11,1,0.0,0.5,-1.369612653350912,0.2007759587272383,0.7214623072434131,False,,False,0.953125,False
SMNA,RS,two-sided,11,2,0.5,1.0,-1.294331907530612,0.2246410820880682,0.7214623072434131,False,,False,0.96875,False
SMNA,RS,two-sided,11,3,1.0,1.5,-0.8744374241898977,0.402392684997593,0.7214623072434131,False,,False,1.0,False
SMNA,RS,two-sided,11,4,1.5,2.0,-0.751064296431607,0.4699192703195098,0.7214623072434131,False,,False,1.0,False
SMNA,RS,two-sided,11,5,2.0,2.5,-1.021470877083573,0.3311070349213875,0.7214623072434131,False,,False,0.970703125,False
SMNA,RS,two-sided,11,6,2.5,3.0,-1.5599775282950252,0.1498257309681493,0.7214623072434131,False,,False,0.888671875,False
SMNA,RS,two-sided,11,7,3.0,3.5,-1.0561960496756286,0.315726906932767,0.7214623072434131,False,,False,0.970703125,False
SMNA,RS,two-sided,11,8,3.5,4.0,-0.478606279772699,0.6425108938549793,0.7990771136426486,False,,False,1.0,False
SMNA,RS,two-sided,11,9,4.0,4.5,0.1443790869255581,0.8880694276103406,0.9365581600044782,False,,False,1.0,False
SMNA,RS,two-sided,11,10,4.5,5.0,-0.731994670465691,0.4809748714956087,0.7214623072434131,False,,False,1.0,False
SMNA,RS,two-sided,11,11,5.0,5.5,0.8277222788653634,0.4271393041646995,0.7214623072434131,False,,False,1.0,False
SMNA,RS,two-sided,11,12,5.5,6.0,0.8869467333538001,0.3959376057796728,0.7214623072434131,False,,False,1.0,False
SMNA,RS,two-sided,11,13,6.0,6.5,-0.4448562884556744,0.6658975947022072,0.7990771136426486,False,,False,1.0,False
SMNA,RS,two-sided,11,14,6.5,7.0,-0.8414336853380763,0.4197713287136962,0.7214623072434131,False,,False,1.0,False
SMNA,RS,two-sided,11,15,7.0,7.5,0.6078513463685163,0.5568378136620736,0.7710062035321019,False,,False,1.0,False
SMNA,RS,two-sided,11,16,7.5,8.0,-0.286283724278427,0.7805040650920979,0.8780670732286101,False,,False,1.0,False
SMNA,RS,two-sided,11,17,8.0,8.5,1.203106567704279,0.2566448121347807,0.7214623072434131,False,,False,0.96875,False
SMNA,RS,two-sided,11,18,8.5,9.0,-0.0816216295768272,0.9365581600044782,0.9365581600044782,False,,False,1.0,False
RVT,DMT,greater,12,1,0.0,0.5,0.799527700821161,0.2204540619162706,0.3052440857302208,False,,False,0.726806640625,False
RVT,DMT,greater,12,2,0.5,1.0,-0.2779610569808767,0.6069013313637486,0.6069013313637486,False,,False,1.0,False
RVT,DMT,greater,12,3,1.0,1.5,2.223175223777217,0.0240487255239026,0.0541096324287809,False,0.01123046875,True,0.1689453125,False
RVT,DMT,greater,12,4,1.5,2.0,2.998225358702733,0.0060591079139084,0.0445335122234725,True,0.01123046875,True,0.06591796875,False
RVT,DMT,greater,12,5,2.0,2.5,2.3910272443574625,0.0178981486377463,0.0488568041093001,True,0.01123046875,True,0.152587890625,False
RVT,DMT,greater,12,6,2.5,3.0,2.3572228626738934,0.0189998682647278,0.0488568041093001,True,0.01123046875,True,0.152587890625,False
RVT,DMT,greater,12,7,3.0,3.5,2.884753910275788,0.0074222520372454,0.0445335122234725,True,0.01123046875,True,0.077880859375,False
RVT,DMT,greater,12,8,3.5,4.0,2.686936215651164,0.0105722824230997,0.0475752709039487,True,0.01123046875,True,0.10498046875,False
RVT,DMT,greater,12,9,4.0,4.5,2.416521577208928,0.0171085187884993,0.0488568041093001,True,0.01123046875,True,0.13427734375,False
RVT,DMT,greater,12,10,4.5,5.0,3.48430475293765,0.0025547776740987,0.0445335122234725,True,0.01123046875,True,0.0322265625,True
RVT,DMT,greater,12,11,5.0,5.5,1.724930826263762,0.0562432497127183,0.1124864994254366,False,,False,0.312744140625,False
RVT,DMT,greater,12,12,5.5,6.0,1.5678131929774437,0.0726112924874273,0.1307003264773692,False,,False,0.382568359375,False
RVT,DMT,greater,12,13,6.0,6.5,0.7337815012969431,0.2392152219954478,0.3075624282798615,False,,False,0.726806640625,False
RVT,DMT,greater,12,14,6.5,7.0,0.3686336556978902,0.3596986437522108,0.431638372502653,False,,False,0.862060546875,False
RVT,DMT,greater,12,15,7.0,7.5,1.033261474433407,0.161832109168507,0.2427481637527605,False,,False,0.5947265625,False
RVT,DMT,greater,12,16,7.5,8.0,1.1449294008809312,0.1382694880282125,0.2262591622279841,False,,False,0.549560546875,False
RVT,DMT,greater,12,17,8.0,8.5,0.2802159574602933,0.3922557333831628,0.4412877000560581,False,,False,0.890869140625,False
RVT,DMT,greater,12,18,8.5,9.0,0.0866064061376301,0.4662703846021264,0.4936980542846045,False,,False,1.0,False
RVT,RS,two-sided,12,1,0.0,0.5,-0.9541679118598788,0.3604968560810112,0.7731368416844713,False,,False,0.97900390625,False
RVT,RS,two-sided,12,2,0.5,1.0,-0.180347851461679,0.8601591001087743,0.9735775527023928,False,,False,1.0,False
RVT,RS,two-sided,12,3,1.0,1.5,-0.188208162003869,0.854140578858321,0.9735775527023928,False,,False,1.0,False
RVT,RS,two-sided,12,4,1.5,2.0,0.6623924134194634,0.5213562513951405,0.9384412525112528,False,,False,1.0,False
RVT,RS,two-sided,12,5,2.0,2.5,-0.1735100495851489,0.8654022690687937,0.9735775527023928,False,,False,1.0,False
RVT,RS,two-sided,12,6,2.5,3.0,0.9556667843578204,0.359771877867315,0.7731368416844713,False,,False,0.97900390625,False
RVT,RS,two-sided,12,7,3.0,3.5,1.0030897968113368,0.3373730834780478,0.7731368416844713,False,,False,0.94873046875,False
RVT,RS,two-sided,12,8,3.5,4.0,1.0588179247464933,0.3123797710481593,0.7731368416844713,False,,False,0.94873046875,False
RVT,RS,two-sided,12,9,4.0,4.5,1.1188294571798707,0.2870501200952218,0.7731368416844713,False,,False,0.91357421875,False
RVT,RS,two-sided,12,10,4.5,5.0,1.0374524471184976,0.3217931630667158,0.7731368416844713,False,,False,0.94873046875,False
RVT,RS,two-sided,12,11,5.0,5.5,0.901632216441962,0.3865684208422356,0.7731368416844713,False,,False,0.97900390625,False
RVT,RS,two-sided,12,12,5.5,6.0,0.3702459520506177,0.7182294157948574,0.9735775527023928,False,,False,1.0,False
RVT,RS,two-sided,12,13,6.0,6.5,0.97485976226223,0.3505809132124556,0.7731368416844713,False,,False,0.97900390625,False
RVT,RS,two-sided,12,14,6.5,7.0,1.072033793971257,0.3066614448918876,0.7731368416844713,False,,False,0.94873046875,False
RVT,RS,two-sided,12,15,7.0,7.5,0.0390270589993223,0.9695681208476892,0.983694270590571,False,,False,1.0,False
RVT,RS,two-sided,12,16,7.5,8.0,0.0209069917566146,0.983694270590571,0.983694270590571,False,,False,1.0,False
RVT,RS,two-sided,12,17,8.0,8.5,-0.4530085218517863,0.6593476660120905,0.9735775527023928,False,,False,1.0,False
RVT,RS,two-sided,12,18,8.5,9.0,0.4855219822279752,0.6368321564608576,0.9735775527023928,False,,False,1.0,False
Arousal,DMT,greater,7,1,0.0,0.5,1.3393502572982607,0.1144795015073508,0.1212135898313126,False,,False,0.4375,False
Arousal,DMT,greater,7,2,0.5,1.0,-0.073532929617967,0.5281139085211946,0.5281139085211946,False,,False,1.0,False
Arousal,DMT,greater,7,3,1.0,1.5,1.7220416939553946,0.067920340174189,0.0764103826959626,False,,False,0.28125,False
Arousal,DMT,greater,7,4,1.5,2.0,1.837873867191904,0.0578593062942243,0.0694311675530692,False,,False,0.265625,False
Arousal,DMT,greater,7,5,2.0,2.5,2.557766358821513,0.0215189743310355,0.0322784614965532,True,0.015625,True,0.125,False
Arousal,DMT,greater,7,6,2.5,3.0,5.752998549182275,0.0006005869583919,0.005284468810956,True,0.015625,True,0.0234375,True
Arousal,DMT,greater,7,7,3.0,3.5,2.121784761133461,0.0390453119676574,0.0502011153869881,False,0.015625,True,0.1796875,False
Arousal,DMT,greater,7,8,3.5,4.0,3.3317870582824707,0.0078858302332189,0.0164002829014722,True,0.015625,True,0.078125,False
Arousal,DMT,greater,7,9,4.0,4.5,3.2162704976084524,0.0091112682785956,0.0164002829014722,True,0.015625,True,0.0859375,False
Arousal,DMT,greater,7,10,4.5,5.0,6.577513528147206,0.0002962111981811,0.005284468810956,True,0.015625,True,0.0234375,True
Arousal,DMT,greater,7,11,5.0,5.5,2.869225789044119,0.0142279518276662,0.0232821029907265,True,0.015625,True,0.109375,False
Arousal,DMT,greater,7,12,5.5,6.0,3.7083750218132994,0.0049943972239001,0.0149831916717004,True,0.015625,True,0.046875,True
Arousal,DMT,greater,7,13,6.0,6.5,3.301993829624316,0.0081835760820901,0.0164002829014722,True,0.015625,True,0.078125,False
Arousal,DMT,greater,7,14,6.5,7.0,2.358930958071546,0.0281831672599487,0.0390228469753136,True,0.015625,True,0.15625,False
Arousal,DMT,greater,7,15,7.0,7.5,3.2220012087411782,0.0090457851000719,0.0164002829014722,True,0.015625,True,0.0859375,False
Arousal,DMT,greater,7,16,7.5,8.0,3.809316073146616,0.0044353324757737,0.0149831916717004,True,0.015625,True,0.046875,True
Arousal,DMT,greater,7,17,8.0,8.5,5.33987802145782,0.000880744801826,0.005284468810956,True,0.015625,True,0.0234375,True
Arousal,DMT,greater,7,18,8.5,9.0,4.766914987458278,0.0015521239101925,0.0069845575958664,True,0.015625,True,0.03125,True
Arousal,RS,two-sided,7,1,0.0,0.5,-0.3519651715564153,0.7368963043745569,0.934392574914638,False,,False,1.0,False
Arousal,RS,two-sided,7,2,0.5,1.0,-0.2446277574935184,0.8148958261327107,0.934392574914638,False,,False,1.0,False
Arousal,RS,two-sided,7,3,1.0,1.5,0.7271953003604543,0.4944905489870815,0.7449324314651306,False,,False,0.984375,False
Arousal,RS,two-sided,7,4,1.5,2.0,-0.0283592020054457,0.9782954020918402,0.9988810440561706,False,,False,1.0,False
Arousal,RS,two-sided,7,5,2.0,2.5,0.4693738814421703,0.6553739626841792,0.9074408714088636,False,,False,1.0,False
Arousal,RS,two-sided,7,6,2.5,3.0,1.2962057705836525,0.2425264433220985,0.7253696706529253,False,,False,0.75,False
Arousal,RS,two-sided,7,7,3.0,3.5,0.9849500978890274,0.3626848353264627,0.7253696706529253,False,,False,0.9375,False
Arousal,RS,two-sided,7,8,3.5,4.0,1.405469589345928,0.2094899079822305,0.7253696706529253,False,,False,0.671875,False
Arousal,RS,two-sided,7,9,4.0,4.5,1.0813099282082204,0.3210927207767485,0.7253696706529253,False,,False,0.875,False
Arousal,RS,two-sided,7,10,4.5,5.0,-0.0014617985311291,0.9988810440561706,0.9988810440561706,False,,False,1.0,False
Arousal,RS,two-sided,7,11,5.0,5.5,1.224673876941344,0.266594590957488,0.7253696706529253,False,,False,0.75,False
Arousal,RS,two-sided,7,12,5.5,6.0,1.0260163555329438,0.3444576297567035,0.7253696706529253,False,,False,0.875,False
Arousal,RS,two-sided,7,13,6.0,6.5,1.0086170284999247,0.3520885920283753,0.7253696706529253,False,,False,0.875,False
Arousal,RS,two-sided,7,14,6.5,7.0,1.2935763837444476,0.2433759956453957,0.7253696706529253,False,,False,0.75,False
Arousal,RS,two-sided,7,15,7.0,7.5,0.7234590918959207,0.4966216209767537,0.7449324314651306,False,,False,0.984375,False
Arousal,RS,two-sided,7,16,7.5,8.0,1.1610398872146084,0.2897250945921033,0.7253696706529253,False,,False,0.796875,False
Arousal,RS,two-sided,7,17,8.0,8.5,0.7360286248257736,0.4894768335826475,0.7449324314651306,False,,False,0.984375,False
Arousal,RS,two-sided,7,18,8.5,9.0,0.2234872274135254,0.8305711777019006,0.934392574914638,False,,False,1.0,False
HR,DMT_extended,greater,11,1,0.0,0.5,0.329272881624331,0.3743710550412923,0.3951694469880308,False,,False,0.916015625,False
HR,DMT_extended,greater,11,2,0.5,1.0,0.3745985022025164,0.3578903054796559,0.3923156642781913,False,,False,0.916015625,False
HR,DMT_extended,greater,11,3,1.0,1.5,-0.1796209479779737,0.5694811909340209,0.5694811909340209,False,,False,1.0,False
HR,DMT_extended,greater,11,4,1.5,2.0,1.8589387206205148,0.0463381420169466,0.1081273142308222,False,0.0068359375,True,0.34716796875,False
HR,DMT_extended,greater,11,5,2.0,2.5,2.11482657711003,0.0302742513769602,0.0821729680231777,False,0.0068359375,True,0.25,False
HR,DMT_extended,greater,11,6,2.5,3.0,4.906262857152142,0.0003086682116765,0.0058646960218542,True,0.0068359375,True,0.00927734375,True
HR,DMT_extended,greater,11,7,3.0,3.5,1.978721561066048,0.0380170667758579,0.0963099024988401,False,0.0068359375,True,0.3115234375,False
HR,DMT_extended,greater,11,8,3.5,4.0,3.253424646956806,0.0043350419469872,0.0149755994532288,True,0.0068359375,True,0.0703125,False
HR,DMT_extended,greater,11,9,4.0,4.5,4.319261645814713,0.0007574373657079,0.0071107460248166,True,0.0068359375,True,0.02099609375,True
HR,DMT_extended,greater,11,10,4.5,5.0,5.850730569427781,8.072475101034791e-05,0.0030675405383932,True,0.0068359375,True,0.00634765625,True
HR,DMT_extended,greater,11,11,5.0,5.5,3.700411714620274,0.0020528539519571,0.0097510562717963,True,0.0068359375,True,0.03759765625,True
HR,DMT_extended,greater,11,12,5.5,6.0,4.16047072651138,0.0009736365837532,0.0071107460248166,True,0.0068359375,True,0.0263671875,True
HR,DMT_extended,greater,11,13,6.0,6.5,4.071293756371504,0.0011227493723394,0.0071107460248166,True,0.0068359375,True,0.02978515625,True
HR,DMT_extended,greater,11,14,6.5,7.0,3.401832715819596,0.0033751272508793,0.0134345451262901,True,0.0068359375,True,0.05615234375,False
HR,DMT_extended,greater,11,15,7.0,7.5,3.3742384732897563,0.0035354066121816,0.0134345451262901,True,0.0068359375,True,0.0625,False
HR,DMT_extended,greater,11,16,7.5,8.0,3.829126408599671,0.0016618008846041,0.0090212048021368,True,0.0068359375,True,0.03564453125,True
HR,DMT_extended,greater,11,17,8.0,8.5,4.559140917391988,0.0005217611316716,0.0066089743345073,True,0.0068359375,True,0.015625,True
HR,DMT_extended,greater,11,18,8.5,9.0,2.649527005291965,0.0121664015777077,0.0385269383294078,True,0.0068359375,True,0.13818359375,False
HR,DMT_extended,greater,11,19,9.0,9.5,1.7786662570457592,0.052827835479146,0.1110717955543052,False,,False,0.37939453125,False
HR,DMT_extended,greater,11,20,9.5,10.0,2.1742096931692987,0.0273894751060217,0.080061542617602,False,0.2490234375,False,0.25,False
HR,DMT_extended,greater,11,21,10.0,10.5,1.6830970897949835,0.0616327096864951,0.1171021484043407,False,,False,0.4140625,False
HR,DMT_extended,greater,11,22,10.5,11.0,1.5366284172406663,0.077699411616095,0.1283729409309395,False,,False,0.46142578125,False
HR,DMT_extended,greater,11,23,11.0,11.5,0.7916597406987602,0.2234652859836541,0.2655561442273992,False,,False,0.8017578125,False
HR,DMT_extended,greater,11,24,11.5,12.0,1.611350496190609,0.0690900770206347,0.1250201393706724,False,,False,0.4140625,False
HR,DMT_extended,greater,11,25,12.0,12.5,1.747820493623756,0.0555358977771526,0.1110717955543052,False,,False,0.37939453125,False
HR,DMT_extended,greater,11,26,12.5,13.0,1.8327132846948584,0.0483727458401047,0.1081273142308222,False,0.33642578125,False,0.34716796875,False
HR,DMT_extended,greater,11,27,13.0,13.5,1.5040662439321868,0.0817368589663149,0.129416693363332,False,,False,0.46142578125,False
HR,DMT_extended,greater,11,28,13.5,14.0,1.569079175007359,0.07385069774272,0.1275602961010618,False,,False,0.46142578125,False
HR,DMT_extended,greater,11,29,14.0,14.5,1.1198748445443012,0.1444714245228885,0.2111505435334524,False,,False,0.6337890625,False
HR,DMT_extended,greater,11,30,14.5,15.0,1.014324901230635,0.1671702675729448,0.2177708218552476,False,,False,0.6826171875,False
HR,DMT_extended,greater,11,31,15.0,15.5,1.3681768466537998,0.1006052036779778,0.1529199095905263,False,,False,0.5556640625,False
HR,DMT_extended,greater,11,32,15.5,16.0,0.680800259625123,0.2557265981720431,0.2944730524405345,False,,False,0.83642578125,False
HR,DMT_extended,greater,11,33,16.0,16.5,1.060900019384869,0.1568428751055216,0.2177708218552476,False,,False,0.6826171875,False
HR,DMT_extended,greater,11,34,16.5,17.0,0.2064528370682024,0.4202900247382233,0.4316492145960131,False,,False,0.93701171875,False
HR,DMT_extended,greater,11,35,17.0,17.5,0.7910820577148323,0.2236262267178098,0.2655561442273992,False,,False,0.8017578125,False
HR,DMT_extended,greater,11,36,17.5,18.0,0.3650357538826697,0.361343374993071,0.3923156642781913,False,,False,0.916015625,False
HR,DMT_extended,greater,11,37,18.0,18.5,0.9950741442482371,0.1715840916620263,0.2177708218552476,False,,False,0.724609375,False
HR,DMT_extended,greater,11,38,18.5,19.0,0.9936054756290392,0.1719243330436165,0.2177708218552476,False,,False,0.724609375,False
Arousal,DMT_extended,greater,7,1,0.0,0.5,1.280427893664692,0.1238319867091184,0.1307115415262917,False,,False,0.5234375,False
Arousal,DMT_extended,greater,7,2,0.5,1.0,-0.1414468243446874,0.553926673135143,0.553926673135143,False,,False,1.0,False
Arousal,DMT_extended,greater,7,3,1.0,1.5,1.3092577373254946,0.119174133272642,0.1293890589817257,False,,False,0.5,False
Arousal,DMT_extended,greater,7,4,1.5,2.0,1.9958498653990504,0.0464796877374419,0.0588742711340931,False,0.0234375,True,0.28125,False
Arousal,DMT_extended,greater,7,5,2.0,2.5,2.557889396416636,0.0215154088306843,0.0314455975217694,True,0.0234375,True,0.15625,False
Arousal,DMT_extended,greater,7,6,2.5,3.0,6.666485018202546,0.0002756067834383,0.0036663289299926,True,0.0234375,True,0.0234375,True
Arousal,DMT_extended,greater,7,7,3.0,3.5,1.9671745360854187,0.0483641634305716,0.0592851035600556,False,0.0234375,True,0.28125,False
Arousal,DMT_extended,greater,7,8,3.5,4.0,3.071260760389386,0.0109533309371829,0.0208113287806476,True,0.0234375,True,0.109375,False
Arousal,DMT_extended,greater,7,9,4.0,4.5,3.071754121906153,0.0109464142200576,0.0208113287806476,True,0.0234375,True,0.109375,False
Arousal,DMT_extended,greater,7,10,4.5,5.0,6.2589586004551645,0.0003859293610518,0.0036663289299926,True,0.0234375,True,0.0234375,True
Arousal,DMT_extended,greater,7,11,5.0,5.5,2.8764672947783594,0.0140938120745548,0.0243438572196856,True,0.0234375,True,0.109375,False
Arousal,DMT_extended,greater,7,12,5.5,6.0,3.690698581795388,0.0051001361778318,0.0149080903659699,True,0.0234375,True,0.0546875,False
Arousal,DMT_extended,greater,7,13,6.0,6.5,3.249752342322303,0.0087358839413498,0.0207477243607058,True,0.0234375,True,0.09375,False
Arousal,DMT_extended,greater,7,14,6.5,7.0,2.346693517884764,0.0286584629549371,0.0403341330476893,True,0.0234375,True,0.171875,False
Arousal,DMT_extended,greater,7,15,7.0,7.5,3.099161896819905,0.0105695364642372,0.0208113287806476,True,0.0234375,True,0.109375,False
Arousal,DMT_extended,greater,7,16,7.5,8.0,3.845582698511121,0.0042517624002597,0.0134639142674893,True,0.0234375,True,0.046875,True
Arousal,DMT_extended,greater,7,17,8.0,8.5,5.696536839188466,0.0006320931794104,0.0048039081635192,True,0.0234375,True,0.03125,True
Arousal,DMT_extended,greater,7,18,8.5,9.0,4.546517972515594,0.0019531000643839,0.0082977551513478,True,0.0234375,True,0.0390625,True
Arousal,DMT_extended,greater,7,19,9.0,9.5,2.7283772440104337,0.0171298491777123,0.0283014899457856,True,0.0234375,True,0.109375,False
Arousal,DMT_extended,greater,7,20,9.5,10.0,3.0802045318933144,0.010828677989488,0.0208113287806476,True,0.0234375,True,0.109375,False
Arousal,DMT_extended,greater,7,21,10.0,10.5,1.7783529005669216,0.0628314105749416,0.0746123000577431,False,,False,0.3203125,False
Arousal,DMT_extended,greater,7,22,10.5,11.0,2.185814478268472,0.0357430042956639,0.0468356608012148,True,0.0234375,True,0.21875,False
Arousal,DMT_extended,greater,7,23,11.0,11.5,2.233962820757982,0.0334501141654338,0.0453965835102316,True,0.0234375,True,0.2109375,False
Arousal,DMT_extended,greater,7,24,11.5,12.0,9.49303519486087,3.8931522497395865e-05,0.001479397854901,True,0.0234375,True,0.015625,True
Arousal,DMT_extended,greater,7,25,12.0,12.5,4.943489022097932,0.001297415606969,0.0079820903301205,True,0.0234375,True,0.0390625,True
Arousal,DMT_extended,greater,7,26,12.5,13.0,2.650869434706251,0.0189922296798592,0.0300710303264437,True,0.0234375,True,0.140625,False
Arousal,DMT_extended,greater,7,27,13.0,13.5,2.5967911893398705,0.0204188957625361,0.0310367215590549,True,0.0234375,True,0.15625,False
Arousal,DMT_extended,greater,7,28,13.5,14.0,3.8798130781093154,0.0040862320245396,0.0134639142674893,True,0.0234375,True,0.046875,True
Arousal,DMT_extended,greater,7,29,14.0,14.5,2.953294827054441,0.0127518569393211,0.023074788747343,True,0.0234375,True,0.109375,False
Arousal,DMT_extended,greater,7,30,14.5,15.0,1.725190010469624,0.0676255005576915,0.0778717885209781,False,,False,0.3203125,False
Arousal,DMT_extended,greater,7,31,15.0,15.5,1.6728310470748944,0.0726943596047706,0.0812466372053319,False,,False,0.3671875,False
Arousal,DMT_extended,greater,7,32,15.5,16.0,0.5948873463561695,0.2868265999649232,0.2945786702342454,False,,False,0.8125,False
Arousal,DMT_extended,greater,7,33,16.0,16.5,6.552734568034573,0.0003022605296344,0.0036663289299926,True,0.0234375,True,0.0234375,True
Arousal,DMT_extended,greater,7,34,16.5,17.0,3.2547373772706574,0.0086814569291694,0.0207477243607058,True,0.0234375,True,0.09375,False
Arousal,DMT_extended,greater,7,35,17.0,17.5,4.540656117172813,0.0019652577990034,0.0082977551513478,True,0.0234375,True,0.0390625,True
Arousal,DMT_extended,greater,7,36,17.5,18.0,4.819767970245997,0.0014703850608116,0.0079820903301205,True,0.0234375,True,0.0390625,True
Arousal,DMT_extended,greater,7,37,18.0,18.5,4.01108056928977,0.0035148771280827,0.0133565330867146,True,0.0234375,True,0.0390625,True
Arousal,DMT_extended,greater,7,38,18.5,19.0,3.6005849428867926,0.0056792642046355,0.0154151456982965,True,0.0234375,True,0.0546875,False
