subject,session,window,State,Dose,AUC,Scale,window_c
S04,session1,1,DMT,High,0.782128271525874,z,-18.5
S04,session2,1,DMT,Low,1.0155701742032173,z,-18.5
S04,session1,2,DMT,High,0.8521964455214783,z,-17.5
S04,session2,2,DMT,Low,0.1560149327978252,z,-17.5
S04,session1,3,DMT,High,1.090391544445032,z,-16.5
S04,session2,3,DMT,Low,0.3184561779045382,z,-16.5
S04,session1,4,DMT,High,2.822089751768135,z,-15.5
S04,session2,4,DMT,Low,0.17096775891235,z,-15.5
S04,session1,5,DMT,High,2.318972609149817,z,-14.5
S04,session2,5,DMT,Low,0.3539977505326255,z,-14.5
S04,session1,6,DMT,High,3.6564160445688993,z,-13.5
S04,session2,6,DMT,Low,0.1086134202604689,z,-13.5
S04,session1,7,DMT,High,4.467868803607631,z,-12.5
S04,session2,7,DMT,Low,0.1818666179386675,z,-12.5
S04,session1,8,DMT,High,2.428345758464848,z,-11.5
S04,session2,8,DMT,Low,-0.0051413923669512,z,-11.5
S04,session1,9,DMT,High,0.6705444716314973,z,-10.5
S04,session2,9,DMT,Low,-0.3496237641212263,z,-10.5
S04,session1,10,DMT,High,1.2413328647087591,z,-9.5
S04,session2,10,DMT,Low,-0.6199169652930548,z,-9.5
S04,session1,11,DMT,High,0.8768372114972861,z,-8.5
S04,session2,11,DMT,Low,-0.3592277664437833,z,-8.5
S04,session1,12,DMT,High,-0.2269169803534776,z,-7.5
S04,session2,12,DMT,Low,-0.652467265436181,z,-7.5
S04,session1,13,DMT,High,0.7161517877271003,z,-6.5
S04,session2,13,DMT,Low,-0.6491816015110865,z,-6.5
S04,session1,14,DMT,High,7.720347591646817e-05,z,-5.5
S04,session2,14,DMT,Low,-0.2998648140430898,z,-5.5
S04,session1,15,DMT,High,0.0324471285580961,z,-4.5
S04,session2,15,DMT,Low,-0.4948818970955866,z,-4.5
S04,session1,16,DMT,High,-0.1190813366319135,z,-3.5
S04,session2,16,DMT,Low,-0.5266258391889782,z,-3.5
S04,session1,17,DMT,High,-0.2634045154713036,z,-2.5
S04,session2,17,DMT,Low,-0.5978128112187642,z,-2.5
S04,session1,18,DMT,High,-0.0720312318858732,z,-1.5
S04,session2,18,DMT,Low,-0.5647676819253321,z,-1.5
S04,session1,19,DMT,High,-0.1620054335147283,z,-0.5
S04,session2,19,DMT,Low,-0.7281703281665753,z,-0.5
S04,session1,20,DMT,High,0.0437930127211343,z,0.5
S04,session2,20,DMT,Low,-0.7290571574811618,z,0.5
S04,session1,21,DMT,High,0.3730507814475368,z,1.5
S04,session2,21,DMT,Low,-0.7459015809207352,z,1.5
S04,session1,22,DMT,High,-0.4338427732951994,z,2.5
S04,session2,22,DMT,Low,-0.1090695293014651,z,2.5
S04,session1,23,DMT,High,-0.0044125377664458,z,3.5
S04,session2,23,DMT,Low,-0.6865581620522893,z,3.5
S04,session1,24,DMT,High,-0.0260272271333467,z,4.5
S04,session2,24,DMT,Low,-0.7065385445519136,z,4.5
S04,session1,25,DMT,High,-0.2357339332958399,z,5.5
S04,session2,25,DMT,Low,-0.715494199883823,z,5.5
S04,session1,26,DMT,High,-0.1600632076424555,z,6.5
S04,session2,26,DMT,Low,-0.7393221502193634,z,6.5
S04,session1,27,DMT,High,-0.5676304992970821,z,7.5
S04,session2,27,DMT,Low,-0.7295466634701883,z,7.5
S04,session1,28,DMT,High,-0.3719683548666554,z,8.5
S04,session2,28,DMT,Low,-0.6505844457755852,z,8.5
S04,session1,29,DMT,High,-0.1811859109129101,z,9.5
S04,session2,29,DMT,Low,-0.6893985556819907,z,9.5
S04,session1,30,DMT,High,-0.6736283454137083,z,10.5
S04,session2,30,DMT,Low,-0.7368380138525578,z,10.5
S04,session1,31,DMT,High,-0.4668537500317477,z,11.5
S04,session2,31,DMT,Low,-0.7502008250084136,z,11.5
S04,session1,32,DMT,High,-0.6101710467730468,z,12.5
S04,session2,32,DMT,Low,-0.7466528557986315,z,12.5
S04,session1,33,DMT,High,-0.5037581409462459,z,13.5
S04,session2,33,DMT,Low,-0.7397372850378533,z,13.5
S04,session1,34,DMT,High,-0.1788860297143826,z,14.5
S04,session2,34,DMT,Low,-0.712135458289239,z,14.5
S04,session1,35,DMT,High,0.0643860889605904,z,15.5
S04,session2,35,DMT,Low,-0.7435958769268527,z,15.5
S04,session1,36,DMT,High,-0.1187558677208987,z,16.5
S04,session2,36,DMT,Low,-0.74707557946791,z,16.5
S04,session1,37,DMT,High,-0.0665706974897954,z,17.5
S04,session2,37,DMT,Low,-0.7493606825590183,z,17.5
S04,session1,38,DMT,High,-0.3209933742726784,z,18.5
S04,session2,38,DMT,Low,-0.7038457248099875,z,18.5
S05,session1,1,DMT,High,-0.303556776714261,z,-18.5
S05,session2,1,DMT,Low,-0.3197152122039176,z,-18.5
S05,session1,2,DMT,High,1.704757322072336,z,-17.5
S05,session2,2,DMT,Low,0.2738307286007743,z,-17.5
S05,session1,3,DMT,High,1.500210380255973,z,-16.5
S05,session2,3,DMT,Low,1.239229792593203,z,-16.5
S05,session1,4,DMT,High,0.7091432410087922,z,-15.5
S05,session2,4,DMT,Low,-0.2847019843624851,z,-15.5
S05,session1,5,DMT,High,0.3970698650609132,z,-14.5
S05,session2,5,DMT,Low,-0.6079903229634087,z,-14.5
S05,session1,6,DMT,High,0.3636685740306399,z,-13.5
S05,session2,6,DMT,Low,-0.4630303422938809,z,-13.5
S05,session1,7,DMT,High,1.6784333254085737,z,-12.5
S05,session2,7,DMT,Low,-0.5311742855051004,z,-12.5
S05,session1,8,DMT,High,0.3677392115521371,z,-11.5
S05,session2,8,DMT,Low,-0.5394371455173603,z,-11.5
S05,session1,9,DMT,High,0.6993788784241997,z,-10.5
S05,session2,9,DMT,Low,-0.5649756879798992,z,-10.5
S05,session1,10,DMT,High,1.3712367378037142,z,-9.5
S05,session2,10,DMT,Low,-0.606412480334753,z,-9.5
S05,session1,11,DMT,High,0.4208955929120963,z,-8.5
S05,session2,11,DMT,Low,-0.5225003458359373,z,-8.5
S05,session1,12,DMT,High,-0.082463782203116,z,-7.5
S05,session2,12,DMT,Low,-0.5458933457581654,z,-7.5
S05,session1,13,DMT,High,-0.2784089233222301,z,-6.5
S05,session2,13,DMT,Low,-0.3695119864364918,z,-6.5
S05,session1,14,DMT,High,-0.3485430017064049,z,-5.5
S05,session2,14,DMT,Low,2.322525738343294,z,-5.5
S05,session1,15,DMT,High,0.0104092405881513,z,-4.5
S05,session2,15,DMT,Low,1.1551799318157416,z,-4.5
S05,session1,16,DMT,High,-0.3457319426475884,z,-3.5
S05,session2,16,DMT,Low,-0.4688297954382986,z,-3.5
S05,session1,17,DMT,High,0.7965016185509252,z,-2.5
S05,session2,17,DMT,Low,-0.440443441383814,z,-2.5
S05,session1,18,DMT,High,-0.5423466018768051,z,-1.5
S05,session2,18,DMT,Low,-0.347316366242206,z,-1.5
S05,session1,19,DMT,High,0.055139536760903,z,-0.5
S05,session2,19,DMT,Low,-0.5255860442020869,z,-0.5
S05,session1,20,DMT,High,5.179640587588956,z,0.5
S05,session2,20,DMT,Low,-0.4287581507006747,z,0.5
S05,session1,21,DMT,High,3.648646219745984,z,1.5
S05,session2,21,DMT,Low,-0.6131837690024652,z,1.5
S05,session1,22,DMT,High,0.766518840279955,z,2.5
S05,session2,22,DMT,Low,-0.603400018421743,z,2.5
S05,session1,23,DMT,High,-0.0286486256649743,z,3.5
S05,session2,23,DMT,Low,-0.5670474254456547,z,3.5
S05,session1,24,DMT,High,-0.4953886771950385,z,4.5
S05,session2,24,DMT,Low,-0.352898895543571,z,4.5
S05,session1,25,DMT,High,-0.1577683604949224,z,5.5
S05,session2,25,DMT,Low,-0.5871430116468492,z,5.5
S05,session1,26,DMT,High,-0.4403155730445945,z,6.5
S05,session2,26,DMT,Low,-0.6323773900620648,z,6.5
S05,session1,27,DMT,High,-0.024717926962589,z,7.5
S05,session2,27,DMT,Low,-0.4574673911841727,z,7.5
S05,session1,28,DMT,High,-0.4598423158969376,z,8.5
S05,session2,28,DMT,Low,-0.5907583327506297,z,8.5
S05,session1,29,DMT,High,-0.5261231995135827,z,9.5
S05,session2,29,DMT,Low,-0.6240907017762111,z,9.5
S05,session1,30,DMT,High,-0.3451517894993919,z,10.5
S05,session2,30,DMT,Low,-0.6074296612650384,z,10.5
S05,session1,31,DMT,High,-0.0611061318350712,z,11.5
S05,session2,31,DMT,Low,0.7764340261070761,z,11.5
S05,session1,32,DMT,High,-0.5190237849787822,z,12.5
S05,session2,32,DMT,Low,-0.5764863281689613,z,12.5
S05,session1,33,DMT,High,-0.3937440136097713,z,13.5
S05,session2,33,DMT,Low,-0.6360955511288103,z,13.5
S05,session1,34,DMT,High,-0.5257638787616975,z,14.5
S05,session2,34,DMT,Low,-0.6191893525917009,z,14.5
S05,session1,35,DMT,High,-0.5766350934032858,z,15.5
S05,session2,35,DMT,Low,-0.6366288330982158,z,15.5
S05,session1,36,DMT,High,-0.6138787588681106,z,16.5
S05,session2,36,DMT,Low,-0.5921792463701324,z,16.5
S05,session1,37,DMT,High,-0.6066542112101416,z,17.5
S05,session2,37,DMT,Low,-0.6445490497140098,z,17.5
S05,session1,38,DMT,High,-0.2796238429667708,z,18.5
S05,session2,38,DMT,Low,-0.5739502817995585,z,18.5
S06,session2,1,DMT,High,0.6484314872262353,z,-18.5
S06,session1,1,DMT,Low,2.3047483013348637,z,-18.5
S06,session2,2,DMT,High,1.025785542941813,z,-17.5
S06,session1,2,DMT,Low,1.4408277836568664,z,-17.5
S06,session2,3,DMT,High,2.397515573252776,z,-16.5
S06,session1,3,DMT,Low,1.3878837101817123,z,-16.5
S06,session2,4,DMT,High,0.6478679834088771,z,-15.5
S06,session1,4,DMT,Low,1.635996641687307,z,-15.5
S06,session2,5,DMT,High,0.5337258755281307,z,-14.5
S06,session1,5,DMT,Low,1.9835039961282903,z,-14.5
S06,session2,6,DMT,High,1.09796488384501,z,-13.5
S06,session1,6,DMT,Low,1.0930469122653363,z,-13.5
S06,session2,7,DMT,High,0.1379926014308763,z,-12.5
S06,session1,7,DMT,Low,2.1114634389011164,z,-12.5
S06,session2,8,DMT,High,0.2425805206474252,z,-11.5
S06,session1,8,DMT,Low,0.2315335121580919,z,-11.5
S06,session2,9,DMT,High,0.5789243878781629,z,-10.5
S06,session1,9,DMT,Low,0.8123408232203896,z,-10.5
S06,session2,10,DMT,High,0.3892170829269397,z,-9.5
S06,session1,10,DMT,Low,-0.2826235235383607,z,-9.5
S06,session2,11,DMT,High,-0.4296998046893904,z,-8.5
S06,session1,11,DMT,Low,0.4342062288213741,z,-8.5
S06,session2,12,DMT,High,-0.1819131092930619,z,-7.5
S06,session1,12,DMT,Low,-0.019227991677181,z,-7.5
S06,session2,13,DMT,High,-0.4313443285925626,z,-6.5
S06,session1,13,DMT,Low,-0.1290970820082559,z,-6.5
S06,session2,14,DMT,High,-0.5064337551511447,z,-5.5
S06,session1,14,DMT,Low,-0.5093525908888007,z,-5.5
S06,session2,15,DMT,High,-0.4261301873175965,z,-4.5
S06,session1,15,DMT,Low,-0.8391012239942103,z,-4.5
S06,session2,16,DMT,High,-0.0856355185462973,z,-3.5
S06,session1,16,DMT,Low,-0.2321338178795179,z,-3.5
S06,session2,17,DMT,High,-0.6077711597242537,z,-2.5
S06,session1,17,DMT,Low,-0.7983757261934115,z,-2.5
S06,session2,18,DMT,High,0.0562086831921972,z,-1.5
S06,session1,18,DMT,Low,-0.736993126387497,z,-1.5
S06,session2,19,DMT,High,-0.6794487855317817,z,-0.5
S06,session1,19,DMT,Low,-0.6041039411427798,z,-0.5
S06,session2,20,DMT,High,-0.5524790088279341,z,0.5
S06,session1,20,DMT,Low,-0.3558009070172824,z,0.5
S06,session2,21,DMT,High,-0.4737390404848932,z,1.5
S06,session1,21,DMT,Low,2.071787010293917,z,1.5
S06,session2,22,DMT,High,-0.3726869499781687,z,2.5
S06,session1,22,DMT,Low,0.632520726262182,z,2.5
S06,session2,23,DMT,High,-0.6892007321309174,z,3.5
S06,session1,23,DMT,Low,-0.5389698726305199,z,3.5
S06,session2,24,DMT,High,-0.445370914828385,z,4.5
S06,session1,24,DMT,Low,-0.5573205840840344,z,4.5
S06,session2,25,DMT,High,-0.9475423893123256,z,5.5
S06,session1,25,DMT,Low,-0.908529787543684,z,5.5
S06,session2,26,DMT,High,-0.8045969473497262,z,6.5
S06,session1,26,DMT,Low,-0.4247434715398784,z,6.5
S06,session2,27,DMT,High,-0.9019976309975074,z,7.5
S06,session1,27,DMT,Low,-0.0627244514712762,z,7.5
S06,session2,28,DMT,High,-0.9692743715321764,z,8.5
S06,session1,28,DMT,Low,-0.7971677522113139,z,8.5
S06,session2,29,DMT,High,-0.5895697521034513,z,9.5
S06,session1,29,DMT,Low,0.339743827855356,z,9.5
S06,session2,30,DMT,High,-0.8791739894352778,z,10.5
S06,session1,30,DMT,Low,0.5343749924504198,z,10.5
S06,session2,31,DMT,High,-0.2954328940730192,z,11.5
S06,session1,31,DMT,Low,1.3307688232652348,z,11.5
S06,session2,32,DMT,High,-0.7100647450749386,z,12.5
S06,session1,32,DMT,Low,3.737836513875519,z,12.5
S06,session2,33,DMT,High,-0.5653400292731603,z,13.5
S06,session1,33,DMT,Low,-0.9655720212527308,z,13.5
S06,session2,34,DMT,High,-0.9814201986299368,z,14.5
S06,session1,34,DMT,Low,-0.4460469061075818,z,14.5
S06,session2,35,DMT,High,-1.021886257989169,z,15.5
S06,session1,35,DMT,Low,-0.9937810543252223,z,15.5
S06,session2,36,DMT,High,-1.0025793014109123,z,16.5
S06,session1,36,DMT,Low,-0.6038117506065098,z,16.5
S06,session2,37,DMT,High,-1.0488884261382123,z,17.5
S06,session1,37,DMT,Low,-0.699205847037512,z,17.5
S06,session2,38,DMT,High,-0.9432797853782152,z,18.5
S06,session1,38,DMT,Low,-0.7912144213044439,z,18.5
S07,session2,1,DMT,High,1.584321764036197,z,-18.5
S07,session1,1,DMT,Low,-0.4114074983949397,z,-18.5
S07,session2,2,DMT,High,4.55771080941869,z,-17.5
S07,session1,2,DMT,Low,1.5374125099665532,z,-17.5
S07,session2,3,DMT,High,2.0733972264959424,z,-16.5
S07,session1,3,DMT,Low,0.172446431564976,z,-16.5
S07,session2,4,DMT,High,-0.2175588061407194,z,-15.5
S07,session1,4,DMT,Low,2.127444203916241,z,-15.5
S07,session2,5,DMT,High,0.3173429309860893,z,-14.5
S07,session1,5,DMT,Low,0.3733553538146885,z,-14.5
S07,session2,6,DMT,High,-0.0003053490613727,z,-13.5
S07,session1,6,DMT,Low,0.0078759271249429,z,-13.5
S07,session2,7,DMT,High,-0.0506865834122725,z,-12.5
S07,session1,7,DMT,Low,0.3783233573557482,z,-12.5
S07,session2,8,DMT,High,0.7576146208049781,z,-11.5
S07,session1,8,DMT,Low,-0.5283810406250303,z,-11.5
S07,session2,9,DMT,High,1.6676446719446332,z,-10.5
S07,session1,9,DMT,Low,-0.3800979130134315,z,-10.5
S07,session2,10,DMT,High,1.643454807719241,z,-9.5
S07,session1,10,DMT,Low,0.3649004485038073,z,-9.5
S07,session2,11,DMT,High,-0.2254688053511183,z,-8.5
S07,session1,11,DMT,Low,-0.0691083688257565,z,-8.5
S07,session2,12,DMT,High,-0.4547573458640129,z,-7.5
S07,session1,12,DMT,Low,-0.5018064014272732,z,-7.5
S07,session2,13,DMT,High,0.5227389091274314,z,-6.5
S07,session1,13,DMT,Low,0.094860569058852,z,-6.5
S07,session2,14,DMT,High,-0.4142772749702334,z,-5.5
S07,session1,14,DMT,Low,-0.53114702044912,z,-5.5
S07,session2,15,DMT,High,-0.4632810628919745,z,-4.5
S07,session1,15,DMT,Low,-0.6304024980601031,z,-4.5
S07,session2,16,DMT,High,0.5508901963802523,z,-3.5
S07,session1,16,DMT,Low,-0.5057857345064564,z,-3.5
S07,session2,17,DMT,High,-0.3554020428177659,z,-2.5
S07,session1,17,DMT,Low,-0.5053436502255658,z,-2.5
S07,session2,18,DMT,High,-0.208165548635986,z,-1.5
S07,session1,18,DMT,Low,-0.6585726289004418,z,-1.5
S07,session2,19,DMT,High,0.1702748178862614,z,-0.5
S07,session1,19,DMT,Low,-0.465027757291753,z,-0.5
S07,session2,20,DMT,High,-0.5006667078791921,z,0.5
S07,session1,20,DMT,Low,-0.552938373391024,z,0.5
S07,session2,21,DMT,High,-0.6617505670348762,z,1.5
S07,session1,21,DMT,Low,-0.4931249700279636,z,1.5
S07,session2,22,DMT,High,0.0699071491589484,z,2.5
S07,session1,22,DMT,Low,-0.3844283806932403,z,2.5
S07,session2,23,DMT,High,4.060726794599732,z,3.5
S07,session1,23,DMT,Low,-0.5074959091270566,z,3.5
S07,session2,24,DMT,High,0.1425370051079936,z,4.5
S07,session1,24,DMT,Low,-0.6363560648004164,z,4.5
S07,session2,25,DMT,High,-0.4209374617658573,z,5.5
S07,session1,25,DMT,Low,-0.5569836226782874,z,5.5
S07,session2,26,DMT,High,0.0121392786870178,z,6.5
S07,session1,26,DMT,Low,-0.6372985241219254,z,6.5
S07,session2,27,DMT,High,0.4101212952367536,z,7.5
S07,session1,27,DMT,Low,-0.670548651922177,z,7.5
S07,session2,28,DMT,High,-0.6020504429352851,z,8.5
S07,session1,28,DMT,Low,-0.6054613103757026,z,8.5
S07,session2,29,DMT,High,-0.6252194000273835,z,9.5
S07,session1,29,DMT,Low,-0.6244395412092743,z,9.5
S07,session2,30,DMT,High,-0.5829665741024551,z,10.5
S07,session1,30,DMT,Low,0.1956237779825262,z,10.5
S07,session2,31,DMT,High,-0.6515338821617536,z,11.5
S07,session1,31,DMT,Low,-0.0249729490671135,z,11.5
S07,session2,32,DMT,High,-0.617348129927856,z,12.5
S07,session1,32,DMT,Low,-0.6876038179555057,z,12.5
S07,session2,33,DMT,High,-0.5971161709506472,z,13.5
S07,session1,33,DMT,Low,-0.6427987375137736,z,13.5
S07,session2,34,DMT,High,-0.3227048807599591,z,14.5
S07,session1,34,DMT,Low,-0.6433208459025742,z,14.5
S07,session2,35,DMT,High,-0.6095700680568713,z,15.5
S07,session1,35,DMT,Low,-0.5831417928835044,z,15.5
S07,session2,36,DMT,High,-0.5719518011109705,z,16.5
S07,session1,36,DMT,Low,-0.6866292845475446,z,16.5
S07,session2,37,DMT,High,-0.655826606968624,z,17.5
S07,session1,37,DMT,Low,-0.6972203977456608,z,17.5
S07,session2,38,DMT,High,1.5262810170949848,z,18.5
S07,session1,38,DMT,Low,-0.6879566754636789,z,18.5
S09,session1,1,DMT,High,0.1591827950324719,z,-18.5
S09,session2,1,DMT,Low,0.0625928760756281,z,-18.5
S09,session1,2,DMT,High,1.2410960075404471,z,-17.5
S09,session2,2,DMT,Low,0.0044791878689367,z,-17.5
S09,session1,3,DMT,High,-0.0789123881961596,z,-16.5
S09,session2,3,DMT,Low,1.0757872898780083,z,-16.5
S09,session1,4,DMT,High,-0.2161375911900545,z,-15.5
S09,session2,4,DMT,Low,0.4790383214834121,z,-15.5
S09,session1,5,DMT,High,-0.3197295798379104,z,-14.5
S09,session2,5,DMT,Low,0.0315571467689382,z,-14.5
S09,session1,6,DMT,High,-0.3674468319448111,z,-13.5
S09,session2,6,DMT,Low,-0.2447660699000565,z,-13.5
S09,session1,7,DMT,High,-0.3641393477875345,z,-12.5
S09,session2,7,DMT,Low,-0.1832776012863263,z,-12.5
S09,session1,8,DMT,High,-0.3779098417335401,z,-11.5
S09,session2,8,DMT,Low,0.4091481869807051,z,-11.5
S09,session1,9,DMT,High,-0.3431645394080224,z,-10.5
S09,session2,9,DMT,Low,-0.3140056359520455,z,-10.5
S09,session1,10,DMT,High,-0.3833698643413558,z,-9.5
S09,session2,10,DMT,Low,-0.1894938604675654,z,-9.5
S09,session1,11,DMT,High,-0.391406237333558,z,-8.5
S09,session2,11,DMT,Low,-0.3149013199087249,z,-8.5
S09,session1,12,DMT,High,-0.3600810266706241,z,-7.5
S09,session2,12,DMT,Low,-0.0519019796611654,z,-7.5
S09,session1,13,DMT,High,-0.3836605113266329,z,-6.5
S09,session2,13,DMT,Low,-0.2854479981697073,z,-6.5
S09,session1,14,DMT,High,-0.3770389921711869,z,-5.5
S09,session2,14,DMT,Low,-0.328892000321863,z,-5.5
S09,session1,15,DMT,High,-0.3909438191389222,z,-4.5
S09,session2,15,DMT,Low,-0.2442413528214106,z,-4.5
S09,session1,16,DMT,High,-0.3791129706642503,z,-3.5
S09,session2,16,DMT,Low,0.1092278093387631,z,-3.5
S09,session1,17,DMT,High,-0.3957728334378064,z,-2.5
S09,session2,17,DMT,Low,-0.2535562753750419,z,-2.5
S09,session1,18,DMT,High,-0.3946192827404081,z,-1.5
S09,session2,18,DMT,Low,-0.2372271729351785,z,-1.5
S09,session1,19,DMT,High,-0.3798631951283119,z,-0.5
S09,session2,19,DMT,Low,0.1984117479310159,z,-0.5
S09,session1,20,DMT,High,-0.3891909441018108,z,0.5
S09,session2,20,DMT,Low,-0.1390234498799233,z,0.5
S09,session1,21,DMT,High,-0.397559302590741,z,1.5
S09,session2,21,DMT,Low,0.6593564442716277,z,1.5
S09,session1,22,DMT,High,-0.3906791812765254,z,2.5
S09,session2,22,DMT,Low,0.2221911827159902,z,2.5
S09,session1,23,DMT,High,-0.391072901084732,z,3.5
S09,session2,23,DMT,Low,0.3553796502154822,z,3.5
S09,session1,24,DMT,High,-0.370965415085537,z,4.5
S09,session2,24,DMT,Low,0.9414025851037612,z,4.5
S09,session1,25,DMT,High,0.0809116985166627,z,5.5
S09,session2,25,DMT,Low,0.91928997732161,z,5.5
S09,session1,26,DMT,High,-0.3398884820547227,z,6.5
S09,session2,26,DMT,Low,0.6192438241781121,z,6.5
S09,session1,27,DMT,High,-0.2485122337801736,z,7.5
S09,session2,27,DMT,Low,0.771732586224084,z,7.5
S09,session1,28,DMT,High,-0.3206536125166314,z,8.5
S09,session2,28,DMT,Low,7.912340513030905,z,8.5
S09,session1,29,DMT,High,-0.3165322525264182,z,9.5
S09,session2,29,DMT,Low,0.3167066171580318,z,9.5
S09,session1,30,DMT,High,-0.3857810897917605,z,10.5
S09,session2,30,DMT,Low,-0.2176016479664383,z,10.5
S09,session1,31,DMT,High,-0.2746418888620008,z,11.5
S09,session2,31,DMT,Low,-0.1406819224708565,z,11.5
S09,session1,32,DMT,High,-0.3184450676751797,z,12.5
S09,session2,32,DMT,Low,0.0471994300541463,z,12.5
S09,session1,33,DMT,High,-0.3610714402379334,z,13.5
S09,session2,33,DMT,Low,-0.356289193637651,z,13.5
S09,session1,34,DMT,High,-0.38349624904904,z,14.5
S09,session2,34,DMT,Low,-0.3032498774874029,z,14.5
S09,session1,35,DMT,High,-0.3890198984232508,z,15.5
S09,session2,35,DMT,Low,-0.3616240453081609,z,15.5
S09,session1,36,DMT,High,-0.3154586574086536,z,16.5
S09,session2,36,DMT,Low,-0.3245517533877104,z,16.5
S09,session1,37,DMT,High,-0.3305247397348598,z,17.5
S09,session2,37,DMT,Low,0.3183261674431257,z,17.5
S09,session1,38,DMT,High,-0.2636989735201956,z,18.5
S09,session2,38,DMT,Low,-0.3533677054233827,z,18.5
S13,session2,1,DMT,High,-1.1855368306193896,z,-18.5
S13,session1,1,DMT,Low,0.4184829955262041,z,-18.5
S13,session2,2,DMT,High,0.5889946208856225,z,-17.5
S13,session1,2,DMT,Low,-0.3260671613338824,z,-17.5
S13,session2,3,DMT,High,4.151142939651125,z,-16.5
S13,session1,3,DMT,Low,0.7856478458821426,z,-16.5
S13,session2,4,DMT,High,2.097363519030801,z,-15.5
S13,session1,4,DMT,Low,0.3859343006279784,z,-15.5
S13,session2,5,DMT,High,1.0631767909923129,z,-14.5
S13,session1,5,DMT,Low,-0.1583455423877768,z,-14.5
S13,session2,6,DMT,High,2.895594255964526,z,-13.5
S13,session1,6,DMT,Low,1.1460808002662315,z,-13.5
S13,session2,7,DMT,High,0.8508340046680591,z,-12.5
S13,session1,7,DMT,Low,-0.2225971748337527,z,-12.5
S13,session2,8,DMT,High,0.3394369308387376,z,-11.5
S13,session1,8,DMT,Low,0.0136501571468769,z,-11.5
S13,session2,9,DMT,High,1.393273217943222,z,-10.5
S13,session1,9,DMT,Low,-0.1962619048761137,z,-10.5
S13,session2,10,DMT,High,1.0535918184340782,z,-9.5
S13,session1,10,DMT,Low,-0.4385127080395124,z,-9.5
S13,session2,11,DMT,High,1.0243584492386546,z,-8.5
S13,session1,11,DMT,Low,0.5519169711889679,z,-8.5
S13,session2,12,DMT,High,1.6628328245997452,z,-7.5
S13,session1,12,DMT,Low,-0.5912903033844271,z,-7.5
S13,session2,13,DMT,High,0.2028049098879312,z,-6.5
S13,session1,13,DMT,Low,-0.5942298212856428,z,-6.5
S13,session2,14,DMT,High,0.3408347264765327,z,-5.5
S13,session1,14,DMT,Low,-0.5000231779692046,z,-5.5
S13,session2,15,DMT,High,1.9036375773000227,z,-4.5
S13,session1,15,DMT,Low,-0.5927386228026573,z,-4.5
S13,session2,16,DMT,High,0.8706904788549495,z,-3.5
S13,session1,16,DMT,Low,-0.6966419207164493,z,-3.5
S13,session2,17,DMT,High,0.8031076601108752,z,-2.5
S13,session1,17,DMT,Low,-0.541224984848152,z,-2.5
S13,session2,18,DMT,High,-0.2512111666379225,z,-1.5
S13,session1,18,DMT,Low,-0.3361294322596054,z,-1.5
S13,session2,19,DMT,High,0.044208834129267,z,-0.5
S13,session1,19,DMT,Low,-0.4276185026036305,z,-0.5
S13,session2,20,DMT,High,1.4966000532160153,z,0.5
S13,session1,20,DMT,Low,-1.0144177588660277,z,0.5
S13,session2,21,DMT,High,0.1125196092188818,z,1.5
S13,session1,21,DMT,Low,0.1585008159205859,z,1.5
S13,session2,22,DMT,High,0.7312917611321066,z,2.5
S13,session1,22,DMT,Low,-0.388217085573905,z,2.5
S13,session2,23,DMT,High,-0.0614829803848912,z,3.5
S13,session1,23,DMT,Low,0.0065146118570584,z,3.5
S13,session2,24,DMT,High,-0.1329292968756165,z,4.5
S13,session1,24,DMT,Low,-0.4546382261837502,z,4.5
S13,session2,25,DMT,High,-0.8281951674218594,z,5.5
S13,session1,25,DMT,Low,-0.8425709858375136,z,5.5
S13,session2,26,DMT,High,-0.3274658833740194,z,6.5
S13,session1,26,DMT,Low,-0.5111684520222285,z,6.5
S13,session2,27,DMT,High,-1.2526008326502622,z,7.5
S13,session1,27,DMT,Low,-0.8821343343876992,z,7.5
S13,session2,28,DMT,High,-0.6821576504516178,z,8.5
S13,session1,28,DMT,Low,-0.41207198507422,z,8.5
S13,session2,29,DMT,High,0.2191680410679816,z,9.5
S13,session1,29,DMT,Low,-1.033981511120467,z,9.5
S13,session2,30,DMT,High,-0.2855724867992578,z,10.5
S13,session1,30,DMT,Low,-1.3318168192535176,z,10.5
S13,session2,31,DMT,High,-1.0766630122635008,z,11.5
S13,session1,31,DMT,Low,-0.1235311697566505,z,11.5
S13,session2,32,DMT,High,-0.419848162613967,z,12.5
S13,session1,32,DMT,Low,-0.4401105794314026,z,12.5
S13,session2,33,DMT,High,-1.2170850338149513,z,13.5
S13,session1,33,DMT,Low,0.1939108926947191,z,13.5
S13,session2,34,DMT,High,-1.246001647470684,z,14.5
S13,session1,34,DMT,Low,0.1870832603247711,z,14.5
S13,session2,35,DMT,High,-1.282989945999035,z,15.5
S13,session1,35,DMT,Low,-0.4134794715105586,z,15.5
S13,session2,36,DMT,High,0.2321289101397015,z,16.5
S13,session1,36,DMT,Low,-0.6810226605368153,z,16.5
S13,session2,37,DMT,High,-0.98911521403916,z,17.5
S13,session1,37,DMT,Low,-1.3078523970434368,z,17.5
S13,session2,38,DMT,High,-1.4596912262230115,z,18.5
S13,session1,38,DMT,Low,0.2319266463614585,z,18.5
S16,session2,1,DMT,High,0.3132276266632242,z,-18.5
S16,session1,1,DMT,Low,0.6339531124038656,z,-18.5
S16,session2,2,DMT,High,0.8876610331722132,z,-17.5
S16,session1,2,DMT,Low,3.3700688865770814,z,-17.5
S16,session2,3,DMT,High,0.2218960389825879,z,-16.5
S16,session1,3,DMT,Low,2.564330650149723,z,-16.5
S16,session2,4,DMT,High,0.0878498696563313,z,-15.5
S16,session1,4,DMT,Low,2.62436680168315,z,-15.5
S16,session2,5,DMT,High,0.3601914974027548,z,-14.5
S16,session1,5,DMT,Low,2.727376641168085,z,-14.5
S16,session2,6,DMT,High,0.0243239757535546,z,-13.5
S16,session1,6,DMT,Low,1.9531908771645232,z,-13.5
S16,session2,7,DMT,High,-0.2105472894981186,z,-12.5
S16,session1,7,DMT,Low,1.315147610004317,z,-12.5
S16,session2,8,DMT,High,-0.3385294585624692,z,-11.5
S16,session1,8,DMT,Low,2.891397890138107,z,-11.5
S16,session2,9,DMT,High,0.3975380784466914,z,-10.5
S16,session1,9,DMT,Low,2.810510518751239,z,-10.5
S16,session2,10,DMT,High,0.7651568868574871,z,-9.5
S16,session1,10,DMT,Low,0.1631657283757981,z,-9.5
S16,session2,11,DMT,High,0.2812027703649056,z,-8.5
S16,session1,11,DMT,Low,0.6948743273856397,z,-8.5
S16,session2,12,DMT,High,-0.0233554736387348,z,-7.5
S16,session1,12,DMT,Low,-0.4731958872778122,z,-7.5
S16,session2,13,DMT,High,-0.0294039842579319,z,-6.5
S16,session1,13,DMT,Low,-0.3107139892222513,z,-6.5
S16,session2,14,DMT,High,-0.1862460956887297,z,-5.5
S16,session1,14,DMT,Low,1.2941470515866738,z,-5.5
S16,session2,15,DMT,High,-0.3282264440284945,z,-4.5
S16,session1,15,DMT,Low,-0.1264291608285776,z,-4.5
S16,session2,16,DMT,High,-0.3161176017813039,z,-3.5
S16,session1,16,DMT,Low,0.3218287295512011,z,-3.5
S16,session2,17,DMT,High,0.3950872687980043,z,-2.5
S16,session1,17,DMT,Low,-0.6440254562235035,z,-2.5
S16,session2,18,DMT,High,-0.4288674681100285,z,-1.5
S16,session1,18,DMT,Low,-0.6116849497702489,z,-1.5
S16,session2,19,DMT,High,-0.3827780957757961,z,-0.5
S16,session1,19,DMT,Low,-0.705943952186249,z,-0.5
S16,session2,20,DMT,High,-0.4897250694906912,z,0.5
S16,session1,20,DMT,Low,-0.6976038996820562,z,0.5
S16,session2,21,DMT,High,-0.6480483721241517,z,1.5
S16,session1,21,DMT,Low,-0.6149391975716856,z,1.5
S16,session2,22,DMT,High,-0.6482381214145116,z,2.5
S16,session1,22,DMT,Low,-0.6769272438824501,z,2.5
S16,session2,23,DMT,High,-0.420542557970901,z,3.5
S16,session1,23,DMT,Low,-0.6987069400986121,z,3.5
S16,session2,24,DMT,High,-0.3637002820256003,z,4.5
S16,session1,24,DMT,Low,-0.6941531574441401,z,4.5
S16,session2,25,DMT,High,-0.494052390513939,z,5.5
S16,session1,25,DMT,Low,-0.701587560471783,z,5.5
S16,session2,26,DMT,High,-0.5167937015009018,z,6.5
S16,session1,26,DMT,Low,-0.353723285598874,z,6.5
S16,session2,27,DMT,High,-0.6174086569322702,z,7.5
S16,session1,27,DMT,Low,-0.6880773015597418,z,7.5
S16,session2,28,DMT,High,-0.4007383150776833,z,8.5
S16,session1,28,DMT,Low,-0.6971433259529363,z,8.5
S16,session2,29,DMT,High,-0.6995234344298252,z,9.5
S16,session1,29,DMT,Low,-0.6658829401929104,z,9.5
S16,session2,30,DMT,High,-0.5435277689095728,z,10.5
S16,session1,30,DMT,Low,-0.7038520991729433,z,10.5
S16,session2,31,DMT,High,-0.3928863636024909,z,11.5
S16,session1,31,DMT,Low,-0.6924680161645875,z,11.5
S16,session2,32,DMT,High,-0.3501880324219493,z,12.5
S16,session1,32,DMT,Low,-0.6914987548511894,z,12.5
S16,session2,33,DMT,High,0.1776436812615141,z,13.5
S16,session1,33,DMT,Low,-0.7054250293109966,z,13.5
S16,session2,34,DMT,High,-0.5795434680149508,z,14.5
S16,session1,34,DMT,Low,-0.6852316960500986,z,14.5
S16,session2,35,DMT,High,-0.5380053026517965,z,15.5
S16,session1,35,DMT,Low,-0.6812363876713724,z,15.5
S16,session2,36,DMT,High,-0.6973583098681764,z,16.5
S16,session1,36,DMT,Low,-0.6857452131896083,z,16.5
S16,session2,37,DMT,High,-0.6701575410066075,z,17.5
S16,session1,37,DMT,Low,-0.6827212643154318,z,17.5
S16,session2,38,DMT,High,-0.4076246704265741,z,18.5
S16,session1,38,DMT,Low,-0.6650865738844123,z,18.5
S17,session1,1,DMT,High,1.6376744539171535,z,-18.5
S17,session2,1,DMT,Low,2.3396816035202392,z,-18.5
S17,session1,2,DMT,High,3.539830592952564,z,-17.5
S17,session2,2,DMT,Low,4.01759661661758,z,-17.5
S17,session1,3,DMT,High,1.528416917444665,z,-16.5
S17,session2,3,DMT,Low,0.1755697721627327,z,-16.5
S17,session1,4,DMT,High,0.940233380344327,z,-15.5
S17,session2,4,DMT,Low,0.4063958907736711,z,-15.5
S17,session1,5,DMT,High,0.1892223324611149,z,-14.5
S17,session2,5,DMT,Low,0.0579635328211863,z,-14.5
S17,session1,6,DMT,High,0.4113529930742944,z,-13.5
S17,session2,6,DMT,Low,-0.4002737119384961,z,-13.5
S17,session1,7,DMT,High,0.4102787267041793,z,-12.5
S17,session2,7,DMT,Low,-0.6610592415108767,z,-12.5
S17,session1,8,DMT,High,1.871309220697963,z,-11.5
S17,session2,8,DMT,Low,-0.5228205633058709,z,-11.5
S17,session1,9,DMT,High,0.5778251892391095,z,-10.5
S17,session2,9,DMT,Low,-0.7219025788387482,z,-10.5
S17,session1,10,DMT,High,0.092862120682983,z,-9.5
S17,session2,10,DMT,Low,0.6695744952966829,z,-9.5
S17,session1,11,DMT,High,-0.1040492739093622,z,-8.5
S17,session2,11,DMT,Low,-0.7721103927485353,z,-8.5
S17,session1,12,DMT,High,-0.1601372145431557,z,-7.5
S17,session2,12,DMT,Low,-0.2093124877928665,z,-7.5
S17,session1,13,DMT,High,-0.4343160332118372,z,-6.5
S17,session2,13,DMT,Low,-0.782826310165771,z,-6.5
S17,session1,14,DMT,High,0.965960976284475,z,-5.5
S17,session2,14,DMT,Low,-0.7887913015416268,z,-5.5
S17,session1,15,DMT,High,-0.415478887975781,z,-4.5
S17,session2,15,DMT,Low,-0.79248492740921,z,-4.5
S17,session1,16,DMT,High,0.493310385270255,z,-3.5
S17,session2,16,DMT,Low,-0.7721048618339479,z,-3.5
S17,session1,17,DMT,High,0.0675092146594955,z,-2.5
S17,session2,17,DMT,Low,-0.7820233468895125,z,-2.5
S17,session1,18,DMT,High,0.312020491200501,z,-1.5
S17,session2,18,DMT,Low,-0.7940866514809597,z,-1.5
S17,session1,19,DMT,High,0.0526258194946785,z,-0.5
S17,session2,19,DMT,Low,-0.6420243207373121,z,-0.5
S17,session1,20,DMT,High,-0.5166998905032465,z,0.5
S17,session2,20,DMT,Low,-0.8008035541997636,z,0.5
S17,session1,21,DMT,High,-0.7178583136740132,z,1.5
S17,session2,21,DMT,Low,-0.7256075755318927,z,1.5
S17,session1,22,DMT,High,-0.4961962644023333,z,2.5
S17,session2,22,DMT,Low,-0.6615218166709586,z,2.5
S17,session1,23,DMT,High,-0.0406628493451401,z,3.5
S17,session2,23,DMT,Low,-0.7745897422645773,z,3.5
S17,session1,24,DMT,High,-0.6979803296503314,z,4.5
S17,session2,24,DMT,Low,-0.7944678093300706,z,4.5
S17,session1,25,DMT,High,0.2121983508025384,z,5.5
S17,session2,25,DMT,Low,-0.8022797636554616,z,5.5
S17,session1,26,DMT,High,-0.0434340797316424,z,6.5
S17,session2,26,DMT,Low,-0.7860712351157997,z,6.5
S17,session1,27,DMT,High,0.7396313293378265,z,7.5
S17,session2,27,DMT,Low,-0.7679270663494165,z,7.5
S17,session1,28,DMT,High,-0.1492608181282392,z,8.5
S17,session2,28,DMT,Low,-0.7758206449604381,z,8.5
S17,session1,29,DMT,High,-0.7103975284833597,z,9.5
S17,session2,29,DMT,Low,-0.7699015426069478,z,9.5
S17,session1,30,DMT,High,-0.4393859713281876,z,10.5
S17,session2,30,DMT,Low,-0.7778428165354542,z,10.5
S17,session1,31,DMT,High,2.110581855684657,z,11.5
S17,session2,31,DMT,Low,0.7811995422619714,z,11.5
S17,session1,32,DMT,High,-0.2067452720226351,z,12.5
S17,session2,32,DMT,Low,1.4207194212809209,z,12.5
S17,session1,33,DMT,High,-0.7048693764485201,z,13.5
S17,session2,33,DMT,Low,-0.0043459954217161,z,13.5
S17,session1,34,DMT,High,-0.3778278651916116,z,14.5
S17,session2,34,DMT,Low,-0.7781515813745159,z,14.5
S17,session1,35,DMT,High,-0.252019658722763,z,15.5
S17,session2,35,DMT,Low,-0.6919644803213942,z,15.5
S17,session1,36,DMT,High,0.311231045359657,z,16.5
S17,session2,36,DMT,Low,-0.7849150836262322,z,16.5
S17,session1,37,DMT,High,1.4214774388142877,z,17.5
S17,session2,37,DMT,Low,-0.7872644759527053,z,17.5
S17,session1,38,DMT,High,-0.5446234770509603,z,18.5
S17,session2,38,DMT,Low,-0.6170147247275124,z,18.5
S18,session1,1,DMT,High,0.9740270783505156,z,-18.5
S18,session2,1,DMT,Low,1.5805386761105256,z,-18.5
S18,session1,2,DMT,High,0.4874879648531455,z,-17.5
S18,session2,2,DMT,Low,7.119146234526057,z,-17.5
S18,session1,3,DMT,High,1.2733401841323737,z,-16.5
S18,session2,3,DMT,Low,2.686179939091165,z,-16.5
S18,session1,4,DMT,High,0.3426639001884478,z,-15.5
S18,session2,4,DMT,Low,0.7709869318311927,z,-15.5
S18,session1,5,DMT,High,0.6115121218067561,z,-14.5
S18,session2,5,DMT,Low,0.0709303732286741,z,-14.5
S18,session1,6,DMT,High,0.3777820722007821,z,-13.5
S18,session2,6,DMT,Low,0.2873938344177199,z,-13.5
S18,session1,7,DMT,High,0.9769260874334488,z,-12.5
S18,session2,7,DMT,Low,-0.041869299885699,z,-12.5
S18,session1,8,DMT,High,0.5250356528451486,z,-11.5
S18,session2,8,DMT,Low,-0.4100590157796917,z,-11.5
S18,session1,9,DMT,High,-0.1124446461880607,z,-10.5
S18,session2,9,DMT,Low,-0.3609774912407177,z,-10.5
S18,session1,10,DMT,High,0.1210330346665109,z,-9.5
S18,session2,10,DMT,Low,-0.3961911893673445,z,-9.5
S18,session1,11,DMT,High,1.188536891387297,z,-8.5
S18,session2,11,DMT,Low,-0.411320082390092,z,-8.5
S18,session1,12,DMT,High,-0.1692643276315662,z,-7.5
S18,session2,12,DMT,Low,-0.4043091328786755,z,-7.5
S18,session1,13,DMT,High,-0.281734472861267,z,-6.5
S18,session2,13,DMT,Low,-0.4047241703109309,z,-6.5
S18,session1,14,DMT,High,0.2363374950295594,z,-5.5
S18,session2,14,DMT,Low,-0.4004736299981198,z,-5.5
S18,session1,15,DMT,High,-0.2340006910282946,z,-4.5
S18,session2,15,DMT,Low,-0.4063212571606726,z,-4.5
S18,session1,16,DMT,High,0.5095842855884962,z,-3.5
S18,session2,16,DMT,Low,-0.4118062652751501,z,-3.5
S18,session1,17,DMT,High,-0.1793845792741305,z,-2.5
S18,session2,17,DMT,Low,-0.4118852448912044,z,-2.5
S18,session1,18,DMT,High,-0.2129941230344624,z,-1.5
S18,session2,18,DMT,Low,-0.4083923284039095,z,-1.5
S18,session1,19,DMT,High,-0.3485344298051365,z,-0.5
S18,session2,19,DMT,Low,-0.4118594473109918,z,-0.5
S18,session1,20,DMT,High,-0.3044823683992134,z,0.5
S18,session2,20,DMT,Low,-0.4050707489424107,z,0.5
S18,session1,21,DMT,High,-0.0182010759859991,z,1.5
S18,session2,21,DMT,Low,-0.4046375073224279,z,1.5
S18,session1,22,DMT,High,-0.3753280331249072,z,2.5
S18,session2,22,DMT,Low,-0.411818665934299,z,2.5
S18,session1,23,DMT,High,-0.2694514874706014,z,3.5
S18,session2,23,DMT,Low,-0.4072587981613464,z,3.5
S18,session1,24,DMT,High,-0.2806857224813658,z,4.5
S18,session2,24,DMT,Low,-0.4118838809080355,z,4.5
S18,session1,25,DMT,High,-0.3842786339464323,z,5.5
S18,session2,25,DMT,Low,-0.4094768234412722,z,5.5
S18,session1,26,DMT,High,-0.3245698618577613,z,6.5
S18,session2,26,DMT,Low,-0.4077758157025391,z,6.5
S18,session1,27,DMT,High,-0.3736038107901143,z,7.5
S18,session2,27,DMT,Low,-0.4111788954475078,z,7.5
S18,session1,28,DMT,High,-0.3255333355005411,z,8.5
S18,session2,28,DMT,Low,-0.4023609665928176,z,8.5
S18,session1,29,DMT,High,-0.2858038600882404,z,9.5
S18,session2,29,DMT,Low,-0.404339047155811,z,9.5
S18,session1,30,DMT,High,-0.4030989912966959,z,10.5
S18,session2,30,DMT,Low,-0.4083605087199238,z,10.5
S18,session1,31,DMT,High,-0.248328976581097,z,11.5
S18,session2,31,DMT,Low,-0.4118437612440137,z,11.5
S18,session1,32,DMT,High,-0.2721846331194814,z,12.5
S18,session2,32,DMT,Low,-0.4117881775474435,z,12.5
S18,session1,33,DMT,High,-0.3489993678004914,z,13.5
S18,session2,33,DMT,Low,-0.4090134728579626,z,13.5
S18,session1,34,DMT,High,-0.3407574794391266,z,14.5
S18,session2,34,DMT,Low,-0.4102494548280542,z,14.5
S18,session1,35,DMT,High,-0.3616931705098546,z,15.5
S18,session2,35,DMT,Low,-0.411889879235839,z,15.5
S18,session1,36,DMT,High,-0.3628248774655803,z,16.5
S18,session2,36,DMT,Low,-0.4118371056262334,z,16.5
S18,session1,37,DMT,High,-0.4065166755964474,z,17.5
S18,session2,37,DMT,Low,-0.4108624058800555,z,17.5
S18,session1,38,DMT,High,-0.2610021864023101,z,18.5
S18,session2,38,DMT,Low,-0.4119064695674423,z,18.5
S19,session2,1,DMT,High,0.3237641761009626,z,-18.5
S19,session1,1,DMT,Low,-0.1472525667764354,z,-18.5
S19,session2,2,DMT,High,2.29126193970834,z,-17.5
S19,session1,2,DMT,Low,0.104596547073681,z,-17.5
S19,session2,3,DMT,High,0.2083593219390389,z,-16.5
S19,session1,3,DMT,Low,0.2613960584689223,z,-16.5
S19,session2,4,DMT,High,0.04581075442717,z,-15.5
S19,session1,4,DMT,Low,-0.0184358101017623,z,-15.5
S19,session2,5,DMT,High,2.0993762860222422,z,-14.5
S19,session1,5,DMT,Low,-0.1667826790696919,z,-14.5
S19,session2,6,DMT,High,1.7463628158219962,z,-13.5
S19,session1,6,DMT,Low,-0.2175035788987205,z,-13.5
S19,session2,7,DMT,High,0.4355368488629257,z,-12.5
S19,session1,7,DMT,Low,-0.307898355467513,z,-12.5
S19,session2,8,DMT,High,0.7509506863182138,z,-11.5
S19,session1,8,DMT,Low,-0.4036741217951137,z,-11.5
S19,session2,9,DMT,High,3.809798208068134,z,-10.5
S19,session1,9,DMT,Low,-0.4180728696292256,z,-10.5
S19,session2,10,DMT,High,3.103988736956456,z,-9.5
S19,session1,10,DMT,Low,-0.4756413123903313,z,-9.5
S19,session2,11,DMT,High,2.734767003879934,z,-8.5
S19,session1,11,DMT,Low,-0.4646787018203236,z,-8.5
S19,session2,12,DMT,High,0.1457296688031038,z,-7.5
S19,session1,12,DMT,Low,-0.5031254113281733,z,-7.5
S19,session2,13,DMT,High,0.8870156508082058,z,-6.5
S19,session1,13,DMT,Low,-0.4514049072282481,z,-6.5
S19,session2,14,DMT,High,3.770445245319265,z,-5.5
S19,session1,14,DMT,Low,-0.3349087267287826,z,-5.5
S19,session2,15,DMT,High,1.2967618732074035,z,-4.5
S19,session1,15,DMT,Low,-0.5273671123151841,z,-4.5
S19,session2,16,DMT,High,0.581848947114091,z,-3.5
S19,session1,16,DMT,Low,-0.5303328043050833,z,-3.5
S19,session2,17,DMT,High,0.0115339796697388,z,-2.5
S19,session1,17,DMT,Low,-0.5173520899126698,z,-2.5
S19,session2,18,DMT,High,0.087030566503042,z,-1.5
S19,session1,18,DMT,Low,-0.5457532457988691,z,-1.5
S19,session2,19,DMT,High,-0.2528712219317148,z,-0.5
S19,session1,19,DMT,Low,-0.5494370527898934,z,-0.5
S19,session2,20,DMT,High,0.1995026513612359,z,0.5
S19,session1,20,DMT,Low,-0.5474442221762771,z,0.5
S19,session2,21,DMT,High,-0.2744638706332382,z,1.5
S19,session1,21,DMT,Low,-0.5484980749821458,z,1.5
S19,session2,22,DMT,High,-0.4527908757542772,z,2.5
S19,session1,22,DMT,Low,-0.5485978127737587,z,2.5
S19,session2,23,DMT,High,-0.3641293685061094,z,3.5
S19,session1,23,DMT,Low,-0.5466903083338532,z,3.5
S19,session2,24,DMT,High,-0.4420048058972741,z,4.5
S19,session1,24,DMT,Low,-0.5470655043622409,z,4.5
S19,session2,25,DMT,High,-0.4806657780053467,z,5.5
S19,session1,25,DMT,Low,-0.5390680062824575,z,5.5
S19,session2,26,DMT,High,-0.4669933643545771,z,6.5
S19,session1,26,DMT,Low,-0.5427832967420737,z,6.5
S19,session2,27,DMT,High,0.2890610702463646,z,7.5
S19,session1,27,DMT,Low,-0.5438930306374959,z,7.5
S19,session2,28,DMT,High,-0.5039689942950016,z,8.5
S19,session1,28,DMT,Low,-0.533067353080289,z,8.5
S19,session2,29,DMT,High,-0.5162668744250186,z,9.5
S19,session1,29,DMT,Low,-0.5454485799395493,z,9.5
S19,session2,30,DMT,High,-0.4593731757254725,z,10.5
S19,session1,30,DMT,Low,-0.5444436179531292,z,10.5
S19,session2,31,DMT,High,-0.495312177407093,z,11.5
S19,session1,31,DMT,Low,-0.5479804861433514,z,11.5
S19,session2,32,DMT,High,-0.4621092078656839,z,12.5
S19,session1,32,DMT,Low,-0.5442132649426799,z,12.5
S19,session2,33,DMT,High,-0.5211815191434063,z,13.5
S19,session1,33,DMT,Low,-0.5486260554097095,z,13.5
S19,session2,34,DMT,High,-0.53199773453479,z,14.5
S19,session1,34,DMT,Low,-0.5413087869188611,z,14.5
S19,session2,35,DMT,High,-0.5035204365474129,z,15.5
S19,session1,35,DMT,Low,-0.5461514709841312,z,15.5
S19,session2,36,DMT,High,-0.5310329412066194,z,16.5
S19,session1,36,DMT,Low,-0.5483025449637431,z,16.5
S19,session2,37,DMT,High,-0.4778726283458361,z,17.5
S19,session1,37,DMT,Low,-0.5494648128101506,z,17.5
S19,session2,38,DMT,High,-0.5092655982463625,z,18.5
S19,session1,38,DMT,Low,-0.5464098880633155,z,18.5
S20,session2,1,DMT,High,2.1036600758802435,z,-18.5
S20,session1,1,DMT,Low,-0.053888024478757,z,-18.5
S20,session2,2,DMT,High,0.3458173953032635,z,-17.5
S20,session1,2,DMT,Low,-0.0183254044716333,z,-17.5
S20,session2,3,DMT,High,1.6381851127659106,z,-16.5
S20,session1,3,DMT,Low,1.0230287227962638,z,-16.5
S20,session2,4,DMT,High,2.0411802078657555,z,-15.5
S20,session1,4,DMT,Low,0.6362011100135172,z,-15.5
S20,session2,5,DMT,High,3.2699269829104813,z,-14.5
S20,session1,5,DMT,Low,-0.3953504313282298,z,-14.5
S20,session2,6,DMT,High,0.8110567528860454,z,-13.5
S20,session1,6,DMT,Low,-0.2305403792723259,z,-13.5
S20,session2,7,DMT,High,1.7825864987991469,z,-12.5
S20,session1,7,DMT,Low,-0.4284329226909359,z,-12.5
S20,session2,8,DMT,High,0.5724259526594577,z,-11.5
S20,session1,8,DMT,Low,-0.3494360719218727,z,-11.5
S20,session2,9,DMT,High,1.3318091403452632,z,-10.5
S20,session1,9,DMT,Low,-0.4358973602323311,z,-10.5
S20,session2,10,DMT,High,0.7654191014617598,z,-9.5
S20,session1,10,DMT,Low,-0.5036853164691871,z,-9.5
S20,session2,11,DMT,High,-0.110101903104334,z,-8.5
S20,session1,11,DMT,Low,-0.4980444075485452,z,-8.5
S20,session2,12,DMT,High,3.6143834641064094,z,-7.5
S20,session1,12,DMT,Low,-0.506894239598785,z,-7.5
S20,session2,13,DMT,High,-0.0188116256479602,z,-6.5
S20,session1,13,DMT,Low,-0.5298255198607073,z,-6.5
S20,session2,14,DMT,High,1.5828942031077566,z,-5.5
S20,session1,14,DMT,Low,-0.5197629809450951,z,-5.5
S20,session2,15,DMT,High,2.882947221864507,z,-4.5
S20,session1,15,DMT,Low,-0.5093937248344688,z,-4.5
S20,session2,16,DMT,High,-0.4047056253985344,z,-3.5
S20,session1,16,DMT,Low,-0.5277215427908676,z,-3.5
S20,session2,17,DMT,High,-0.3787211724244712,z,-2.5
S20,session1,17,DMT,Low,-0.505925545708286,z,-2.5
S20,session2,18,DMT,High,-0.3578730227215064,z,-1.5
S20,session1,18,DMT,Low,-0.5133069868888127,z,-1.5
S20,session2,19,DMT,High,-0.4829008262122125,z,-0.5
S20,session1,19,DMT,Low,-0.5200605166012406,z,-0.5
S20,session2,20,DMT,High,2.7255175748150524,z,0.5
S20,session1,20,DMT,Low,-0.5235427229948029,z,0.5
S20,session2,21,DMT,High,-0.4920474611916379,z,1.5
S20,session1,21,DMT,Low,-0.5115792186361525,z,1.5
S20,session2,22,DMT,High,-0.5183173888220812,z,2.5
S20,session1,22,DMT,Low,-0.5238498943469022,z,2.5
S20,session2,23,DMT,High,-0.496639751340039,z,3.5
S20,session1,23,DMT,Low,-0.5286956971762177,z,3.5
S20,session2,24,DMT,High,-0.5211503387096198,z,4.5
S20,session1,24,DMT,Low,-0.5267386680233631,z,4.5
S20,session2,25,DMT,High,-0.5237205956642773,z,5.5
S20,session1,25,DMT,Low,-0.5278443511823218,z,5.5
S20,session2,26,DMT,High,-0.5228466543652296,z,6.5
S20,session1,26,DMT,Low,-0.527369911310856,z,6.5
S20,session2,27,DMT,High,-0.4724504906995379,z,7.5
S20,session1,27,DMT,Low,-0.5106926842002649,z,7.5
S20,session2,28,DMT,High,0.1238221916506818,z,8.5
S20,session1,28,DMT,Low,-0.5267663664213335,z,8.5
S20,session2,29,DMT,High,-0.16529125816044,z,9.5
S20,session1,29,DMT,Low,-0.5303308557482627,z,9.5
S20,session2,30,DMT,High,-0.5304575849486133,z,10.5
S20,session1,30,DMT,Low,-0.5294504621813164,z,10.5
S20,session2,31,DMT,High,-0.529958413614572,z,11.5
S20,session1,31,DMT,Low,-0.5294038478370386,z,11.5
S20,session2,32,DMT,High,-0.4957835106345348,z,12.5
S20,session1,32,DMT,Low,-0.5195896542935465,z,12.5
S20,session2,33,DMT,High,-0.5289476426468739,z,13.5
S20,session1,33,DMT,Low,-0.5312575069769334,z,13.5
S20,session2,34,DMT,High,-0.5298063873856597,z,14.5
S20,session1,34,DMT,Low,-0.5256807532169054,z,14.5
S20,session2,35,DMT,High,-0.5322379001559214,z,15.5
S20,session1,35,DMT,Low,-0.5326492886468206,z,15.5
S20,session2,36,DMT,High,-0.5309768333830496,z,16.5
S20,session1,36,DMT,Low,-0.5306736370037766,z,16.5
S20,session2,37,DMT,High,-0.5325449307142468,z,17.5
S20,session1,37,DMT,Low,-0.5317425648728707,z,17.5
S20,session2,38,DMT,High,-0.532459279517088,z,18.5
S20,session1,38,DMT,Low,-0.5277616510573067,z,18.5
