subject,window,State,Dose,HR,Scale,window_c
S04,1,DMT,High,-0.2578798204309658,z,-8.5
S04,1,DMT,Low,0.5875562092750762,z,-8.5
S04,1,RS,High,-1.0689124065344888,z,-8.5
S04,1,RS,Low,-0.3592485729798266,z,-8.5
S04,2,DMT,High,-0.1741269351107242,z,-7.5
S04,2,DMT,Low,0.1575891765733066,z,-7.5
S04,2,RS,High,-1.0325389142690469,z,-7.5
S04,2,RS,Low,-0.5826517279605353,z,-7.5
S04,3,DMT,High,-0.0768869525848553,z,-6.5
S04,3,DMT,Low,1.8708612443069816,z,-6.5
S04,3,RS,High,-0.8783516460857231,z,-6.5
S04,3,RS,Low,-0.7909000185781572,z,-6.5
S04,4,DMT,High,-0.1144212501939512,z,-5.5
S04,4,DMT,Low,1.4696323266806777,z,-5.5
S04,4,RS,High,-0.8033288122150216,z,-5.5
S04,4,RS,Low,-0.0777166593080622,z,-5.5
S04,5,DMT,High,-0.5426666641968609,z,-4.5
S04,5,DMT,Low,1.1489011710668595,z,-4.5
S04,5,RS,High,-0.8848796964487228,z,-4.5
S04,5,RS,Low,-0.565296133409589,z,-4.5
S04,6,DMT,High,0.382821986872049,z,-3.5
S04,6,DMT,Low,1.3240386353278333,z,-3.5
S04,6,RS,High,-0.9843972564998096,z,-3.5
S04,6,RS,Low,-0.6775888346820973,z,-3.5
S04,7,DMT,High,1.2282781148773907,z,-2.5
S04,7,DMT,Low,0.9757316238376764,z,-2.5
S04,7,RS,High,-1.0601682644194288,z,-2.5
S04,7,RS,Low,-0.5148937381370841,z,-2.5
S04,8,DMT,High,0.6934836158417089,z,-1.5
S04,8,DMT,Low,0.9179656216530307,z,-1.5
S04,8,RS,High,-1.093297776170568,z,-1.5
S04,8,RS,Low,-0.6969187869978305,z,-1.5
S04,9,DMT,High,1.6397513705539222,z,-0.5
S04,9,DMT,Low,0.766560517240059,z,-0.5
S04,9,RS,High,-1.1372170425208683,z,-0.5
S04,9,RS,Low,-0.5606305653503385,z,-0.5
S04,10,DMT,High,2.6167586657011346,z,0.5
S04,10,DMT,Low,0.4103100176610666,z,0.5
S04,10,RS,High,-1.0186292014951264,z,0.5
S04,10,RS,Low,-0.7457391960032939,z,0.5
S04,11,DMT,High,2.1351499436806605,z,1.5
S04,11,DMT,Low,-0.0140376337186446,z,1.5
S04,11,RS,High,-1.2477519015077203,z,1.5
S04,11,RS,Low,-0.721515296164131,z,1.5
S04,12,DMT,High,2.219331493217356,z,2.5
S04,12,DMT,Low,0.1364000780844223,z,2.5
S04,12,RS,High,-1.1613625213826917,z,2.5
S04,12,RS,Low,-0.6216237945441603,z,2.5
S04,13,DMT,High,1.9425533562768604,z,3.5
S04,13,DMT,Low,0.0268769464120587,z,3.5
S04,13,RS,High,-0.8211238676156867,z,3.5
S04,13,RS,Low,-0.2559921600797167,z,3.5
S04,14,DMT,High,1.801299039598658,z,4.5
S04,14,DMT,Low,-0.1580739157294023,z,4.5
S04,14,RS,High,-0.335529448831664,z,4.5
S04,14,RS,Low,0.1328018183751865,z,4.5
S04,15,DMT,High,1.4754479383896957,z,5.5
S04,15,DMT,Low,-0.3147119699174154,z,5.5
S04,15,RS,High,-0.8744886976679445,z,5.5
S04,15,RS,Low,-0.699036103090673,z,5.5
S04,16,DMT,High,1.2902913323739282,z,6.5
S04,16,DMT,Low,0.026481722121711,z,6.5
S04,16,RS,High,-1.2634659722689976,z,6.5
S04,16,RS,Low,-0.5919422804970155,z,6.5
S04,17,DMT,High,1.0866742923307873,z,7.5
S04,17,DMT,Low,-0.3454803397966999,z,7.5
S04,17,RS,High,-0.9985826775976936,z,7.5
S04,17,RS,Low,-0.6343167064383342,z,7.5
S04,18,DMT,High,1.0947274956669544,z,8.5
S04,18,DMT,Low,-0.185313172970389,z,8.5
S04,18,RS,High,-1.060787445617955,z,8.5
S04,18,RS,Low,-0.5538529759771403,z,8.5
S06,1,DMT,High,-0.0811587069052787,z,-8.5
S06,1,DMT,Low,1.7307229853315638,z,-8.5
S06,1,RS,High,-1.184419839495617,z,-8.5
S06,1,RS,Low,0.0249854813580772,z,-8.5
S06,2,DMT,High,0.2882244350055304,z,-7.5
S06,2,DMT,Low,2.4282072543361743,z,-7.5
S06,2,RS,High,-1.4090462233052534,z,-7.5
S06,2,RS,Low,-0.1186102495173578,z,-7.5
S06,3,DMT,High,0.6826984725988283,z,-6.5
S06,3,DMT,Low,2.387182858431056,z,-6.5
S06,3,RS,High,-1.2499086983732115,z,-6.5
S06,3,RS,Low,-0.2610944664452847,z,-6.5
S06,4,DMT,High,1.1455692566265854,z,-5.5
S06,4,DMT,Low,1.3157463318595852,z,-5.5
S06,4,RS,High,-1.1881785932079518,z,-5.5
S06,4,RS,Low,0.1791012615729326,z,-5.5
S06,5,DMT,High,0.4373379487417531,z,-4.5
S06,5,DMT,Low,1.0906944450147409,z,-4.5
S06,5,RS,High,-1.463289745395539,z,-4.5
S06,5,RS,Low,-0.1180524910291185,z,-4.5
S06,6,DMT,High,0.3888810859117426,z,-3.5
S06,6,DMT,Low,-1.8821245344789903,z,-3.5
S06,6,RS,High,-1.1959654465318406,z,-3.5
S06,6,RS,Low,0.1180808808556879,z,-3.5
S06,7,DMT,High,-0.2780994466233101,z,-2.5
S06,7,DMT,Low,2.415249639471769,z,-2.5
S06,7,RS,High,-1.3604803060663524,z,-2.5
S06,7,RS,Low,0.1311835464874685,z,-2.5
S06,8,DMT,High,0.3910704472232791,z,-1.5
S06,8,DMT,Low,1.3900481767479202,z,-1.5
S06,8,RS,High,-1.4836050405118095,z,-1.5
S06,8,RS,Low,0.1880233366320811,z,-1.5
S06,9,DMT,High,0.6223663674540039,z,-0.5
S06,9,DMT,Low,1.3148227649785236,z,-0.5
S06,9,RS,High,-1.31303192930861,z,-0.5
S06,9,RS,Low,0.2661979551654011,z,-0.5
S06,10,DMT,High,1.136230632981409,z,0.5
S06,10,DMT,Low,1.0143064878162569,z,0.5
S06,10,RS,High,-1.5778350375831829,z,0.5
S06,10,RS,Low,-0.0525312756422171,z,0.5
S06,11,DMT,High,0.0968373552353468,z,1.5
S06,11,DMT,Low,0.7959811969373534,z,1.5
S06,11,RS,High,-0.9672837631689596,z,1.5
S06,11,RS,Low,0.3569071689127904,z,1.5
S06,12,DMT,High,0.2902330530194536,z,2.5
S06,12,DMT,Low,0.6660450156756601,z,2.5
S06,12,RS,High,-1.4846655678382308,z,2.5
S06,12,RS,Low,-0.3294233106290468,z,2.5
S06,13,DMT,High,0.259358725394918,z,3.5
S06,13,DMT,Low,0.4986211295642618,z,3.5
S06,13,RS,High,-1.6183373204373472,z,3.5
S06,13,RS,Low,0.0770206457393862,z,3.5
S06,14,DMT,High,0.3333509544150073,z,4.5
S06,14,DMT,Low,0.8045699112132341,z,4.5
S06,14,RS,High,-1.5463538286357024,z,4.5
S06,14,RS,Low,-0.3540064397280963,z,4.5
S06,15,DMT,High,0.2105752413881622,z,5.5
S06,15,DMT,Low,0.2365574660115429,z,5.5
S06,15,RS,High,-1.032189212486046,z,5.5
S06,15,RS,Low,-0.0095027432504412,z,5.5
S06,16,DMT,High,0.0589025225484515,z,6.5
S06,16,DMT,Low,0.3175384931948287,z,6.5
S06,16,RS,High,-0.7968677843425841,z,6.5
S06,16,RS,Low,0.2506473773641509,z,6.5
S06,17,DMT,High,0.2778633982160526,z,7.5
S06,17,DMT,Low,-0.039000822932541,z,7.5
S06,17,RS,High,-1.0788911344952088,z,7.5
S06,17,RS,Low,-0.44324817725674,z,7.5
S06,18,DMT,High,-0.0235094662511994,z,8.5
S06,18,DMT,Low,0.475425574857056,z,8.5
S06,18,RS,High,-1.5184634532002597,z,8.5
S06,18,RS,Low,0.3658077727833025,z,8.5
S07,1,DMT,High,1.5431892626140944,z,-8.5
S07,1,DMT,Low,0.213164211312937,z,-8.5
S07,1,RS,High,-0.4314384185688859,z,-8.5
S07,1,RS,Low,-0.6586827220096656,z,-8.5
S07,2,DMT,High,2.286143766935284,z,-7.5
S07,2,DMT,Low,0.8559666852068762,z,-7.5
S07,2,RS,High,-0.5634756088767459,z,-7.5
S07,2,RS,Low,-0.7418288663683998,z,-7.5
S07,3,DMT,High,2.813587675428189,z,-6.5
S07,3,DMT,Low,1.2032367323067714,z,-6.5
S07,3,RS,High,-0.4331037047660482,z,-6.5
S07,3,RS,Low,-0.7935166584628783,z,-6.5
S07,4,DMT,High,2.793844012716885,z,-5.5
S07,4,DMT,Low,1.5410025865720185,z,-5.5
S07,4,RS,High,-0.631054829096406,z,-5.5
S07,4,RS,Low,-0.512203413847682,z,-5.5
S07,5,DMT,High,2.5902763916513214,z,-4.5
S07,5,DMT,Low,1.7560960641211367,z,-4.5
S07,5,RS,High,-0.3781926500164177,z,-4.5
S07,5,RS,Low,-0.620226590595339,z,-4.5
S07,6,DMT,High,2.293364226644851,z,-3.5
S07,6,DMT,Low,1.2230014164163563,z,-3.5
S07,6,RS,High,-0.4767991911709636,z,-3.5
S07,6,RS,Low,-0.8215047047711992,z,-3.5
S07,7,DMT,High,1.8230975042897053,z,-2.5
S07,7,DMT,Low,0.5706156946514517,z,-2.5
S07,7,RS,High,-0.5383702279975899,z,-2.5
S07,7,RS,Low,-0.7368932659360251,z,-2.5
S07,8,DMT,High,1.2405443123668227,z,-1.5
S07,8,DMT,Low,0.105231738992488,z,-1.5
S07,8,RS,High,-0.4641831824622555,z,-1.5
S07,8,RS,Low,-0.8175741216138942,z,-1.5
S07,9,DMT,High,1.1639452882570296,z,-0.5
S07,9,DMT,Low,-0.1734132647811331,z,-0.5
S07,9,RS,High,-0.3865592375042873,z,-0.5
S07,9,RS,Low,-0.8395545285030549,z,-0.5
S07,10,DMT,High,0.7742515579277658,z,0.5
S07,10,DMT,Low,-0.2600359817788788,z,0.5
S07,10,RS,High,-0.4587255189427214,z,0.5
S07,10,RS,Low,-0.8107244572371107,z,0.5
S07,11,DMT,High,0.5272406802529805,z,1.5
S07,11,DMT,Low,0.045015108950306,z,1.5
S07,11,RS,High,-0.4464291735557945,z,1.5
S07,11,RS,Low,-0.8141160758175909,z,1.5
S07,12,DMT,High,0.2188874531708291,z,2.5
S07,12,DMT,Low,-0.27243639096147,z,2.5
S07,12,RS,High,-0.7290813285272894,z,2.5
S07,12,RS,Low,-0.8997263215158176,z,2.5
S07,13,DMT,High,0.2223945056506009,z,3.5
S07,13,DMT,Low,-0.3412683121132308,z,3.5
S07,13,RS,High,-0.5677407935275802,z,3.5
S07,13,RS,Low,-0.7821210531597728,z,3.5
S07,14,DMT,High,0.0712133941844055,z,4.5
S07,14,DMT,Low,-0.4942820533318503,z,4.5
S07,14,RS,High,-0.2604451489230913,z,4.5
S07,14,RS,Low,-0.9276830595472384,z,4.5
S07,15,DMT,High,0.0620602388002648,z,5.5
S07,15,DMT,Low,-0.7740077828296746,z,5.5
S07,15,RS,High,-0.7818480199410215,z,5.5
S07,15,RS,Low,-0.8108927766729565,z,5.5
S07,16,DMT,High,0.0092770463665646,z,6.5
S07,16,DMT,Low,-0.7231529479865428,z,6.5
S07,16,RS,High,-0.5383867357479423,z,6.5
S07,16,RS,Low,-0.9414773403630768,z,6.5
S07,17,DMT,High,-0.0792525687600706,z,7.5
S07,17,DMT,Low,-0.7410198803782077,z,7.5
S07,17,RS,High,-0.8047258790617512,z,7.5
S07,17,RS,Low,-0.6599449611140933,z,7.5
S07,18,DMT,High,-0.0059768174063943,z,8.5
S07,18,DMT,Low,-0.6040245050470193,z,8.5
S07,18,RS,High,-0.7029492289404158,z,8.5
S07,18,RS,Low,-0.6955972552504623,z,8.5
S08,1,DMT,High,0.0456531435221277,z,-8.5
S08,1,DMT,Low,0.2798947615491247,z,-8.5
S08,1,RS,High,-1.1519615322920769,z,-8.5
S08,1,RS,Low,-0.4309179523939718,z,-8.5
S08,2,DMT,High,0.8265216902864583,z,-7.5
S08,2,DMT,Low,1.1147418373317006,z,-7.5
S08,2,RS,High,-1.1702698008569672,z,-7.5
S08,2,RS,Low,-0.3777514698602412,z,-7.5
S08,3,DMT,High,1.863462453645783,z,-6.5
S08,3,DMT,Low,1.0676153184258228,z,-6.5
S08,3,RS,High,-1.1743469661539985,z,-6.5
S08,3,RS,Low,-0.3835645734597715,z,-6.5
S08,4,DMT,High,2.4419239385397,z,-5.5
S08,4,DMT,Low,1.585611287188942,z,-5.5
S08,4,RS,High,-1.0620414661222162,z,-5.5
S08,4,RS,Low,-0.5188473296078704,z,-5.5
S08,5,DMT,High,2.137017336698797,z,-4.5
S08,5,DMT,Low,1.4494334884378433,z,-4.5
S08,5,RS,High,-0.9947213298538332,z,-4.5
S08,5,RS,Low,-0.5566617081455661,z,-4.5
S08,6,DMT,High,2.076282480937483,z,-3.5
S08,6,DMT,Low,0.8435088334882422,z,-3.5
S08,6,RS,High,-0.9228280797521664,z,-3.5
S08,6,RS,Low,-0.4485161311605536,z,-3.5
S08,7,DMT,High,1.6136609769650163,z,-2.5
S08,7,DMT,Low,0.7683295565111061,z,-2.5
S08,7,RS,High,-1.175654025423796,z,-2.5
S08,7,RS,Low,-0.4529922428906502,z,-2.5
S08,8,DMT,High,1.5251219760437713,z,-1.5
S08,8,DMT,Low,0.6155346903919128,z,-1.5
S08,8,RS,High,-1.312887164166478,z,-1.5
S08,8,RS,Low,-0.5392290620241028,z,-1.5
S08,9,DMT,High,1.3796760065640024,z,-0.5
S08,9,DMT,Low,0.4082342825569456,z,-0.5
S08,9,RS,High,-1.246316336132962,z,-0.5
S08,9,RS,Low,-0.3900480454188616,z,-0.5
S08,10,DMT,High,1.404307290987321,z,0.5
S08,10,DMT,Low,0.3296659089291974,z,0.5
S08,10,RS,High,-1.1272072364567598,z,0.5
S08,10,RS,Low,0.1025672788374331,z,0.5
S08,11,DMT,High,1.14033298376651,z,1.5
S08,11,DMT,Low,0.265295721002887,z,1.5
S08,11,RS,High,-1.1727600259993405,z,1.5
S08,11,RS,Low,-0.1914331187503065,z,1.5
S08,12,DMT,High,0.8786328330314752,z,2.5
S08,12,DMT,Low,-0.6131984044272581,z,2.5
S08,12,RS,High,-0.7346265228171149,z,2.5
S08,12,RS,Low,-0.3330795380914051,z,2.5
S08,13,DMT,High,0.8233530143435897,z,3.5
S08,13,DMT,Low,-0.5209602584913312,z,3.5
S08,13,RS,High,-0.661802281238398,z,3.5
S08,13,RS,Low,-0.2886699427367397,z,3.5
S08,14,DMT,High,0.9495567832043084,z,4.5
S08,14,DMT,Low,-0.4020842213022803,z,4.5
S08,14,RS,High,-1.300739016776185,z,4.5
S08,14,RS,Low,-0.6661411953225547,z,4.5
S08,15,DMT,High,0.5441723817316947,z,5.5
S08,15,DMT,Low,-0.1775015038532744,z,5.5
S08,15,RS,High,-1.1284193246772745,z,5.5
S08,15,RS,Low,-0.3887153079767119,z,5.5
S08,16,DMT,High,1.000607688712052,z,6.5
S08,16,DMT,Low,-0.611839914454461,z,6.5
S08,16,RS,High,-1.3492042300227185,z,6.5
S08,16,RS,Low,-0.3924144809636283,z,6.5
S08,17,DMT,High,0.4333638478193742,z,7.5
S08,17,DMT,Low,-0.3617097306244517,z,7.5
S08,17,RS,High,-1.1676034492602174,z,7.5
S08,17,RS,Low,-0.511270419240721,z,7.5
S08,18,DMT,High,0.866796615439028,z,8.5
S08,18,DMT,Low,-0.8511696254806499,z,8.5
S08,18,RS,High,-1.1776724173859603,z,8.5
S08,18,RS,Low,-0.3410990248238245,z,8.5
S10,1,DMT,High,1.0571305323853162,z,-8.5
S10,1,DMT,Low,3.3205114064875203,z,-8.5
S10,1,RS,High,0.112879888933303,z,-8.5
S10,1,RS,Low,-0.1968485914107944,z,-8.5
S10,2,DMT,High,3.711837120800059,z,-7.5
S10,2,DMT,Low,1.2888036885332228,z,-7.5
S10,2,RS,High,-0.8079560177021924,z,-7.5
S10,2,RS,Low,-0.3026837318205366,z,-7.5
S10,3,DMT,High,2.4845762881966817,z,-6.5
S10,3,DMT,Low,0.9863739152776886,z,-6.5
S10,3,RS,High,-1.1813474726624285,z,-6.5
S10,3,RS,Low,-0.5622848513842441,z,-6.5
S10,4,DMT,High,1.9960170792645624,z,-5.5
S10,4,DMT,Low,0.5212706435638453,z,-5.5
S10,4,RS,High,-0.940421642194806,z,-5.5
S10,4,RS,Low,-0.502947911868813,z,-5.5
S10,5,DMT,High,2.039518260573266,z,-4.5
S10,5,DMT,Low,-0.0148956738677691,z,-4.5
S10,5,RS,High,-0.7093928856016531,z,-4.5
S10,5,RS,Low,-0.3125017743963967,z,-4.5
S10,6,DMT,High,2.305544234654665,z,-3.5
S10,6,DMT,Low,-0.141432390350864,z,-3.5
S10,6,RS,High,-0.8062339336792406,z,-3.5
S10,6,RS,Low,-0.248964828233153,z,-3.5
S10,7,DMT,High,1.2911859288865428,z,-2.5
S10,7,DMT,Low,-0.1620201845779463,z,-2.5
S10,7,RS,High,-0.9418661050470334,z,-2.5
S10,7,RS,Low,0.0486096223679664,z,-2.5
S10,8,DMT,High,1.2105723103219543,z,-1.5
S10,8,DMT,Low,-0.2161714627354916,z,-1.5
S10,8,RS,High,-0.8060342164415073,z,-1.5
S10,8,RS,Low,0.2576637940567267,z,-1.5
S10,9,DMT,High,0.4966586318693429,z,-0.5
S10,9,DMT,Low,-0.1271853955553259,z,-0.5
S10,9,RS,High,-0.9805049684383764,z,-0.5
S10,9,RS,Low,0.0366551749084155,z,-0.5
S10,10,DMT,High,0.9138147509357788,z,0.5
S10,10,DMT,Low,-0.4318511958481947,z,0.5
S10,10,RS,High,-0.7749376664835991,z,0.5
S10,10,RS,Low,0.2281867335400989,z,0.5
S10,11,DMT,High,0.4307578192541921,z,1.5
S10,11,DMT,Low,-0.6019816272572323,z,1.5
S10,11,RS,High,-0.4386562136368677,z,1.5
S10,11,RS,Low,-0.1705369564472503,z,1.5
S10,12,DMT,High,-0.1201058818632048,z,2.5
S10,12,DMT,Low,-0.5328271509780259,z,2.5
S10,12,RS,High,-0.4125846457324627,z,2.5
S10,12,RS,Low,-0.0756426514598217,z,2.5
S10,13,DMT,High,-0.3796674179535375,z,3.5
S10,13,DMT,Low,-0.4099590483132753,z,3.5
S10,13,RS,High,0.0804147663508081,z,3.5
S10,13,RS,Low,-0.1625063014454219,z,3.5
S10,14,DMT,High,-0.6068627862951401,z,4.5
S10,14,DMT,Low,-0.3145292130413568,z,4.5
S10,14,RS,High,-0.6440605206085056,z,4.5
S10,14,RS,Low,0.3353733417373455,z,4.5
S10,15,DMT,High,-0.4592774682684928,z,5.5
S10,15,DMT,Low,0.2010077997858115,z,5.5
S10,15,RS,High,-0.3689433897622112,z,5.5
S10,15,RS,Low,-0.2602196858947421,z,5.5
S10,16,DMT,High,-0.7575148482988376,z,6.5
S10,16,DMT,Low,-0.5777788692881085,z,6.5
S10,16,RS,High,-0.9445957055573544,z,6.5
S10,16,RS,Low,-0.0559362155695086,z,6.5
S10,17,DMT,High,-0.5413461688586849,z,7.5
S10,17,DMT,Low,-1.01201646610621,z,7.5
S10,17,RS,High,-0.9276904117366376,z,7.5
S10,17,RS,Low,-0.3103654471260487,z,7.5
S10,18,DMT,High,-1.2391011516918893,z,8.5
S10,18,DMT,Low,-0.7869783035643337,z,8.5
S10,18,RS,High,-0.4960694740730592,z,8.5
S10,18,RS,Low,-0.5791268115565249,z,8.5
S11,1,DMT,High,0.11080885796994,z,-8.5
S11,1,DMT,Low,-1.4268289133307934,z,-8.5
S11,1,RS,High,-0.8083225073992696,z,-8.5
S11,1,RS,Low,-0.6529179063503571,z,-8.5
S11,2,DMT,High,0.4232230623815654,z,-7.5
S11,2,DMT,Low,-0.3614109381395415,z,-7.5
S11,2,RS,High,-1.081202019827601,z,-7.5
S11,2,RS,Low,-0.6692004157369729,z,-7.5
S11,3,DMT,High,2.6607638779112968,z,-6.5
S11,3,DMT,Low,0.8280755492275451,z,-6.5
S11,3,RS,High,-0.4227314963059249,z,-6.5
S11,3,RS,Low,-1.0774611200753663,z,-6.5
S11,4,DMT,High,3.282408165706288,z,-5.5
S11,4,DMT,Low,0.509390549613365,z,-5.5
S11,4,RS,High,-0.8772769891115041,z,-5.5
S11,4,RS,Low,-0.5875641327744239,z,-5.5
S11,5,DMT,High,3.1524645984676427,z,-4.5
S11,5,DMT,Low,0.6034033155692682,z,-4.5
S11,5,RS,High,-0.616614887893023,z,-4.5
S11,5,RS,Low,-0.516439808440082,z,-4.5
S11,6,DMT,High,2.6915337615764696,z,-3.5
S11,6,DMT,Low,0.3561137722394008,z,-3.5
S11,6,RS,High,-0.396941133070588,z,-3.5
S11,6,RS,Low,-0.4589706903185137,z,-3.5
S11,7,DMT,High,1.5375414241397112,z,-2.5
S11,7,DMT,Low,0.5548400891113979,z,-2.5
S11,7,RS,High,-0.7598193698654935,z,-2.5
S11,7,RS,Low,-0.6216214936471389,z,-2.5
S11,8,DMT,High,2.036693296403425,z,-1.5
S11,8,DMT,Low,0.4521531341651601,z,-1.5
S11,8,RS,High,-0.8319790927018843,z,-1.5
S11,8,RS,Low,-0.7035934786126405,z,-1.5
S11,9,DMT,High,1.0764209355571055,z,-0.5
S11,9,DMT,Low,0.2291538603283748,z,-0.5
S11,9,RS,High,-0.7964521067443282,z,-0.5
S11,9,RS,Low,-0.4540163556281621,z,-0.5
S11,10,DMT,High,1.0882861048548869,z,0.5
S11,10,DMT,Low,0.0439260202462628,z,0.5
S11,10,RS,High,-0.7168250214704,z,0.5
S11,10,RS,Low,-0.4305527680603728,z,0.5
S11,11,DMT,High,0.7533010634077482,z,1.5
S11,11,DMT,Low,0.2338425693571661,z,1.5
S11,11,RS,High,-0.7948731778658409,z,1.5
S11,11,RS,Low,-0.3721857564511777,z,1.5
S11,12,DMT,High,0.3439347381513983,z,2.5
S11,12,DMT,Low,-0.2913138384766293,z,2.5
S11,12,RS,High,-0.8208226214932568,z,2.5
S11,12,RS,Low,-0.200167103053984,z,2.5
S11,13,DMT,High,0.5455792145001525,z,3.5
S11,13,DMT,Low,-0.2553880343870459,z,3.5
S11,13,RS,High,-0.7367931072641829,z,3.5
S11,13,RS,Low,-0.3502803078837614,z,3.5
S11,14,DMT,High,0.67852601935452,z,4.5
S11,14,DMT,Low,-0.2324649968508907,z,4.5
S11,14,RS,High,-0.53935012644486,z,4.5
S11,14,RS,Low,-1.0148253384494337,z,4.5
S11,15,DMT,High,0.7344825168254976,z,5.5
S11,15,DMT,Low,-0.0139620572812799,z,5.5
S11,15,RS,High,-0.4802198973696149,z,5.5
S11,15,RS,Low,-0.5607549579132631,z,5.5
S11,16,DMT,High,0.8742979573863355,z,6.5
S11,16,DMT,Low,-0.1696094037953171,z,6.5
S11,16,RS,High,-0.873693840691065,z,6.5
S11,16,RS,Low,-0.7224248202394695,z,6.5
S11,17,DMT,High,0.3598382787675018,z,7.5
S11,17,DMT,Low,0.0935913158466654,z,7.5
S11,17,RS,High,-0.8873097453136092,z,7.5
S11,17,RS,Low,-0.7834374972917794,z,7.5
S11,18,DMT,High,1.2129160436217818,z,8.5
S11,18,DMT,Low,-0.496889724217591,z,8.5
S11,18,RS,High,-0.7166005349651441,z,8.5
S11,18,RS,Low,-0.8854005594842939,z,8.5
S15,1,DMT,High,-0.8253240862180435,z,-8.5
S15,1,DMT,Low,0.280805845903344,z,-8.5
S15,1,RS,High,-1.5387139153267415,z,-8.5
S15,1,RS,Low,-0.1439686749410275,z,-8.5
S15,2,DMT,High,-0.4206004829515495,z,-7.5
S15,2,DMT,Low,0.4516486386356961,z,-7.5
S15,2,RS,High,-1.22685600376772,z,-7.5
S15,2,RS,Low,-0.1971446490018554,z,-7.5
S15,3,DMT,High,0.4595708849907212,z,-6.5
S15,3,DMT,Low,1.46347488148485,z,-6.5
S15,3,RS,High,-1.1789601646689831,z,-6.5
S15,3,RS,Low,-0.2583085144111718,z,-6.5
S15,4,DMT,High,1.31411615548073,z,-5.5
S15,4,DMT,Low,1.1721395039307232,z,-5.5
S15,4,RS,High,-1.3157954076722498,z,-5.5
S15,4,RS,Low,-0.3561293899722605,z,-5.5
S15,5,DMT,High,1.1976232256922756,z,-4.5
S15,5,DMT,Low,1.443016443520499,z,-4.5
S15,5,RS,High,-1.3160386864082714,z,-4.5
S15,5,RS,Low,-0.1689152987716339,z,-4.5
S15,6,DMT,High,2.5948890155003963,z,-3.5
S15,6,DMT,Low,0.8320821923352123,z,-3.5
S15,6,RS,High,-1.1107864298608938,z,-3.5
S15,6,RS,Low,-0.0972931369922751,z,-3.5
S15,7,DMT,High,2.3380152647731696,z,-2.5
S15,7,DMT,Low,0.6021903070589978,z,-2.5
S15,7,RS,High,-1.1009117942300186,z,-2.5
S15,7,RS,Low,-0.3419531993537411,z,-2.5
S15,8,DMT,High,2.108809813444029,z,-1.5
S15,8,DMT,Low,0.2512792020999646,z,-1.5
S15,8,RS,High,-1.2234223178308352,z,-1.5
S15,8,RS,Low,-0.5223178174546383,z,-1.5
S15,9,DMT,High,1.5684703077457265,z,-0.5
S15,9,DMT,Low,0.2836298821040003,z,-0.5
S15,9,RS,High,-1.3209145318337323,z,-0.5
S15,9,RS,Low,-0.1842303450246289,z,-0.5
S15,10,DMT,High,1.1366903978117135,z,0.5
S15,10,DMT,Low,0.1567703535427144,z,0.5
S15,10,RS,High,-1.3958388375245283,z,0.5
S15,10,RS,Low,-0.0393178307254339,z,0.5
S15,11,DMT,High,1.2532440312601516,z,1.5
S15,11,DMT,Low,0.3666255219802471,z,1.5
S15,11,RS,High,-1.1573780289028113,z,1.5
S15,11,RS,Low,-0.3035497865779877,z,1.5
S15,12,DMT,High,1.4347524801572145,z,2.5
S15,12,DMT,Low,0.2331391270523904,z,2.5
S15,12,RS,High,-1.1654164993630127,z,2.5
S15,12,RS,Low,-0.4642010107671173,z,2.5
S15,13,DMT,High,1.0975036673671346,z,3.5
S15,13,DMT,Low,0.1152408755938394,z,3.5
S15,13,RS,High,-1.359677810487148,z,3.5
S15,13,RS,Low,-0.2402037123549155,z,3.5
S15,14,DMT,High,1.2336548689771765,z,4.5
S15,14,DMT,Low,0.4444601506454079,z,4.5
S15,14,RS,High,-1.2266707246467443,z,4.5
S15,14,RS,Low,-0.5568302596290151,z,4.5
S15,15,DMT,High,1.2385138184878082,z,5.5
S15,15,DMT,Low,0.4976866424190385,z,5.5
S15,15,RS,High,-1.4106222867521587,z,5.5
S15,15,RS,Low,-0.2298918055398131,z,5.5
S15,16,DMT,High,0.2941639609484961,z,6.5
S15,16,DMT,Low,-0.0953252287338746,z,6.5
S15,16,RS,High,-1.1795202415606014,z,6.5
S15,16,RS,Low,0.3475169025806834,z,6.5
S15,17,DMT,High,0.0980654333984082,z,7.5
S15,17,DMT,Low,0.057782666021039,z,7.5
S15,17,RS,High,-1.1458385848584935,z,7.5
S15,17,RS,Low,-0.2025384168565236,z,7.5
S15,18,DMT,High,0.1698705596977854,z,8.5
S15,18,DMT,Low,0.289779077714351,z,8.5
S15,18,RS,High,-1.1896513186667457,z,8.5
S15,18,RS,Low,-0.6161648697167393,z,8.5
S16,1,DMT,High,1.0136444557492577,z,-8.5
S16,1,DMT,Low,-0.5468541579403295,z,-8.5
S16,1,RS,High,-0.1726469511045583,z,-8.5
S16,1,RS,Low,-0.6390841598172435,z,-8.5
S16,2,DMT,High,1.2272998784574527,z,-7.5
S16,2,DMT,Low,-1.3434095442398122,z,-7.5
S16,2,RS,High,-0.4275757066158329,z,-7.5
S16,2,RS,Low,-0.9667542450207194,z,-7.5
S16,3,DMT,High,0.7318692056386445,z,-6.5
S16,3,DMT,Low,-0.9778321598512992,z,-6.5
S16,3,RS,High,-0.3579611097509142,z,-6.5
S16,3,RS,Low,-1.1169905506736535,z,-6.5
S16,4,DMT,High,1.6625175489789397,z,-5.5
S16,4,DMT,Low,0.3144542377134437,z,-5.5
S16,4,RS,High,-0.3748102821931582,z,-5.5
S16,4,RS,Low,-1.079683443140822,z,-5.5
S16,5,DMT,High,1.7280771805604336,z,-4.5
S16,5,DMT,Low,0.6952594728963214,z,-4.5
S16,5,RS,High,-0.1873723073698739,z,-4.5
S16,5,RS,Low,-1.047648761819497,z,-4.5
S16,6,DMT,High,2.034250629601692,z,-3.5
S16,6,DMT,Low,0.7921328102644215,z,-3.5
S16,6,RS,High,-0.4998499212758743,z,-3.5
S16,6,RS,Low,-1.0200803464090236,z,-3.5
S16,7,DMT,High,2.1642739538629985,z,-2.5
S16,7,DMT,Low,0.2217292702859407,z,-2.5
S16,7,RS,High,-0.4294431517896044,z,-2.5
S16,7,RS,Low,-1.0208742012264365,z,-2.5
S16,8,DMT,High,2.091680419462969,z,-1.5
S16,8,DMT,Low,-0.3280760860331823,z,-1.5
S16,8,RS,High,-0.2043915975211494,z,-1.5
S16,8,RS,Low,-0.9741011769141642,z,-1.5
S16,9,DMT,High,1.9992148993503045,z,-0.5
S16,9,DMT,Low,-0.0536190280541837,z,-0.5
S16,9,RS,High,-0.3471538142156999,z,-0.5
S16,9,RS,Low,-0.9286346706933258,z,-0.5
S16,10,DMT,High,2.146151681848289,z,0.5
S16,10,DMT,Low,-0.1239578598764837,z,0.5
S16,10,RS,High,-0.3335762238221266,z,0.5
S16,10,RS,Low,-0.9938389476808648,z,0.5
S16,11,DMT,High,2.1304559398130327,z,1.5
S16,11,DMT,Low,-0.3404690038909057,z,1.5
S16,11,RS,High,-0.3667543635407114,z,1.5
S16,11,RS,Low,-0.958917022819752,z,1.5
S16,12,DMT,High,1.7147686739462662,z,2.5
S16,12,DMT,Low,-0.5480679013549073,z,2.5
S16,12,RS,High,-0.2422398883491508,z,2.5
S16,12,RS,Low,-1.0404286825879117,z,2.5
S16,13,DMT,High,1.353802724149771,z,3.5
S16,13,DMT,Low,-0.5950562567127576,z,3.5
S16,13,RS,High,-0.3104710247722304,z,3.5
S16,13,RS,Low,-1.0962691378619116,z,3.5
S16,14,DMT,High,1.2946554002003512,z,4.5
S16,14,DMT,Low,-0.4420877858822535,z,4.5
S16,14,RS,High,-0.4277380242442669,z,4.5
S16,14,RS,Low,-1.0904316564775491,z,4.5
S16,15,DMT,High,1.2250022668030058,z,5.5
S16,15,DMT,Low,0.3202198324610259,z,5.5
S16,15,RS,High,-0.3499962479019396,z,5.5
S16,15,RS,Low,-1.0767776768185726,z,5.5
S16,16,DMT,High,0.7374299765434744,z,6.5
S16,16,DMT,Low,-0.1801282851863955,z,6.5
S16,16,RS,High,0.0843561561875356,z,6.5
S16,16,RS,Low,-0.9580095752255724,z,6.5
S16,17,DMT,High,1.0117269324453833,z,7.5
S16,17,DMT,Low,0.132849049577288,z,7.5
S16,17,RS,High,-0.2084507560531262,z,7.5
S16,17,RS,Low,-1.0442263816685706,z,7.5
S16,18,DMT,High,0.5589671069706887,z,8.5
S16,18,DMT,Low,-0.3829486103923867,z,8.5
S16,18,RS,High,-0.1808704318788271,z,8.5
S16,18,RS,Low,-1.0502305850993994,z,8.5
S18,1,DMT,High,2.1426227809199783,z,-8.5
S18,1,DMT,Low,0.5004827380270143,z,-8.5
S18,1,RS,High,-1.1196404493625307,z,-8.5
S18,1,RS,Low,-0.1320382293408923,z,-8.5
S18,2,DMT,High,1.1323244489607018,z,-7.5
S18,2,DMT,Low,2.8328078737488696,z,-7.5
S18,2,RS,High,-0.9492720300411964,z,-7.5
S18,2,RS,Low,0.2243232176989595,z,-7.5
S18,3,DMT,High,1.608903373046806,z,-6.5
S18,3,DMT,Low,3.0936758044890325,z,-6.5
S18,3,RS,High,-0.3767614428432547,z,-6.5
S18,3,RS,Low,-0.1073748023118861,z,-6.5
S18,4,DMT,High,2.74508203431535,z,-5.5
S18,4,DMT,Low,2.6576661807331434,z,-5.5
S18,4,RS,High,-0.8013793446541078,z,-5.5
S18,4,RS,Low,0.3604570540159553,z,-5.5
S18,5,DMT,High,2.353380435731364,z,-4.5
S18,5,DMT,Low,0.6771537881373633,z,-4.5
S18,5,RS,High,-0.7608911960300496,z,-4.5
S18,5,RS,Low,0.1423553781525569,z,-4.5
S18,6,DMT,High,1.5326163320009667,z,-3.5
S18,6,DMT,Low,0.3664308932143982,z,-3.5
S18,6,RS,High,-0.8207113214740033,z,-3.5
S18,6,RS,Low,-0.1325608384220518,z,-3.5
S18,7,DMT,High,0.9931715806627868,z,-2.5
S18,7,DMT,Low,0.4948268261046969,z,-2.5
S18,7,RS,High,-0.6402328854630209,z,-2.5
S18,7,RS,Low,0.4847536257093669,z,-2.5
S18,8,DMT,High,0.4923702726643933,z,-1.5
S18,8,DMT,Low,-0.0778492699589557,z,-1.5
S18,8,RS,High,-0.2812235247936817,z,-1.5
S18,8,RS,Low,0.006497408610363,z,-1.5
S18,9,DMT,High,0.2607876823524558,z,-0.5
S18,9,DMT,Low,-0.405085216610529,z,-0.5
S18,9,RS,High,-0.7302801511736894,z,-0.5
S18,9,RS,Low,0.0848435435205061,z,-0.5
S18,10,DMT,High,-0.0743224344169931,z,0.5
S18,10,DMT,Low,-0.4939961052581434,z,0.5
S18,10,RS,High,-1.0038137961385107,z,0.5
S18,10,RS,Low,0.0243895896807318,z,0.5
S18,11,DMT,High,-0.094321123112052,z,1.5
S18,11,DMT,Low,-0.4511635368286691,z,1.5
S18,11,RS,High,-0.9940774588223786,z,1.5
S18,11,RS,Low,0.1305273447802452,z,1.5
S18,12,DMT,High,-0.3283210861519429,z,2.5
S18,12,DMT,Low,-0.6930927327033614,z,2.5
S18,12,RS,High,-0.9364446797438902,z,2.5
S18,12,RS,Low,-0.0292970196809057,z,2.5
S18,13,DMT,High,-0.7140133154866396,z,3.5
S18,13,DMT,Low,-0.8646308192752392,z,3.5
S18,13,RS,High,-0.6914456004854419,z,3.5
S18,13,RS,Low,0.1304113961389629,z,3.5
S18,14,DMT,High,-0.6656914021379706,z,4.5
S18,14,DMT,Low,-0.617574328578788,z,4.5
S18,14,RS,High,-1.0962114731677473,z,4.5
S18,14,RS,Low,-0.0765171152370396,z,4.5
S18,15,DMT,High,-0.6477187004018444,z,5.5
S18,15,DMT,Low,-0.6645098462762886,z,5.5
S18,15,RS,High,-1.069796997047073,z,5.5
S18,15,RS,Low,-0.1820223646226518,z,5.5
S18,16,DMT,High,-0.4471634579673057,z,6.5
S18,16,DMT,Low,-0.6600183961498071,z,6.5
S18,16,RS,High,-0.7469670844052981,z,6.5
S18,16,RS,Low,0.0948197165431624,z,6.5
S18,17,DMT,High,-0.5273761675209429,z,7.5
S18,17,DMT,Low,-0.8432517511861166,z,7.5
S18,17,RS,High,-0.8097170624475951,z,7.5
S18,17,RS,Low,0.105264077334974,z,7.5
S18,18,DMT,High,-0.7673125972173983,z,8.5
S18,18,DMT,Low,-0.6866359239058818,z,8.5
S18,18,RS,High,-0.6825644604853988,z,8.5
S18,18,RS,Low,0.2223441420440619,z,8.5
S19,1,DMT,High,0.6331745538578659,z,-8.5
S19,1,DMT,Low,-0.2931731535456973,z,-8.5
S19,1,RS,High,-0.5483401777316227,z,-8.5
S19,1,RS,Low,-0.8832054767567339,z,-8.5
S19,2,DMT,High,0.7693061109899939,z,-7.5
S19,2,DMT,Low,-0.1028354181471354,z,-7.5
S19,2,RS,High,-0.2748157801607863,z,-7.5
S19,2,RS,Low,-0.984225754075316,z,-7.5
S19,3,DMT,High,1.0087933425275182,z,-6.5
S19,3,DMT,Low,-0.0990847399968694,z,-6.5
S19,3,RS,High,-0.3690221859784267,z,-6.5
S19,3,RS,Low,-0.9129429031784806,z,-6.5
S19,4,DMT,High,1.790785658426767,z,-5.5
S19,4,DMT,Low,0.2024444247760192,z,-5.5
S19,4,RS,High,-0.4068787788504983,z,-5.5
S19,4,RS,Low,-0.7710802573031781,z,-5.5
S19,5,DMT,High,2.8291856341317976,z,-4.5
S19,5,DMT,Low,0.0437938502828185,z,-4.5
S19,5,RS,High,-0.2648603410573149,z,-4.5
S19,5,RS,Low,-0.8149454774599176,z,-4.5
S19,6,DMT,High,2.7191677605913878,z,-3.5
S19,6,DMT,Low,0.3142291701971768,z,-3.5
S19,6,RS,High,-0.4820116513709021,z,-3.5
S19,6,RS,Low,-0.7480930908121654,z,-3.5
S19,7,DMT,High,2.4702015593033506,z,-2.5
S19,7,DMT,Low,0.5293359958444732,z,-2.5
S19,7,RS,High,-0.5399304095966195,z,-2.5
S19,7,RS,Low,-0.8735252698146123,z,-2.5
S19,8,DMT,High,2.099707390723916,z,-1.5
S19,8,DMT,Low,0.1859979252038823,z,-1.5
S19,8,RS,High,-0.553722959834288,z,-1.5
S19,8,RS,Low,-0.7973154930895352,z,-1.5
S19,9,DMT,High,2.1153857767909505,z,-0.5
S19,9,DMT,Low,-0.3797359393911957,z,-0.5
S19,9,RS,High,-0.5620819617136839,z,-0.5
S19,9,RS,Low,-0.7918029479400012,z,-0.5
S19,10,DMT,High,1.7360446094909108,z,0.5
S19,10,DMT,Low,-0.4801529316127554,z,0.5
S19,10,RS,High,-0.337394178354229,z,0.5
S19,10,RS,Low,-0.7948392449765921,z,0.5
S19,11,DMT,High,1.7663622443851823,z,1.5
S19,11,DMT,Low,-0.3834721150286104,z,1.5
S19,11,RS,High,-0.2841411806503269,z,1.5
S19,11,RS,Low,-0.8240056785679284,z,1.5
S19,12,DMT,High,1.7095750977983537,z,2.5
S19,12,DMT,Low,-0.3113130523747408,z,2.5
S19,12,RS,High,-0.3519804016731261,z,2.5
S19,12,RS,Low,-0.7941363239989673,z,2.5
S19,13,DMT,High,1.4121512538684051,z,3.5
S19,13,DMT,Low,-0.4360960689451508,z,3.5
S19,13,RS,High,-0.3890307814732178,z,3.5
S19,13,RS,Low,-0.7430614068000324,z,3.5
S19,14,DMT,High,1.2011557180687698,z,4.5
S19,14,DMT,Low,-0.743020911109212,z,4.5
S19,14,RS,High,-0.4966942212132866,z,4.5
S19,14,RS,Low,-0.7975052675093177,z,4.5
S19,15,DMT,High,1.1307152896068722,z,5.5
S19,15,DMT,Low,-0.91992993989147,z,5.5
S19,15,RS,High,-0.5021389944900884,z,5.5
S19,15,RS,Low,-0.7978392438060319,z,5.5
S19,16,DMT,High,0.8837581851894503,z,6.5
S19,16,DMT,Low,-0.9443723478380528,z,6.5
S19,16,RS,High,-0.4875187217974591,z,6.5
S19,16,RS,Low,-0.6350211425055956,z,6.5
S19,17,DMT,High,0.6236419883904303,z,7.5
S19,17,DMT,Low,-0.9404765091947968,z,7.5
S19,17,RS,High,-0.4218252351165722,z,7.5
S19,17,RS,Low,-0.53607956207216,z,7.5
S19,18,DMT,High,0.5870056604932241,z,8.5
S19,18,DMT,Low,-0.9086699362248069,z,8.5
S19,18,RS,High,-0.4014044321871005,z,8.5
S19,18,RS,Low,-0.6461692037229076,z,8.5
S20,1,DMT,High,1.624639144676245,z,-8.5
S20,1,DMT,Low,-0.1940600828993449,z,-8.5
S20,1,RS,High,-0.2182416659635268,z,-8.5
S20,1,RS,Low,-1.0068270477462204,z,-8.5
S20,2,DMT,High,1.890216179993249,z,-7.5
S20,2,DMT,Low,1.7688703822187533,z,-7.5
S20,2,RS,High,-0.4540945650704144,z,-7.5
S20,2,RS,Low,-1.137547698960445,z,-7.5
S20,3,DMT,High,0.6784410367322387,z,-6.5
S20,3,DMT,Low,3.141943208534648,z,-6.5
S20,3,RS,High,-0.4230594844437947,z,-6.5
S20,3,RS,Low,-1.0175847954546666,z,-6.5
S20,4,DMT,High,0.9441408470077703,z,-5.5
S20,4,DMT,Low,0.8555011528887969,z,-5.5
S20,4,RS,High,-0.375437239934533,z,-5.5
S20,4,RS,Low,-1.0322329472385818,z,-5.5
S20,5,DMT,High,2.593531211590855,z,-4.5
S20,5,DMT,Low,0.2299661605459969,z,-4.5
S20,5,RS,High,-0.2749478201195999,z,-4.5
S20,5,RS,Low,-1.0670462817430222,z,-4.5
S20,6,DMT,High,2.9306069146906597,z,-3.5
S20,6,DMT,Low,-0.0813099408463396,z,-3.5
S20,6,RS,High,-0.1508627241142335,z,-3.5
S20,6,RS,Low,-0.983287392890444,z,-3.5
S20,7,DMT,High,1.189679766131505,z,-2.5
S20,7,DMT,Low,0.1406215484635432,z,-2.5
S20,7,RS,High,-0.0910725003163458,z,-2.5
S20,7,RS,Low,-0.912396675894274,z,-2.5
S20,8,DMT,High,0.8596307958077045,z,-1.5
S20,8,DMT,Low,-0.1358829406950917,z,-1.5
S20,8,RS,High,-0.1615058999996321,z,-1.5
S20,8,RS,Low,-0.9652747354212056,z,-1.5
S20,9,DMT,High,1.4659144258940664,z,-0.5
S20,9,DMT,Low,-0.4102598152515003,z,-0.5
S20,9,RS,High,-0.2705729264335395,z,-0.5
S20,9,RS,Low,-0.8808606185898149,z,-0.5
S20,10,DMT,High,1.5331096101447146,z,0.5
S20,10,DMT,Low,-0.2669987370350002,z,0.5
S20,10,RS,High,-0.2446697523073849,z,0.5
S20,10,RS,Low,-0.921065056074862,z,0.5
S20,11,DMT,High,1.6560083411922562,z,1.5
S20,11,DMT,Low,-0.4470625832925986,z,1.5
S20,11,RS,High,-0.1602638900203275,z,1.5
S20,11,RS,Low,-0.882106517398975,z,1.5
S20,12,DMT,High,1.3507084303257255,z,2.5
S20,12,DMT,Low,-0.4653163815771804,z,2.5
S20,12,RS,High,-0.3185986253694476,z,2.5
S20,12,RS,Low,-0.8172146041309275,z,2.5
S20,13,DMT,High,0.7744875942314539,z,3.5
S20,13,DMT,Low,-0.7124538287634409,z,3.5
S20,13,RS,High,-0.1448768239391761,z,3.5
S20,13,RS,Low,-0.8661230200089785,z,3.5
S20,14,DMT,High,0.6342946108983989,z,4.5
S20,14,DMT,Low,-0.7814455130312002,z,4.5
S20,14,RS,High,-0.2534048562825305,z,4.5
S20,14,RS,Low,-0.914989945806076,z,4.5
S20,15,DMT,High,0.6644500465161459,z,5.5
S20,15,DMT,Low,-0.7925104023785928,z,5.5
S20,15,RS,High,-0.2269816304748486,z,5.5
S20,15,RS,Low,-0.9509326389395828,z,5.5
S20,16,DMT,High,0.3403281547368231,z,6.5
S20,16,DMT,Low,-0.6431728971142334,z,6.5
S20,16,RS,High,-0.1632532622079445,z,6.5
S20,16,RS,Low,-0.9155223448443351,z,6.5
S20,17,DMT,High,0.3567609985788818,z,7.5
S20,17,DMT,Low,-0.7037461443532423,z,7.5
S20,17,RS,High,-0.1514381093149334,z,7.5
S20,17,RS,Low,-0.8337659745291264,z,7.5
S20,18,DMT,High,0.1342310830485892,z,8.5
S20,18,DMT,Low,-0.8013480973202586,z,8.5
S20,18,RS,High,-0.2475628262876984,z,8.5
S20,18,RS,Low,-0.8868913820195491,z,8.5
