subject,window,State,Dose,HR,SMNA_AUC,RVT,window_c
S04,1,DMT,High,-0.746564997565066,0.782128271525874,1.145703191466917,-18.5
S04,1,DMT,Low,0.301264289059812,1.0155701742032173,0.9070070094148908,-18.5
S04,2,DMT,High,-0.6427620804970557,0.8521964455214783,0.7730141053806865,-17.5
S04,2,DMT,Low,-0.2316347515745938,0.1560149327978252,3.395587974266362,-17.5
S04,3,DMT,High,-0.52224332101513,1.090391544445032,3.331585253149012,-16.5
S04,3,DMT,Low,1.8917862826009928,0.3184561779045382,-1.329447031212205,-16.5
S04,4,DMT,High,-0.5687631461772771,2.822089751768135,2.0838518454853947,-15.5
S04,4,DMT,Low,1.394505121451732,0.17096775891235,-0.823083371032477,-15.5
S04,5,DMT,High,-1.0995284210036491,2.318972609149817,2.1805730561313816,-14.5
S04,5,DMT,Low,0.9969924934388807,0.3539977505326255,-0.3097997417684284,-14.5
S04,6,DMT,High,0.0475176936102971,3.6564160445688993,1.5761531035275105,-13.5
S04,6,DMT,Low,1.21405701137961,0.1086134202604689,-0.4791323858800165,-13.5
S04,7,DMT,High,1.0953718899691791,4.467868803607631,-0.8883295392496641,-12.5
S04,7,DMT,Low,0.7823670022572488,0.1818666179386675,-0.2148625869390899,-12.5
S04,8,DMT,High,0.4325501994737918,2.428345758464848,-0.7136218811235029,-11.5
S04,8,DMT,Low,0.7107721012434439,-0.0051413923669512,-0.562786464065818,-11.5
S04,9,DMT,High,1.6053498336708072,0.6705444716314973,-0.0697318305454902,-10.5
S04,9,DMT,Low,0.5231213542039891,-0.3496237641212263,-0.8136175725598762,-10.5
S04,10,DMT,High,2.816247904169835,1.2413328647087591,1.897898718934944,-9.5
S04,10,DMT,Low,0.0815862247354654,-0.6199169652930548,0.4520506324634439,-9.5
S04,11,DMT,High,2.219344405980271,0.8768372114972861,-0.0625402196415775,-8.5
S04,11,DMT,Low,-0.4443481821300047,-0.3592277664437833,-0.3592344610886693,-8.5
S04,12,DMT,High,2.3236786073848195,-0.2269169803534776,0.2894447761179166,-7.5
S04,12,DMT,Low,-0.2578964167671119,-0.652467265436181,-0.584599109346852,-7.5
S04,13,DMT,High,1.9806411360760083,0.7161517877271003,0.2312940051302121,-6.5
S04,13,DMT,Low,-0.393638851317811,-0.6491816015110865,1.1738927916384427,-6.5
S04,14,DMT,High,1.8055712257847845,7.720347591646817e-05,-1.4136385079952698,-5.5
S04,14,DMT,Low,-0.6228660466689796,-0.2998648140430898,-0.4019012228377017,-5.5
S04,15,DMT,High,1.401712962203996,0.0324471285580961,-0.4796899330992911,-4.5
S04,15,DMT,Low,-0.8170024861050924,-0.4948818970955866,-0.8994155343176657,-4.5
S04,16,DMT,High,1.1722307688997395,-0.1190813366319135,-0.5814308487613999,-3.5
S04,16,DMT,Low,-0.3941286903732341,-0.5266258391889782,0.0005773325795264,-3.5
S04,17,DMT,High,0.919868803811432,-0.2634045154713036,-1.1965120720508562,-2.5
S04,17,DMT,Low,-0.8551366534795665,-0.5978128112187642,-0.0984820177640092,-2.5
S04,18,DMT,High,0.9298499046993548,-0.0720312318858732,-0.0776925265631353,-1.5
S04,18,DMT,Low,-0.6566262490735764,-0.5647676819253321,0.2304265553651642,-1.5
S04,19,DMT,High,0.5212441134234034,-0.1620054335147283,-0.1709104987477828,-0.5
S04,19,DMT,Low,-0.6329727777247889,-0.7281703281665753,1.4353452769233612,-0.5
S04,20,DMT,High,0.5754672365185537,0.0437930127211343,0.3510684260933759,0.5
S04,20,DMT,Low,-0.7971938409293966,-0.7290571574811618,1.3726306809846711,0.5
S04,21,DMT,High,0.5779910235502193,0.3730507814475368,-1.1296195497854953,1.5
S04,21,DMT,Low,-0.8040202917194808,-0.7459015809207352,0.8259762023882118,1.5
S04,22,DMT,High,0.5496307729587722,-0.4338427732951994,-0.4779271845251518,2.5
S04,22,DMT,Low,-0.5542095491414766,-0.1090695293014651,0.5947849675846921,2.5
S04,23,DMT,High,0.2659548901431458,-0.0044125377664458,-1.215031682653742,3.5
S04,23,DMT,Low,-0.8422725397774372,-0.6865581620522893,0.2665518224940144,3.5
S04,24,DMT,High,0.4169655544513697,-0.0260272271333467,-0.2409741067069766,4.5
S04,24,DMT,Low,-1.0917499522730898,-0.7065385445519136,-0.444576124541207,4.5
S04,25,DMT,High,0.2663810468427218,-0.2357339332958399,0.456457867183882,5.5
S04,25,DMT,Low,-1.291817965313767,-0.715494199883823,-0.5560885924977862,5.5
S04,26,DMT,High,0.4320008050898382,-0.1600632076424555,-0.2695130812313377,6.5
S04,26,DMT,Low,-1.440188790070303,-0.7393221502193634,-0.0610508516816088,6.5
S04,27,DMT,High,0.050660226294163,-0.5676304992970821,-1.049648905815902,7.5
S04,27,DMT,Low,-0.9542554529017456,-0.7295466634701883,-0.4155664171650378,7.5
S04,28,DMT,High,-0.4208299403358166,-0.3719683548666554,-0.3582753573926598,8.5
S04,28,DMT,Low,-0.94994660347363,-0.6505844457755852,0.34956701979309,8.5
S04,29,DMT,High,-0.2997860871675872,-0.1811859109129101,-1.178208260233419,9.5
S04,29,DMT,Low,-0.8691396623764258,-0.6893985556819907,-0.2785124650386107,9.5
S04,30,DMT,High,-0.7463714013832897,-0.6736283454137083,-0.5828368182848057,10.5
S04,30,DMT,Low,-1.285723376508497,-0.7368380138525578,0.4279222722972189,10.5
S04,31,DMT,High,-0.467170919974247,-0.4668537500317477,-1.0524018605424108,11.5
S04,31,DMT,Low,-1.1427645699339812,-0.7502008250084136,1.0349366510340607,11.5
S04,32,DMT,High,-0.1417483798666597,-0.6101710467730468,-1.2869149348621092,12.5
S04,32,DMT,Low,-1.273842571003279,-0.7466528557986315,-0.0416517489090216,12.5
S04,33,DMT,High,-0.1069918498058401,-0.5037581409462459,-0.5121299526088396,13.5
S04,33,DMT,Low,-1.0145687785846549,-0.7397372850378533,0.1069783955380641,13.5
S04,34,DMT,High,-0.4291755223405492,-0.1788860297143826,-0.3449006882259284,14.5
S04,34,DMT,Low,-0.7597829844767712,-0.712135458289239,-0.4627958483322659,14.5
S04,35,DMT,High,0.0990836252549369,0.0643860889605904,-1.6408883568246924,15.5
S04,35,DMT,Low,-1.4594676298275269,-0.7435958769268527,0.0897329442232139,15.5
S04,36,DMT,High,0.4319694729099625,-0.1187558677208987,-1.0674786862536891,16.5
S04,36,DMT,Low,-1.2438541908418,-0.74707557946791,0.5309149700419975,16.5
S04,37,DMT,High,0.2027329598661732,-0.0665706974897954,-0.4366284495006091,17.5
S04,37,DMT,Low,-1.243139562204581,-0.7493606825590183,-0.0864879520762456,17.5
S04,38,DMT,High,0.2170058723410996,-0.3209933742726784,-0.5244011225717278,18.5
S04,38,DMT,Low,-0.7373493320450798,-0.7038457248099875,0.7330405072203993,18.5
S06,1,DMT,High,-0.1324410823417714,0.6484314872262353,1.9515623521104752,-18.5
S06,1,DMT,Low,1.9775609448969864,2.304748301334864,1.4520034840021965,-18.5
S06,2,DMT,High,0.2977190001840522,1.025785542941813,1.2109122770207468,-17.5
S06,2,DMT,Low,2.7898067045801183,1.4408277836568664,1.86960962195334,-17.5
S06,3,DMT,High,0.7570983418823268,2.397515573252776,2.754578155357754,-16.5
S06,3,DMT,Low,2.742032305789664,1.3878837101817123,-0.6768955391314336,-16.5
S06,4,DMT,High,1.296128178561363,0.6478679834088771,0.7273011055040401,-15.5
S06,4,DMT,Low,1.49430556247648,1.635996641687307,-0.0999917803729345,-15.5
S06,5,DMT,High,0.4713671018344976,0.5337258755281307,1.337699875629948,-14.5
S06,5,DMT,Low,1.2322244677167575,1.9835039961282903,-0.6877122328606238,-14.5
S06,6,DMT,High,0.4149373254075786,1.09796488384501,1.6309292579738848,-13.5
S06,6,DMT,Low,-2.2297311887818623,1.0930469122653363,-0.1723168759712355,-13.5
S06,7,DMT,High,-0.361785725444787,0.1379926014308763,1.6584853422800985,-12.5
S06,7,DMT,Low,2.774717091527998,2.1114634389011164,-0.3699150493099548,-12.5
S06,8,DMT,High,0.4174869161592778,0.2425805206474252,1.704944326605385,-11.5
S06,8,DMT,Low,1.5808327590443854,0.2315335121580919,-0.7555885148694427,-11.5
S06,9,DMT,High,0.6868394145425383,0.5789243878781629,2.5704033925344607,-10.5
S06,9,DMT,Low,1.4932300353050978,0.8123408232203896,-1.0177385018846163,-10.5
S06,10,DMT,High,1.285253012203997,0.3892170829269397,1.5419797447804988,-9.5
S06,10,DMT,Low,1.1432679176086504,-0.2826235235383607,-0.914884608729921,-9.5
S06,11,DMT,High,0.0748417957657814,-0.4296998046893904,-0.241850504708273,-8.5
S06,11,DMT,Low,0.8890201881207139,0.4342062288213741,-0.8807089290010984,-8.5
S06,12,DMT,High,0.3000581088021729,-0.1819131092930619,1.0491516355295292,-7.5
S06,12,DMT,Low,0.7377047865420563,-0.019227991677181,-1.00361522610294,-7.5
S06,13,DMT,High,0.2641038331137973,-0.4313443285925626,-0.1734688006317205,-6.5
S06,13,DMT,Low,0.5427335913382892,-0.1290970820082559,-1.056480469751834,-6.5
S06,14,DMT,High,0.3502704707597475,-0.5064337551511447,0.125486086511992,-5.5
S06,14,DMT,Low,0.8990220577853443,-0.5093525908888007,-0.7187579486191686,-5.5
S06,15,DMT,High,0.2072936944656449,-0.4261301873175965,-0.0421477572254618,-4.5
S06,15,DMT,Low,0.2375509385574627,-0.8391012239942103,-1.186755908045123,-4.5
S06,16,DMT,High,0.0306653055372741,-0.0856355185462973,0.5381253158334546,-3.5
S06,16,DMT,Low,0.3318562854555064,-0.2321338178795179,-0.8997989326567839,-3.5
S06,17,DMT,High,0.2856531965922602,-0.6077711597242537,0.6052745317279865,-2.5
S06,17,DMT,Low,-0.0833466955351159,-0.7983757261934115,-1.13830178089741,-2.5
S06,18,DMT,High,-0.0653064481269332,0.0562086831921972,1.0424712442753403,-1.5
S06,18,DMT,Low,0.5157215255589226,-0.736993126387497,-0.9549939726155368,-1.5
S06,19,DMT,High,-0.4605077048857571,-0.6794487855317817,-0.0175235733856198,-0.5
S06,19,DMT,Low,-0.1313320102189735,-0.6041039411427798,-0.986395274315226,-0.5
S06,20,DMT,High,-0.4665727207595079,-0.5524790088279341,0.764840878381342,0.5
S06,20,DMT,Low,0.2862877761584106,-0.3558009070172824,-0.8692008690986687,0.5
S06,21,DMT,High,-0.5377901682148111,-0.4737390404848932,0.165124927756889,1.5
S06,21,DMT,Low,4.31071331997744e-06,2.071787010293917,-0.8442421490881714,1.5
S06,22,DMT,High,-1.015787632465493,-0.3726869499781687,-0.1999312458798455,2.5
S06,22,DMT,Low,-0.762826581984776,0.632520726262182,-0.5637457832654647,2.5
S06,23,DMT,High,-0.8700395956495522,-0.6892007321309174,0.5748227198204471,3.5
S06,23,DMT,Low,0.183150694246176,-0.5389698726305199,-0.7885148485167178,3.5
S06,24,DMT,High,-0.5429368766022423,-0.445370914828385,1.4526676730791734,4.5
S06,24,DMT,Low,-0.6294606110014633,-0.5573205840840344,-1.0710009478130016,4.5
S06,25,DMT,High,-0.922470266601378,-0.9475423893123256,0.4567808911911878,5.5
S06,25,DMT,Low,-0.5977085465377838,-0.908529787543684,-1.1771980796308923,5.5
S06,26,DMT,High,-1.31289492461922,-0.8045969473497262,-0.2444318920038,6.5
S06,26,DMT,Low,-0.3240665290021829,-0.4247434715398784,-0.5862874011623128,6.5
S06,27,DMT,High,-1.091388661068782,-0.9019976309975074,0.2300081413276068,7.5
S06,27,DMT,Low,-0.4449000651769311,-0.0627244514712762,-0.837049278645815,7.5
S06,28,DMT,High,-1.3128772247965996,-0.9692743715321764,-0.1307223099914724,8.5
S06,28,DMT,Low,-0.6824226093396234,-0.7971677522113139,-1.1199377148755485,8.5
S06,29,DMT,High,-0.9039605766563286,-0.5895697521034513,1.6035701516216498,9.5
S06,29,DMT,Low,0.1992933840912765,0.339743827855356,-0.5055857393716876,9.5
S06,30,DMT,High,-1.002057736422362,-0.8791739894352778,0.7006904773833298,10.5
S06,30,DMT,Low,-0.5570649047279111,0.5343749924504198,-0.6912694441672045,10.5
S06,31,DMT,High,-1.1063417603066024,-0.2954328940730192,0.1935042060342685,11.5
S06,31,DMT,Low,-0.6437737108944951,1.3307688232652348,-1.0783035275939294,11.5
S06,32,DMT,High,-1.0388310686509363,-0.7100647450749386,0.2406485416929477,12.5
S06,32,DMT,Low,0.6620924339850957,3.737836513875519,-0.3685519684093632,12.5
S06,33,DMT,High,-1.0265194169781184,-0.5653400292731603,0.4084526804125403,13.5
S06,33,DMT,Low,-0.8925783867510964,-0.9655720212527308,-0.9992057220483104,13.5
S06,34,DMT,High,-1.1216368071213132,-0.9814201986299368,-0.3228201767985528,14.5
S06,34,DMT,Low,-0.3632694856935855,-0.4460469061075818,-0.8561259240122601,14.5
S06,35,DMT,High,-1.3004143438572997,-1.021886257989169,0.1278966918040715,15.5
S06,35,DMT,Low,-0.3442486824369616,-0.9937810543252223,-0.8129877016839308,15.5
S06,36,DMT,High,-1.107225793537859,-1.0025793014109123,-0.1231026455386327,16.5
S06,36,DMT,Low,-0.6328760787179113,-0.6038117506065098,-1.0362638218705549,16.5
S06,37,DMT,High,-1.1854392510033405,-1.0488884261382123,-0.0176076357503588,17.5
S06,37,DMT,Low,-0.4893382531073806,-0.699205847037512,-0.9870912308864332,17.5
S06,38,DMT,High,-0.6272898232295676,-0.9432797853782152,0.4344030096279899,18.5
S06,38,DMT,Low,-0.530671508062404,-0.7912144213044439,-0.8973085005752884,18.5
S07,1,DMT,High,1.5705232532039857,1.584321764036197,1.5302798055869629,-18.5
S07,1,DMT,Low,0.1805806695776888,-0.4114074983949397,-0.9169034126135324,-18.5
S07,2,DMT,High,2.3469478041872467,4.55771080941869,2.5197757360729147,-17.5
S07,2,DMT,Low,0.8523413484096032,1.5374125099665532,-0.7206687004891366,-17.5
S07,3,DMT,High,2.8981530225937537,2.0733972264959424,1.1841479272315265,-16.5
S07,3,DMT,Low,1.2152558860040985,0.172446431564976,-0.6179672089094925,-16.5
S07,4,DMT,High,2.877519909305888,-0.2175588061407194,2.1033772769865178,-15.5
S07,4,DMT,Low,1.5682380675644347,2.127444203916241,0.0073938324717112,-15.5
S07,5,DMT,High,2.664781581640764,0.3173429309860893,3.5348418297317896,-14.5
S07,5,DMT,Low,1.793021490713726,0.3733553538146885,0.9797158670244452,-14.5
S07,6,DMT,High,2.354493545084281,-0.0003053490613727,2.6309693914399634,-13.5
S07,6,DMT,Low,1.2359109677027167,0.0078759271249429,0.385726149576315,-13.5
S07,7,DMT,High,1.8630413409138984,-0.0506865834122725,1.5746939013070722,-12.5
S07,7,DMT,Low,0.5541353163766599,0.3783233573557482,-0.2043199994484448,-12.5
S07,8,DMT,High,1.2542441698464084,0.7576146208049781,1.5447239488712905,-11.5
S07,8,DMT,Low,0.0677858471888211,-0.5283810406250303,-0.2981549313057263,-11.5
S07,9,DMT,High,1.1741943652429077,1.6676446719446332,0.7623895807896459,-10.5
S07,9,DMT,Low,-0.2234120938430202,-0.3800979130134315,-0.5094807316038911,-10.5
S07,10,DMT,High,0.7669449605591907,1.643454807719241,1.291518732388256,-9.5
S07,10,DMT,Low,-0.3139371579737964,0.3649004485038073,-0.6306245750660016,-9.5
S07,11,DMT,High,0.5088062607180026,-0.2254688053511183,0.793184842558365,-8.5
S07,11,DMT,Low,0.0048564623203044,-0.0691083688257565,0.6927029425810024,-8.5
S07,12,DMT,High,0.1865617430671651,-0.4547573458640129,0.6141105911833113,-7.5
S07,12,DMT,Low,-0.326896204692813,-0.5018064014272732,-0.1158300678559221,-7.5
S07,13,DMT,High,0.1902267880073925,0.5227389091274314,0.0999960060370725,-6.5
S07,13,DMT,Low,-0.3988289989120227,0.094860569058852,0.1989323348935402,-6.5
S07,14,DMT,High,0.0322349784085834,-0.4142772749702334,0.3470867445176882,-5.5
S07,14,DMT,Low,-0.558735998101,-0.53114702044912,-0.449552391928673,-5.5
S07,15,DMT,High,0.0226694740366776,-0.4632810628919745,0.4729961817276144,-4.5
S07,15,DMT,Low,-0.8510633514727224,-0.6304024980601031,-0.5962426882735979,-4.5
S07,16,DMT,High,-0.0324915973969529,0.5508901963802523,0.5729090816456119,-3.5
S07,16,DMT,Low,-0.7979175099995861,-0.5057857345064564,-0.7314631338866123,-3.5
S07,17,DMT,High,-0.1250094652793487,-0.3554020428177659,-0.5652320175564324,-2.5
S07,17,DMT,Low,-0.8165893464027063,-0.5053436502255658,-0.3497141900006579,-2.5
S07,18,DMT,High,-0.0484326466291673,-0.208165548635986,-0.1514306601305101,-1.5
S07,18,DMT,Low,-0.6734223393253559,-0.6585726289004418,-0.0332509567286625,-1.5
S07,19,DMT,High,-0.0266251435761576,0.1702748178862614,0.6881363311733816,-0.5
S07,19,DMT,Low,-0.8204524876252093,-0.465027757291753,-0.1324064997840369,-0.5
S07,20,DMT,High,-0.0638302886835697,-0.5006667078791921,0.4199473299419491,0.5
S07,20,DMT,Low,-0.6612779800581484,-0.552938373391024,-0.2665461751131057,0.5
S07,21,DMT,High,-0.3342553162433574,-0.6617505670348762,-0.108355790921053,1.5
S07,21,DMT,Low,-0.8563742704479921,-0.4931249700279636,-0.842633761943983,1.5
S07,22,DMT,High,-0.0868846531885702,0.0699071491589484,1.151202204841804,2.5
S07,22,DMT,Low,-0.526353088567344,-0.3844283806932403,-0.4020384390953459,2.5
S07,23,DMT,High,-0.1220572730208073,4.060726794599732,1.399478476602768,3.5
S07,23,DMT,Low,-0.6950834162856376,-0.5074959091270566,-0.5801343062460022,3.5
S07,24,DMT,High,-0.1350868014355289,0.1425370051079936,0.0492520009228247,4.5
S07,24,DMT,Low,-0.6845213146456091,-0.6363560648004164,-0.9455902176564166,4.5
S07,25,DMT,High,-0.3136070030419589,-0.4209374617658573,0.4241700880222687,5.5
S07,25,DMT,Low,-0.8183651697500618,-0.5569836226782874,-0.8640002748974492,5.5
S07,26,DMT,High,-0.2895687257544962,0.0121392786870178,-0.1807143974982289,6.5
S07,26,DMT,Low,-0.94715845322509,-0.6372985241219254,-0.9863353278933308,6.5
S07,27,DMT,High,-0.1998745514146697,0.4101212952367536,0.0455310140486877,7.5
S07,27,DMT,Low,-1.0004995484873502,-0.670548651922177,-1.2506269986334944,7.5
S07,28,DMT,High,-0.338140387089858,-0.6020504429352851,-0.5565635464015006,8.5
S07,28,DMT,Low,-0.9166769872820466,-0.6054613103757026,-1.1241429286741311,8.5
S07,29,DMT,High,-0.4334615025962167,-0.6252194000273835,-0.7305955388661944,9.5
S07,29,DMT,Low,-0.995980382904247,-0.6244395412092743,-1.103018582759992,9.5
S07,30,DMT,High,-0.3633865286480696,-0.5829665741024551,-0.3167744905551956,10.5
S07,30,DMT,Low,-0.895750364503163,0.1956237779825262,-0.4744365297049004,10.5
S07,31,DMT,High,-0.3392995368829148,-0.6515338821617536,0.2058041523937376,11.5
S07,31,DMT,Low,-0.7467721183930583,-0.0249729490671135,-0.9743193336060424,11.5
S07,32,DMT,High,-0.4455500036356835,-0.617348129927856,0.3011374597390146,12.5
S07,32,DMT,Low,-0.9491526951853482,-0.6876038179555057,-1.048757526076645,12.5
S07,33,DMT,High,-0.3118344341328326,-0.5971161709506472,-0.6623912873397695,13.5
S07,33,DMT,Low,-0.9695604947297044,-0.6427987375137736,-1.1974785104890815,13.5
S07,34,DMT,High,-0.3067226488640635,-0.3227048807599591,0.0345750773918969,14.5
S07,34,DMT,Low,-0.9763752888545116,-0.6433208459025742,-1.3121045020173454,14.5
S07,35,DMT,High,-0.4776461678406408,-0.6095700680568713,-0.3475566322039847,15.5
S07,35,DMT,Low,-1.0323686219096075,-0.5831417928835044,-1.445983528882218,15.5
S07,36,DMT,High,-0.3153374151952379,-0.5719518011109705,-0.1880044999890017,16.5
S07,36,DMT,Low,-0.8329204364079622,-0.6866292845475446,-1.1928957413079813,16.5
S07,37,DMT,High,-0.4710950851780798,-0.655826606968624,-0.006117171358795,17.5
S07,37,DMT,Low,-1.011133554969361,-0.6972203977456608,-1.3934321822048716,17.5
S07,38,DMT,High,-0.2971424872336163,1.5262810170949848,0.2943323404420458,18.5
S07,38,DMT,Low,-1.0085499147579244,-0.6879566754636789,-1.3302487922256048,18.5
S16,1,DMT,High,0.9053075332135652,0.3132276266632242,3.804539154385661,-18.5
S16,1,DMT,Low,-0.7635828721239178,0.6339531124038656,2.0003606077514684,-18.5
S16,2,DMT,High,1.133803401058635,0.8876610331722132,-0.4458380566263704,-17.5
S16,2,DMT,Low,-1.6154667699070748,3.3700688865770814,1.0849279515198362,-17.5
S16,3,DMT,High,0.6039602540517306,0.2218960389825879,-0.2530169760807805,-16.5
S16,3,DMT,Low,-1.2244964839599168,2.564330650149723,-0.0800006620277232,-16.5
S16,4,DMT,High,1.599251167685822,0.0878498696563313,1.4685073905126271,-15.5
S16,4,DMT,Low,0.1575517607000077,2.62436680168315,-0.079641666660579,-15.5
S16,5,DMT,High,1.6693645527051948,0.3601914974027548,1.4757049904691055,-14.5
S16,5,DMT,Low,0.5648076196439528,2.727376641168085,-0.2840670215268147,-14.5
S16,6,DMT,High,1.9968047227838608,0.0243239757535546,2.6604935862899444,-13.5
S16,6,DMT,Low,0.668409751583304,1.9531908771645232,-0.2615295215030178,-13.5
S16,7,DMT,High,2.1358594303152723,-0.2105472894981186,1.520788301039747,-12.5
S16,7,DMT,Low,0.0583861433021747,1.315147610004317,0.5124916872573712,-12.5
S16,8,DMT,High,2.058223569580157,-0.3385294585624692,0.2147045054342891,-11.5
S16,8,DMT,Low,-0.5296085373176835,2.891397890138107,0.8823010299722578,-11.5
S16,9,DMT,High,1.9593354206341544,0.3975380784466914,0.5888404476459195,-10.5
S16,9,DMT,Low,-0.2360877698398236,2.810510518751239,1.1123126560395096,-10.5
S16,10,DMT,High,2.116478390420109,0.7651568868574871,2.3654513792868683,-9.5
S16,10,DMT,Low,-0.3113123169948741,0.1631657283757981,0.6540085122416665,-9.5
S16,11,DMT,High,2.0996924265893835,0.2812027703649056,1.0913915425891785,-8.5
S16,11,DMT,Low,-0.5428622637391312,0.6948743273856397,0.038783445618894,-8.5
S16,12,DMT,High,1.6551316409916492,-0.0233554736387348,-0.3977516159771893,-7.5
S16,12,DMT,Low,-0.7648809218122423,-0.4731958872778122,0.0292958873839171,-7.5
S16,13,DMT,High,1.26909309857694,-0.0294039842579319,-0.9466107843454068,-6.5
S16,13,DMT,Low,-0.8151330750223593,-0.3107139892222513,0.2111752020897777,-6.5
S16,14,DMT,High,1.2058374182612828,-0.1862460956887297,-0.6259177038693701,-5.5
S16,14,DMT,Low,-0.6515394575409685,1.2941470515866738,-0.2167069226601244,-5.5
S16,15,DMT,High,1.1313461979495392,-0.3282264440284945,-1.3744800163776458,-4.5
S16,15,DMT,Low,0.1637178320254758,-0.1264291608285776,-0.1290563540117657,-4.5
S16,16,DMT,High,0.6099072745283515,-0.3161176017813039,-1.026417311683861,-3.5
S16,16,DMT,Low,-0.3713843241348207,0.3218287295512011,-0.5327011432498088,-3.5
S16,17,DMT,High,0.9032568192842008,0.3950872687980043,1.6177364511153964,-2.5
S16,17,DMT,Low,-0.0366676723588587,-0.6440254562235035,-0.0619990016556067,-2.5
S16,18,DMT,High,0.4190484245901087,-0.4288674681100285,-1.2170357605253492,-1.5
S16,18,DMT,Low,-0.5882924916745568,-0.6116849497702489,-0.0982291460794672,-1.5
S16,19,DMT,High,0.12914080740824,-0.3827780957757961,-1.6618537515818177,-0.5
S16,19,DMT,Low,-0.316724192510155,-0.705943952186249,-0.4717458513228248,-0.5
S16,20,DMT,High,0.3997769522812711,-0.4897250694906912,0.027880506264158,0.5
S16,20,DMT,Low,-0.0961223566234891,-0.6976038996820562,-0.5830149183353722,0.5
S16,21,DMT,High,0.1076763127450608,-0.6480483721241517,0.718308073520526,1.5
S16,21,DMT,Low,-0.8276193029513766,-0.6149391975716856,-0.6949882470683357,1.5
S16,22,DMT,High,-0.0264523965094826,-0.6482381214145116,-0.6819183875999894,2.5
S16,22,DMT,Low,-0.9662542458864436,-0.6769272438824501,-0.3346410786192992,2.5
S16,23,DMT,High,-0.1470610303588967,-0.420542557970901,-1.5850804329402213,3.5
S16,23,DMT,Low,-0.7139265992461925,-0.6987069400986121,-0.4624889099986679,3.5
S16,24,DMT,High,-0.0312205810949036,-0.3637002820256003,-0.2985118203473978,4.5
S16,24,DMT,Low,-0.6030853083503495,-0.6941531574441401,-0.5220516402468091,4.5
S16,25,DMT,High,-0.0666319374838736,-0.494052390513939,-0.9187484081956409,5.5
S16,25,DMT,Low,-0.9447083420632914,-0.701587560471783,-0.5165044536049473,5.5
S16,26,DMT,High,-0.1022048708649396,-0.5167937015009018,0.191964487137584,6.5
S16,26,DMT,Low,-0.7534793894434566,-0.353723285598874,-0.0142456109801393,6.5
S16,27,DMT,High,-0.2069566944913249,-0.6174086569322702,-1.380449126384806,7.5
S16,27,DMT,Low,-1.3263538216909632,-0.6880773015597418,-0.3901865506151668,7.5
S16,28,DMT,High,-0.1687950159291973,-0.4007383150776833,-1.0215276689395945,8.5
S16,28,DMT,Low,-1.4195987042466711,-0.6971433259529363,-1.014443359407588,8.5
S16,29,DMT,High,-0.0439222843099022,-0.6995234344298252,-0.4891156083020367,9.5
S16,29,DMT,Low,-1.7805506135961406,-0.6658829401929104,-0.9273636497223212,9.5
S16,30,DMT,High,0.0491878112841833,-0.5435277689095728,-0.2051646656258089,10.5
S16,30,DMT,Low,-1.5181843019880945,-0.7038520991729433,-1.3187602239933378,10.5
S16,31,DMT,High,0.0327825287132876,-0.3928863636024909,0.0145170315595022,11.5
S16,31,DMT,Low,-1.046655960985094,-0.6924680161645875,-0.9637318395355448,11.5
S16,32,DMT,High,0.075569009217477,-0.3501880324219493,0.407710053205434,12.5
S16,32,DMT,Low,-1.7546183162554774,-0.6914987548511894,-1.0600002419872785,12.5
S16,33,DMT,High,0.3056209605214011,0.1776436812615141,-0.7722237491434905,13.5
S16,33,DMT,Low,-1.5313097518756311,-0.7054250293109966,-0.4841748519823916,13.5
S16,34,DMT,High,0.143990555493038,-0.5795434680149508,0.9230264075457942,14.5
S16,34,DMT,Low,-0.614729570213352,-0.6852316960500986,-0.1221415010172046,14.5
S16,35,DMT,High,0.4155885244497863,-0.5380053026517965,0.356459096739827,15.5
S16,35,DMT,Low,-0.5198781753786929,-0.6812363876713724,-0.3751921786795738,15.5
S16,36,DMT,High,0.0773070729820276,-0.6973583098681764,0.2835936465329982,16.5
S16,36,DMT,Low,-1.0793423738973305,-0.6857452131896083,0.3602730973971724,16.5
S16,37,DMT,High,0.2789149971064997,-0.6701575410066075,1.2608389867176044,17.5
S16,37,DMT,Low,-1.1263273436313173,-0.6827212643154318,-0.1872489142749815,17.5
S16,38,DMT,High,0.1799814020533917,-0.4076246704265741,0.0997487426447158,18.5
S16,38,DMT,Low,-1.0960833464282658,-0.6650865738844123,-0.4896175525952825,18.5
S18,1,DMT,High,2.315278578662776,0.9740270783505156,-0.6579450423350459,-18.5
S18,1,DMT,Low,0.7203692778938592,1.5805386761105256,-0.5437760659771059,-18.5
S18,2,DMT,High,1.3340381459926858,0.4874879648531455,-1.279631334147332,-17.5
S18,2,DMT,Low,2.98561277370841,7.119146234526057,-0.8107575408444646,-17.5
S18,3,DMT,High,1.796909849210092,1.2733401841323737,0.1575582644598816,-16.5
S18,3,DMT,Low,3.2389776988318792,2.686179939091165,-1.4453324619386472,-16.5
S18,4,DMT,High,2.900410078703304,0.3426639001884478,0.2682741178736976,-15.5
S18,4,DMT,Low,2.815508453828912,0.7709869318311927,-1.105699136611683,-15.5
S18,5,DMT,High,2.5199744846676904,0.6115121218067561,0.3054467128605314,-14.5
S18,5,DMT,Low,0.8919589679553744,0.0709303732286741,-1.2090098470577542,-14.5
S18,6,DMT,High,1.7228169532852105,0.3777820722007821,0.1809788079568767,-13.5
S18,6,DMT,Low,0.5901729922590362,0.2873938344177199,-1.1553208913422992,-13.5
S18,7,DMT,High,1.1988875509886014,0.9769260874334488,0.5189113486906168,-12.5
S18,7,DMT,Low,0.7148760396233023,-0.041869299885699,-1.0253248618915864,-12.5
S18,8,DMT,High,0.7124901408403496,0.5250356528451486,0.6172362520180431,-11.5
S18,8,DMT,Low,0.158671082626533,-0.4100590157796917,-1.1001554226510963,-11.5
S18,9,DMT,High,0.4875682599184424,-0.1124446461880607,0.2816356287975944,-10.5
S18,9,DMT,Low,-0.1591530013298277,-0.3609774912407177,-1.0527182038686462,-10.5
S18,10,DMT,High,0.1620964803765623,0.1210330346665109,0.5756825898227131,-9.5
S18,10,DMT,Low,-0.2455066615169891,-0.3961911893673445,-0.9910532535254626,-9.5
S18,11,DMT,High,0.1426729880008815,1.188536891387297,0.736299977364105,-8.5
S18,11,DMT,Low,-0.2039060306453124,-0.411320082390092,-0.9313500402459324,-8.5
S18,12,DMT,High,-0.0845967378955904,-0.1692643276315662,0.6251024455647514,-7.5
S18,12,DMT,Low,-0.4388769311467881,-0.4043091328786755,-1.0195503058016282,-7.5
S18,13,DMT,High,-0.4591958023678898,-0.281734472861267,0.8709233796189472,-6.5
S18,13,DMT,Low,-0.6054812904361526,-0.4047241703109309,-0.991155200084332,-6.5
S18,14,DMT,High,-0.4122637094783157,0.2363374950295594,0.7536864945330699,-5.5
S18,14,DMT,Low,-0.3655305648372989,-0.4004736299981198,-0.9580736757349154,-5.5
S18,15,DMT,High,-0.3948079332289319,-0.2340006910282946,0.9676218226088292,-4.5
S18,15,DMT,Low,-0.411116137173913,-0.4063212571606726,-0.956374877141138,-4.5
S18,16,DMT,High,-0.200021000859084,0.5095842855884962,0.8369490658539951,-3.5
S18,16,DMT,Low,-0.4067538687963359,-0.4118062652751501,-0.935175545193912,-3.5
S18,17,DMT,High,-0.2779266563850239,-0.1793845792741305,0.9750466284524344,-2.5
S18,17,DMT,Low,-0.5847171207268239,-0.4118852448912044,-0.9836109189384062,-2.5
S18,18,DMT,High,-0.5109621060547129,-0.2129941230344624,0.9655365284473866,-1.5
S18,18,DMT,Low,-0.4326058311581144,-0.4083923284039095,-0.951286004701058,-1.5
S18,19,DMT,High,-0.6186091959634195,-0.3485344298051365,0.7790314261696933,-0.5
S18,19,DMT,Low,-0.2429987630305125,-0.4118594473109918,-0.9316895436094124,-0.5
S18,20,DMT,High,-0.3522908340401007,-0.3044823683992134,1.245695296086119,0.5
S18,20,DMT,Low,-0.5195191446072038,-0.4050707489424107,-0.9184112863923865,0.5
S18,21,DMT,High,-0.517375438845635,-0.0182010759859991,0.8187910971061881,1.5
S18,21,DMT,Low,-0.4371453046741998,-0.4046375073224279,-0.8476957530515278,1.5
S18,22,DMT,High,-0.8435344088716419,-0.3753280331249072,1.186180263605289,2.5
S18,22,DMT,Low,-0.6182153405576186,-0.411818665934299,-0.9034088289351176,2.5
S18,23,DMT,High,-0.6480589368130539,-0.2694514874706014,1.321332801506122,3.5
S18,23,DMT,Low,-0.6871350978929402,-0.4072587981613464,-0.808950539386991,3.5
S18,24,DMT,High,-0.6605372382144682,-0.2806857224813658,1.2220228826637842,4.5
S18,24,DMT,Low,-0.4680200105855007,-0.4118838809080355,-0.800559454266213,4.5
S18,25,DMT,High,-0.7609167376642294,-0.3842786339464323,1.2298207839041853,5.5
S18,25,DMT,Low,-0.3274713498761655,-0.4094768234412722,-0.8146356921895054,5.5
S18,26,DMT,High,-0.6891745298782728,-0.3245698618577613,1.385887790485413,6.5
S18,26,DMT,Low,-0.4648323660445652,-0.4077758157025391,-0.7277695340304637,6.5
S18,27,DMT,High,-0.7508692445982955,-0.3736038107901143,1.457878967710272,7.5
S18,27,DMT,Low,-0.0806808040115266,-0.4111788954475078,-0.8399485385374358,7.5
S18,28,DMT,High,-0.4570961484616401,-0.3255333355005411,1.5128907288743765,8.5
S18,28,DMT,Low,-0.5645714655245658,-0.4023609665928176,-0.7938092559417744,8.5
S18,29,DMT,High,-0.6686371945494457,-0.2858038600882404,0.9216645380317756,9.5
S18,29,DMT,Low,-0.5096240018219336,-0.404339047155811,-0.8056017904345335,9.5
S18,30,DMT,High,-0.8705862693682158,-0.4030989912966959,1.2410479181714364,10.5
S18,30,DMT,Low,-0.3689804371647876,-0.4083605087199238,-0.7542464903616267,10.5
S18,31,DMT,High,-0.7917865506089029,-0.248328976581097,1.4286060511034928,11.5
S18,31,DMT,Low,-0.3852181544650944,-0.4118437612440137,-0.6350680864953033,11.5
S18,32,DMT,High,-0.5899196320655613,-0.2721846331194814,1.582253428359354,12.5
S18,32,DMT,Low,-0.3497701702282531,-0.4117881775474435,-0.7298073976662763,12.5
S18,33,DMT,High,-0.5709926790996889,-0.3489993678004914,1.5385860882330886,13.5
S18,33,DMT,Low,-0.3577515740143221,-0.4090134728579626,-0.7511390399289246,13.5
S18,34,DMT,High,-0.5399622604401199,-0.3407574794391266,1.571659683014592,14.5
S18,34,DMT,Low,-0.3678505763292671,-0.4102494548280542,-0.6670372710915364,14.5
S18,35,DMT,High,-0.4635087761169511,-0.3616931705098546,1.5122692946021492,15.5
S18,35,DMT,Low,-0.2374607282135592,-0.411889879235839,-0.7544777960397324,15.5
S18,36,DMT,High,-0.4473977792823135,-0.3628248774655803,1.493648476970888,16.5
S18,36,DMT,Low,-0.2713006129018125,-0.4118371056262334,-0.6894114335305924,16.5
S18,37,DMT,High,-0.7468771098041934,-0.4065166755964474,1.2429295353243213,17.5
S18,37,DMT,Low,-0.6716729222798642,-0.4108624058800555,-0.6566035923884648,17.5
S18,38,DMT,High,-0.6464710664354824,-0.2610021864023101,1.2860846591053954,18.5
S18,38,DMT,Low,-0.6510485579914714,-0.4119064695674423,-0.6815998216411427,18.5
S19,1,DMT,High,0.5983208738459359,0.3237641761009626,-0.4310340957575153,-18.5
S19,1,DMT,Low,-0.3367622295451083,-0.1472525667764354,-0.6762686428167738,-18.5
S19,2,DMT,High,0.7357361423193212,2.29126193970834,-0.3757618326614996,-17.5
S19,2,DMT,Low,-0.1446296222245042,0.104596547073681,-0.7278383499062676,-17.5
S19,3,DMT,High,0.977481722190528,0.2083593219390389,-0.2501960193375901,-16.5
S19,3,DMT,Low,-0.1408435754339293,0.2613960584689223,-0.62539849153911,-16.5
S19,4,DMT,High,1.7668481725362193,0.04581075442717,-0.0226329632818234,-15.5
S19,4,DMT,Low,0.1635289888907845,-0.0184358101017623,-0.810309619192504,-15.5
S19,5,DMT,High,2.8150401895111514,2.0993762860222422,0.7396325023331263,-14.5
S19,5,DMT,Low,0.0033823502515151,-0.1667826790696919,-0.7761014316461256,-14.5
S19,6,DMT,High,2.7039848548927945,1.7463628158219962,0.1076990600686153,-13.5
S19,6,DMT,Low,0.2763678568717642,-0.2175035788987205,-1.0666583633179083,-13.5
S19,7,DMT,High,2.452670919229892,0.4355368488629257,0.3056725960153285,-12.5
S19,7,DMT,Low,0.4935031252804788,-0.307898355467513,-1.1089697028148058,-12.5
S19,8,DMT,High,2.0786830157950376,0.7509506863182138,0.3275465235923568,-11.5
S19,8,DMT,Low,0.146927399944299,-0.4036741217951137,-1.0237884055221544,-11.5
S19,9,DMT,High,2.094509247978218,3.809798208068134,0.5470152517028188,-10.5
S19,9,DMT,Low,-0.424141296584047,-0.4180728696292256,-1.0122972516038775,-10.5
S19,10,DMT,High,1.7115909192254797,3.103988736956456,1.2298072427099824,-9.5
S19,10,DMT,Low,-0.5255052142245573,-0.4756413123903313,-0.8645994316775729,-9.5
S19,11,DMT,High,1.742194447358423,2.734767003879934,0.7662809080710096,-8.5
S19,11,DMT,Low,-0.4279127041040589,-0.4646787018203236,-0.859390053344781,-8.5
S19,12,DMT,High,1.6848718018347792,0.1457296688031038,1.5465759083589727,-7.5
S19,12,DMT,Low,-0.3550731863885217,-0.5031254113281733,-0.8226266749984786,-7.5
S19,13,DMT,High,1.3846432712498284,0.8870156508082058,2.799911531813713,-6.5
S19,13,DMT,Low,-0.4810328983331882,-0.4514049072282481,-0.7512402379141059,-6.5
S19,14,DMT,High,1.1716580618729069,3.770445245319265,1.9612477227814484,-5.5
S19,14,DMT,Low,-0.7908520209205399,-0.3349087267287826,-0.857498425166614,-5.5
S19,15,DMT,High,1.100553384953087,1.2967618732074035,2.102232061429852,-4.5
S19,15,DMT,Low,-0.9694292898331754,-0.5273671123151841,-0.7784839918123798,-4.5
S19,16,DMT,High,0.8512674918078834,0.581848947114091,1.3160348651241376,-3.5
S19,16,DMT,Low,-0.9941021880272046,-0.5303328043050833,-0.7228798102042726,-3.5
S19,17,DMT,High,0.5886984169333452,0.0115339796697388,1.1478460827292338,-2.5
S19,17,DMT,Low,-0.9901696118900464,-0.5173520899126698,-0.740185497771519,-2.5
S19,18,DMT,High,0.5517166109514506,0.087030566503042,1.1693821689416397,-1.5
S19,18,DMT,Low,-0.958063105096421,-0.5457532457988691,-0.8359097444306969,-1.5
S19,19,DMT,High,0.672774564341302,-0.2528712219317148,1.260605246619876,-0.5
S19,19,DMT,Low,-1.0087718007164723,-0.5494370527898934,-0.8550827304907166,-0.5
S19,20,DMT,High,0.6481280592512352,0.1995026513612359,1.7595437317440557,0.5
S19,20,DMT,Low,-0.9921294152336262,-0.5474442221762771,-0.8441633052018919,0.5
S19,21,DMT,High,0.3706838312388575,-0.2744638706332382,0.8277707181978671,1.5
S19,21,DMT,Low,-0.9459992337407934,-0.5484980749821458,-0.8199848378990696,1.5
S19,22,DMT,High,0.1656876712740121,-0.4527908757542772,1.1801043330211194,2.5
S19,22,DMT,Low,-0.9932860695235384,-0.5485978127737587,-0.8171847703646409,2.5
S19,23,DMT,High,0.1360417102397776,-0.3641293685061094,1.1026521672164584,3.5
S19,23,DMT,Low,-0.899116009028332,-0.5466903083338532,-0.8943354143218278,3.5
S19,24,DMT,High,0.0999739791983988,-0.4420048058972741,1.3083679899709817,4.5
S19,24,DMT,Low,-0.8805097168140993,-0.5470655043622409,-0.8079541826865532,4.5
S19,25,DMT,High,0.0999512905952389,-0.4806657780053467,1.4405781542856766,5.5
S19,25,DMT,Low,-0.900224225436548,-0.5390680062824575,-0.8759576540604427,5.5
S19,26,DMT,High,-0.083163708620713,-0.4669933643545771,1.0685910217735255,6.5
S19,26,DMT,Low,-0.9268791590637196,-0.5427832967420737,-0.938729174884386,6.5
S19,27,DMT,High,-0.0656830003206717,0.2890610702463646,0.9309944814398644,7.5
S19,27,DMT,Low,-0.8548856348493659,-0.5438930306374959,-0.8785464857971215,7.5
S19,28,DMT,High,-0.2258995401619911,-0.5039689942950016,0.9090789084536944,8.5
S19,28,DMT,Low,-0.7954954934579319,-0.533067353080289,-0.882546376948966,8.5
S19,29,DMT,High,-0.3531473802135735,-0.5162668744250186,1.0123302929925686,9.5
S19,29,DMT,Low,-0.7741378013995153,-0.5454485799395493,-0.8474514688392153,9.5
S19,30,DMT,High,-0.4440477328192283,-0.4593731757254725,0.941308218163575,10.5
S19,30,DMT,Low,-0.8711866183481076,-0.5444436179531292,-0.9220184183626594,10.5
S19,31,DMT,High,-0.3914716256833215,-0.495312177407093,0.7288983820109868,11.5
S19,31,DMT,Low,-0.8981457727692421,-0.5479804861433514,-0.8862107765905626,11.5
S19,32,DMT,High,-0.4851151013956526,-0.4621092078656839,1.049740493518144,12.5
S19,32,DMT,Low,-0.9288696353674764,-0.5442132649426799,-0.96733523492802,12.5
S19,33,DMT,High,-0.4013117134848916,-0.5211815191434063,0.2279302558343806,13.5
S19,33,DMT,Low,-0.906742209434554,-0.5486260554097095,-1.028518479951505,13.5
S19,34,DMT,High,-0.2723237257682091,-0.53199773453479,0.5377373395363292,14.5
S19,34,DMT,Low,-0.9468421996182588,-0.5413087869188611,-0.9700594616508028,14.5
S19,35,DMT,High,-0.37016610785697,-0.5035204365474129,0.4324981012697519,15.5
S19,35,DMT,Low,-0.8022093654855925,-0.5461514709841312,-0.8204116625990941,15.5
S19,36,DMT,High,-0.5827319661411844,-0.5310329412066194,0.4948337842372349,16.5
S19,36,DMT,Low,-0.8351092523095518,-0.5483025449637431,-0.9441362254092006,16.5
S19,37,DMT,High,-0.5602777886883138,-0.4778726283458361,0.1796342603483557,17.5
S19,37,DMT,Low,-0.9156695027594416,-0.5494648128101506,-1.0211558584786482,17.5
S19,38,DMT,High,-0.5198334471482877,-0.5092655982463625,0.6558723667483614,18.5
S19,38,DMT,Low,-0.9175214755994692,-0.5464098880633155,-0.9541031168713416,18.5
S20,1,DMT,High,1.700772296680029,2.1036600758802435,-1.0794426145440128,-18.5
S20,1,DMT,Low,-0.0843803211721225,-0.053888024478757,-2.0801402309207693,-18.5
S20,2,DMT,High,1.96145066100174,0.3458173953032635,0.6673913109427887,-17.5
S20,2,DMT,Low,1.8423431333368905,-0.0183254044716333,-2.0617532606665696,-17.5
S20,3,DMT,High,0.7720271783051482,1.6381851127659106,0.5355878478753406,-16.5
S20,3,DMT,Low,3.1900891010233465,1.0230287227962638,-2.493903828410998,-16.5
S20,4,DMT,High,1.0328260529538544,2.0411802078657555,-1.3168916344690584,-15.5
S20,4,DMT,Low,0.9458213522299014,0.6362011100135172,-0.6738445850119718,-15.5
S20,5,DMT,High,2.651792775186781,3.2699269829104813,0.4505060537453348,-14.5
S20,5,DMT,Low,0.3318245944331462,-0.3953504313282298,-0.8534965449285189,-14.5
S20,6,DMT,High,2.9826509867477475,0.8110567528860454,-2.037214822882423,-13.5
S20,6,DMT,Low,0.0262901009610824,-0.2305403792723259,-0.6996843056058029,-13.5
S20,7,DMT,High,1.2738359118751836,1.7825864987991469,0.6527364760076309,-12.5
S20,7,DMT,Low,0.2441279782298227,-0.4284329226909359,-0.8375716907084456,-12.5
S20,8,DMT,High,0.9498748222900988,0.5724259526594577,1.639225392302612,-11.5
S20,8,DMT,Low,-0.0272762788266913,-0.3494360719218727,-0.3670260504630567,-11.5
S20,9,DMT,High,1.5449753166430558,1.3318091403452632,1.8506646999275085,-10.5
S20,9,DMT,Low,-0.2965921659541062,-0.4358973602323311,-0.6870968836917195,-10.5
S20,10,DMT,High,1.6109310597661266,0.7654191014617598,1.19915995008661,-9.5
S20,10,DMT,Low,-0.1559735936597615,-0.5036853164691871,-0.5946661297861294,-9.5
S20,11,DMT,High,1.7315628762499806,-0.110101903104334,1.1237477880998936,-8.5
S20,11,DMT,Low,-0.3327160927236531,-0.4980444075485452,-0.0018419000703866,-8.5
S20,12,DMT,High,1.4318943401611766,3.6143834641064094,0.7466756608603835,-7.5
S20,12,DMT,Low,-0.350633192648364,-0.506894239598785,-0.7292834171046303,-7.5
S20,13,DMT,High,0.866302119953401,-0.0188116256479602,0.9761886133236276,-6.5
S20,13,DMT,Low,-0.5932120941646755,-0.5298255198607073,-0.875326215588924,-6.5
S20,14,DMT,High,0.7286950503473277,1.5828942031077566,1.1015590315529258,-5.5
S20,14,DMT,Low,-0.6609312001681451,-0.5197629809450951,-0.6352430499464813,-5.5
S20,15,DMT,High,0.7582942573075976,2.882947221864507,1.1355188220612569,-4.5
S20,15,DMT,Low,-0.6717919933577223,-0.5093937248344688,-0.3360738551935813,-4.5
S20,16,DMT,High,0.4401509190139098,-0.4047056253985344,2.049775174974326,-3.5
S20,16,DMT,Low,-0.5252090760594299,-0.5277215427908676,-0.4153367089480503,-3.5
S20,17,DMT,High,0.4562806527041317,-0.3787211724244712,1.0066324229650865,-2.5
S20,17,DMT,Low,-0.5846650263567577,-0.505925545708286,-0.881955684196205,-2.5
S20,18,DMT,High,0.2378553874177586,-0.3578730227215064,0.1952730205682262,-1.5
S20,18,DMT,Low,-0.680466673602638,-0.5133069868888127,-0.913232812160354,-1.5
S20,19,DMT,High,-0.1984270793882841,-0.4829008262122125,0.5646559738498307,-0.5
S20,19,DMT,Low,-0.8196977063677346,-0.5200605166012406,-0.7564792120531799,-0.5
S20,20,DMT,High,-0.1128159377461393,2.7255175748150524,1.1925408174583616,0.5
S20,20,DMT,Low,-0.623740521271382,-0.5235427229948029,-1.0055568689301424,0.5
S20,21,DMT,High,-0.1187721055497922,-0.4920474611916379,1.21258013336648,1.5
S20,21,DMT,Low,-0.8243781469466739,-0.5115792186361525,-0.920712140351428,1.5
S20,22,DMT,High,-0.1555591642684722,-0.5183173888220812,1.0231204980190676,2.5
S20,22,DMT,Low,-0.8089294090218139,-0.5238498943469022,-0.1810503296032147,2.5
S20,23,DMT,High,-0.382841085260264,-0.496639751340039,1.3477885521197954,3.5
S20,23,DMT,Low,-0.8390523736291837,-0.5286956971762177,-1.067252294430228,3.5
S20,24,DMT,High,-0.3917448426533201,-0.5211503387096198,1.045414496062426,4.5
S20,24,DMT,Low,-1.006323672122297,-0.5267386680233631,-0.6857041645841357,4.5
S20,25,DMT,High,-0.3442980535928661,-0.5237205956642773,0.5608812817587902,5.5
S20,25,DMT,Low,-0.9359669542413608,-0.5278443511823218,-0.4669088529817893,5.5
S20,26,DMT,High,-0.4914164332223824,-0.5228466543652296,0.4677101899550955,6.5
S20,26,DMT,Low,-0.9103789117581208,-0.527369911310856,-0.4886207280950848,6.5
S20,27,DMT,High,-0.2769251613932041,-0.4724504906995379,0.9672074487810026,7.5
S20,27,DMT,Low,-0.8726071377583021,-0.5106926842002649,-0.8726650982627123,7.5
S20,28,DMT,High,-0.3614061633815477,0.1238221916506818,0.4576594030254188,8.5
S20,28,DMT,Low,-0.7854038628940568,-0.5267663664213335,-0.5803376324649415,8.5
S20,29,DMT,High,-0.5475377517346279,-0.16529125816044,0.3421793584622458,9.5
S20,29,DMT,Low,-0.9128173828829088,-0.5303308557482627,-0.0185079395030359,9.5
S20,30,DMT,High,-0.584897196572799,-0.5304575849486133,0.9184747563114506,10.5
S20,30,DMT,Low,-0.9187517645369684,-0.5294504621813164,-0.8048026768076116,10.5
S20,31,DMT,High,-0.4996950825791458,-0.529958413614572,0.8344121624639461,11.5
S20,31,DMT,Low,-0.9244605151613284,-0.5294038478370386,-0.7713061347000519,11.5
S20,32,DMT,High,-0.1545097080324154,-0.4957835106345348,1.122706867411518,12.5
S20,32,DMT,Low,-0.9207153401188222,-0.5195896542935465,-0.3729448446554929,12.5
S20,33,DMT,High,-0.4354857935211641,-0.5289476426468739,0.2888232662331744,13.5
S20,33,DMT,Low,-0.9574683038645914,-0.5312575069769334,-0.755020218714359,13.5
S20,34,DMT,High,-0.3496365366942174,-0.5298063873856597,1.4965006830530927,14.5
S20,34,DMT,Low,-0.8273100852179444,-0.5256807532169054,-0.6501200937762335,14.5
S20,35,DMT,High,-0.35486989103295,-0.5322379001559214,0.9821324860881772,15.5
S20,35,DMT,Low,-0.9512049357461452,-0.5326492886468206,-0.6507756409246496,15.5
S20,36,DMT,High,-0.5174452373885393,-0.5309768333830496,1.0578006432694973,16.5
S20,36,DMT,Low,-0.6620109796033541,-0.5306736370037766,-0.7613296626756371,16.5
S20,37,DMT,High,-0.4516108143846908,-0.5325449307142468,0.9479540334366496,17.5
S20,37,DMT,Low,-0.8277480375005216,-0.5317425648728707,-0.1134628731847002,17.5
S20,38,DMT,High,-0.6532477447361923,-0.532459279517088,0.7309675563904537,18.5
S20,38,DMT,Low,-1.036713392348647,-0.5277616510573067,-0.3975692408133041,18.5
