component,effect,beta,se,z_value,p_value,ci_lower,ci_upper
PC1,Intercept,-7.853586776157655e-15,,,,,
PC1,"C(state, Treatment('RS'))[T.DMT]",2.3051677006803937,0.0755111492616529,30.52751445608089,1.1244562834540609e-204,2.157168567696325,2.453166833664462
PC1,"C(dose, Treatment('Baja'))[T.Alta]",0.1470985656866643,0.0755111492616529,1.948037702047872,0.0514104520819228,-0.0009005672974038,0.2950976986707325
PC1,"C(state, Treatment('RS'))[T.DMT]:C(dose, Treatment('Baja'))[T.Alta]",0.6837957424357972,0.1067888913962087,6.40324787995761,1.5210593777580565e-10,0.4744933613502688,0.8930981235213256
PC1,time_c,0.0009497657909258,0.0097484474514454,0.0974273899158139,0.9223869941843226,-0.0181568401190886,0.0200563717009402
PC1,"C(state, Treatment('RS'))[T.DMT]:time_c",0.0131499062873567,0.0137863865979156,0.9538326953158914,0.340168336574726,-0.0138709149215035,0.0401707274962171
PC1,"C(dose, Treatment('Baja'))[T.Alta]:time_c",0.0051079778050145,0.0137863865979156,0.3705088181544814,0.71100340740337,-0.0219128434038458,0.0321287990138748
PC1,"C(state, Treatment('RS'))[T.DMT]:C(dose, Treatment('Baja'))[T.Alta]:time_c",0.0217879208954953,0.0194968949028909,1.117507223792066,0.263777512640595,-0.0164252909245334,0.0600011327155242
PC1,Group Var,0.0,,,,,
PC2,Intercept,-0.8232117897456934,0.1743684781430853,-4.721104402082197,2.345674911243514e-06,-1.1649677269452,-0.4814558525461866
PC2,"C(state, Treatment('RS'))[T.DMT]",0.0118672823678747,0.0723173807805805,0.164100002513662,0.8696524198343495,-0.1298721794183322,0.1536067441540817
PC2,"C(dose, Treatment('Baja'))[T.Alta]",-0.0782414334406356,0.0723173807805805,-1.0819174117772512,0.2792892272732002,-0.2199808952268425,0.0634980283455713
PC2,"C(state, Treatment('RS'))[T.DMT]:C(dose, Treatment('Baja'))[T.Alta]",0.0280320660604308,0.1022722206951963,0.2740926702273853,0.7840134065345007,-0.172417803121086,0.2284819352419476
PC2,time_c,0.0054049484459791,0.0093361337134842,0.5789279172568773,0.5626378120775026,-0.0128935373873002,0.0237034342792585
PC2,"C(state, Treatment('RS'))[T.DMT]:time_c",0.0234629632299474,0.0132032869177381,1.7770547119161464,0.075559238458529,-0.0024150036063682,0.0493409300662631
PC2,"C(dose, Treatment('Baja'))[T.Alta]:time_c",-0.0026832790915112,0.0132032869177381,-0.2032281134409299,0.8389567399652984,-0.0285612459278269,0.0231946877448044
PC2,"C(state, Treatment('RS'))[T.DMT]:C(dose, Treatment('Baja'))[T.Alta]:time_c",-0.0238918268576762,0.0186722674269686,-1.2795353832159106,0.2007085878365031,-0.060488798524235,0.0127051448088826
PC2,Group Var,0.5593339678085825,0.1976231797896821,2.8303054753184638,0.0046503580106681,0.1719996529105215,0.9466682827066434
