variable,comparison,n,n_bins,fdr,cluster,n_sig_fdr,n_sig_cluster,cluster_reproduced
emotional_intensity_z,state,18,150,0.0-9.9,0.0-9.9,150,150,True
emotional_intensity_z,dose,18,300,1.1-3.2,0.3-10.1,33,149,True
valence_index,state,18,150,none,none,0,0,True
valence_index,dose,18,300,none,none,0,0,True
interoception_z,state,18,150,0.0-9.9,0.0-9.9,150,150,True
interoception_z,dose,18,300,none,none,0,0,True
anxiety_z,state,18,150,0.0-9.9,0.0-9.9,150,150,True
anxiety_z,dose,18,300,none,none,0,0,True
unpleasantness_z,state,18,150,0.0-9.9,0.0-9.9,150,150,True
unpleasantness_z,dose,18,300,none,none,0,0,True
pleasantness_z,state,18,150,none,none,0,0,True
pleasantness_z,dose,18,300,none,none,0,0,True
bliss_z,state,18,150,none,none,0,0,True
bliss_z,dose,18,300,none,none,0,0,True
PC1,state,18,150,0.0-9.9,0.0-9.9,150,150,True
PC1,dose,18,300,1.0-7.6,0.7-11.4,100,162,True
PC2,state,18,150,none,none,0,0,True
PC2,dose,18,300,none,none,0,0,True
