dimension,component,loading
anxiety_z,PC1,0.515551949237976
bliss_z,PC1,0.0441717688239472
emotional_intensity_z,PC1,0.5223132920449362
interoception_z,PC1,0.5242594316155067
pleasantness_z,PC1,0.0225303353898463
unpleasantness_z,PC1,0.4290551244053324
anxiety_z,PC2,-0.2016801270746229
bliss_z,PC2,0.6251212898282137
emotional_intensity_z,PC2,0.2486422095298505
interoception_z,PC2,0.1263905742772656
pleasantness_z,PC2,0.6271843093746491
unpleasantness_z,PC2,-0.3120750162939923
anxiety_z,PC3,-0.1104034026766898
bliss_z,PC3,0.3385291804824477
emotional_intensity_z,PC3,-0.0197291389544859
interoception_z,PC3,-0.5283370854808086
pleasantness_z,PC3,0.1200796510724151
unpleasantness_z,PC3,0.7610917455992923
anxiety_z,PC4,-0.3617414177387535
bliss_z,PC4,-0.5552120094058958
emotional_intensity_z,PC4,-0.1679069675249263
interoception_z,PC4,0.2967819603808984
pleasantness_z,PC4,0.5942827768198291
unpleasantness_z,PC4,0.302387947392403
anxiety_z,PC5,0.7416232159612215
bliss_z,PC5,-0.0935172245454708
emotional_intensity_z,PC5,-0.3592530477696333
interoception_z,PC5,-0.2791559434560407
pleasantness_z,PC5,0.4668843041601643
unpleasantness_z,PC5,-0.1275844335760585
anxiety_z,PC6,-0.0219215623801724
bliss_z,PC6,-0.4191233411886475
emotional_intensity_z,PC6,0.7125455322954614
interoception_z,PC6,-0.513838323237312
pleasantness_z,PC6,0.1433880440064122
unpleasantness_z,PC6,-0.1776062521088069
