dimension,effect,beta,ci_lower,ci_upper,p_value,p_fdr
arousal,Intercept,-0.4059176128826063,-0.6348739047465305,-0.1769613210186822,0.0005111796008435,
arousal,state[T.DMT],0.9591210415359318,0.6255389452319462,1.2927031378399174,1.7473101795708755e-08,1.7473101795708755e-08
arousal,dose[T.Alta],0.0892259110884358,-0.2494507324431361,0.4279025546200077,0.6056019654383211,0.6056019654383211
arousal,state[T.DMT]:dose[T.Alta],0.4867513176811631,-0.0123352878370558,0.985837923199382,0.0559375257286164,0.0559375257286164
arousal,time_c,0.0356233319539963,0.0314952680466135,0.0397513958613792,3.5716648829518765e-64,
arousal,state[T.DMT]:time_c,-0.0943539504762184,-0.0985077331183479,-0.090200167834089,0.0,0.0
arousal,dose[T.Alta]:time_c,-0.0310852820736541,-0.0336960641167246,-0.0284745000305836,1.8979453109542352e-120,3.7958906219084704e-120
valence,Intercept,1.0392400038264065,0.7122657870428732,1.3662142206099397,4.680440438637959e-10,
valence,state[T.DMT],0.1174199704213857,-0.348205641286757,0.5830455821295284,0.6211243930801271,0.6211243930801271
valence,dose[T.Alta],0.3108933489193908,-0.0805997546633421,0.7023864525021237,0.119600925691891,0.119600925691891
valence,state[T.DMT]:dose[T.Alta],-0.8096071081022584,-1.501662336008286,-0.1175518801962306,0.0218548161616288,0.0218548161616288
valence,time_c,0.0406678210288552,0.0337949479134944,0.0475406941442159,4.247840100688245e-31,
valence,state[T.DMT]:time_c,0.0280141742115484,0.0210984816039107,0.034929866819186,2.030852156065536e-15,4.061704312131072e-15
valence,dose[T.Alta]:time_c,0.0596422390680469,0.0552955104038432,0.0639889677322506,2.650789641729334e-159,5.301579283458668e-159
anxiety,Intercept,-0.6839927027281165,-0.7850124191136567,-0.5829729863425763,3.4242579238761676e-40,
anxiety,state[T.DMT],0.5944357872600121,0.3706580900263556,0.8182134844936686,1.9255545266068828e-07,1.9255545266068828e-07
anxiety,dose[T.Alta],-0.0417357272565061,-0.3102751967817434,0.2268037422687311,0.7606611762501252,0.7606611762501252
anxiety,state[T.DMT]:dose[T.Alta],0.4155972931232898,-0.0513618049552349,0.8825563912018146,0.0810922473930099,0.0810922473930099
anxiety,time_c,-0.000585986803521,-0.0055953396412203,0.0044233660341782,0.8186561669612963,
anxiety,state[T.DMT]:time_c,-0.0722631179316052,-0.0773036801255004,-0.0672225557377101,1.0168749054741231e-173,2.0337498109482463e-173
anxiety,dose[T.Alta]:time_c,-0.0341933599863296,-0.0373615106568363,-0.0310252093158229,2.5573146534726525e-99,5.114629306945305e-99
bliss,Intercept,0.0327253254414494,-0.256256946443486,0.321707597326385,0.8243505331078304,
bliss,state[T.DMT],0.1166765704661216,-0.3296653807733643,0.5630185217056076,0.6084083081828964,0.6084083081828964
bliss,dose[T.Alta],-0.0890641229137742,-0.4526115504537277,0.2744833046261793,0.6311106143120785,0.6311106143120785
bliss,state[T.DMT]:dose[T.Alta],0.1025133852160187,-0.5978953583626324,0.8029221287946698,0.7742159215676312,0.7742159215676312
bliss,time_c,0.0256794102214964,0.0211629992947843,0.0301958211482085,7.66311983170462e-29,
bliss,state[T.DMT]:time_c,-0.0234715651140501,-0.0280161142617871,-0.0189270159663131,4.3784886510934955e-24,8.75697730218699e-24
bliss,dose[T.Alta]:time_c,0.0207945660281972,0.0179381750393128,0.0236509570170816,3.4357581010420062e-46,6.8715162020840124e-46
emotional_intensity,Intercept,-0.4059176128826063,-0.6348739047465305,-0.1769613210186822,0.0005111796008435,
emotional_intensity,state[T.DMT],0.9591210415359318,0.6255389452319462,1.2927031378399174,1.7473101795708755e-08,1.7473101795708755e-08
emotional_intensity,dose[T.Alta],0.0892259110884358,-0.2494507324431361,0.4279025546200077,0.6056019654383211,0.6056019654383211
emotional_intensity,state[T.DMT]:dose[T.Alta],0.4867513176811631,-0.0123352878370558,0.985837923199382,0.0559375257286164,0.0559375257286164
emotional_intensity,time_c,0.0356233319539963,0.0314952680466135,0.0397513958613792,3.5716648829518765e-64,
emotional_intensity,state[T.DMT]:time_c,-0.0943539504762184,-0.0985077331183479,-0.090200167834089,0.0,0.0
emotional_intensity,dose[T.Alta]:time_c,-0.0310852820736541,-0.0336960641167246,-0.0284745000305836,1.8979453109542352e-120,3.7958906219084704e-120
interoception,Intercept,-0.258997115140553,-0.4544114782058108,-0.0635827520752952,0.0093854466642644,
interoception,state[T.DMT],0.7817699091659149,0.4427762018354126,1.1207636164964172,6.184884417737362e-06,6.184884417737362e-06
interoception,dose[T.Alta],-9.315573319293444e-05,-0.2818592608666173,0.2816729494002315,0.999482978073337,0.999482978073337
interoception,state[T.DMT]:dose[T.Alta],0.5012762353397762,0.0207928993582828,0.9817595713212696,0.0408764185806689,0.0408764185806689
interoception,time_c,0.0334558602964361,0.0283772316685542,0.038534488924318,3.8810355548561663e-38,
interoception,state[T.DMT]:time_c,-0.1012573717196646,-0.1063676413069617,-0.0961471021323676,0.0,0.0
interoception,dose[T.Alta]:time_c,-0.0138037162062531,-0.0170156801492977,-0.0105917522632084,3.6656050787826034e-17,7.331210157565207e-17
pleasantness,Intercept,0.4976319500096553,0.2459514334090866,0.749312466610224,0.0001064878673558,
pleasantness,state[T.DMT],0.2620032651715954,-0.1151717793055693,0.6391783096487602,0.1733614769806168,0.1733614769806168
pleasantness,dose[T.Alta],0.0372482162966513,-0.3265259679605076,0.4010224005538102,0.8409424382334654,0.8409424382334654
pleasantness,state[T.DMT]:dose[T.Alta],-0.185432483548331,-0.7413445815445021,0.3704796144478399,0.5132572882524522,0.5132572882524522
pleasantness,time_c,0.0470704593148837,0.0425251166629243,0.051615801966843,1.3693258032910356e-91,
pleasantness,state[T.DMT]:time_c,-0.0211933825620758,-0.0257670436859922,-0.0166197214381594,1.0653863145368478e-19,2.130772629073696e-19
pleasantness,dose[T.Alta]:time_c,0.01843956955265,0.0155648807780614,0.0213142583272386,3.006077617386519e-36,6.012155234773038e-36
unpleasantness,Intercept,-0.5416080538167195,-0.8463268111635716,-0.2368892964698674,0.000494633259665,
unpleasantness,state[T.DMT],0.1445832947511296,-0.1119681545638912,0.4011347440661505,0.269347618888616,0.269347618888616
unpleasantness,dose[T.Alta],-0.2736451326228,-0.5972883701998382,0.0499981049542382,0.0974833985402778,0.0974833985402778
unpleasantness,state[T.DMT]:dose[T.Alta],0.624174624555857,0.2334243709713628,1.0149248781403513,0.0017433252607823,0.0017433252607823
unpleasantness,time_c,0.0064026382860279,0.0024581355877261,0.0103471409843296,0.0014657799597174,
unpleasantness,state[T.DMT]:time_c,-0.0492075567736236,-0.0531766345804704,-0.0452384789667768,2.0034861489574373e-130,4.0069722979148754e-130
unpleasantness,dose[T.Alta]:time_c,-0.0412026695153967,-0.043697358804279,-0.0387079802265145,7.012181918021946e-230,1.4024363836043892e-229
