state,canonical_variate,variable_set,variable_name,loading
RS,1,physio,HR,0.9382532784945526
RS,1,physio,SMNA_AUC,0.201775251190387
RS,1,physio,RVT,-0.2385552537764826
RS,2,physio,HR,0.3262361613099187
RS,2,physio,SMNA_AUC,-0.2146062347096148
RS,2,physio,RVT,0.95473572988299
RS,1,tet,pleasantness,-0.2421947655498864
RS,1,tet,unpleasantness,0.4797872894747833
RS,1,tet,emotional_intensity,-0.2149234478772271
RS,1,tet,interoception,-0.2455744240639205
RS,1,tet,bliss,0.2370864884603746
RS,1,tet,anxiety,0.6110690634084286
RS,2,tet,pleasantness,-0.5404030100091425
RS,2,tet,unpleasantness,-0.3331636570697492
RS,2,tet,emotional_intensity,-0.1453868406124922
RS,2,tet,interoception,-0.3017306079393051
RS,2,tet,bliss,0.3438373622325542
RS,2,tet,anxiety,-0.6288010074355473
DMT,1,physio,HR,0.6824648891487223
DMT,1,physio,SMNA_AUC,0.5851309937433771
DMT,1,physio,RVT,0.8059318953146976
DMT,2,physio,HR,0.5258422103758488
DMT,2,physio,SMNA_AUC,0.5751901668259993
DMT,2,physio,RVT,-0.5552329005484095
DMT,1,tet,pleasantness,-0.0185674589908828
DMT,1,tet,unpleasantness,0.3641991345340277
DMT,1,tet,emotional_intensity,0.858496844517003
DMT,1,tet,interoception,0.3094115836853076
DMT,1,tet,bliss,0.0645147649030453
DMT,1,tet,anxiety,0.0424923831606955
DMT,2,tet,pleasantness,-0.2221668022420535
DMT,2,tet,unpleasantness,0.2370219706350843
DMT,2,tet,emotional_intensity,0.249795991229359
DMT,2,tet,interoception,0.1811346877926018
DMT,2,tet,bliss,-0.3868132140128626
DMT,2,tet,anxiety,0.8738731677807818
