outcome_variable,predictor,state,beta,r_squared,p_value,ci_lower,ci_upper,n_obs
pleasantness_z,ArousalIndex,DMT,-0.022800438295707,0.0008823785917281,0.6388486442079305,-0.1183678117403777,0.0727669351489636,252
unpleasantness_z,ArousalIndex,DMT,0.1283550817133584,0.0551509243949945,0.0001684103457159,0.0621786238957179,0.1945315395309989,252
emotional_intensity_z,ArousalIndex,DMT,0.3172461552697759,0.3046997064098531,1.6916216835352419e-21,0.257551948908712,0.3769403616308399,252
interoception_z,ArousalIndex,DMT,0.1252479859627756,0.0367598374765768,0.0022365834512716,0.0453865936696063,0.2051093782559449,252
bliss_z,ArousalIndex,DMT,0.0053956685056163,4.497687761850777e-05,0.9156347417220342,-0.0948178864403731,0.1056092234516057,252
anxiety_z,ArousalIndex,DMT,0.0639161176948707,0.0075117865936986,0.1701896909357642,-0.0275977841494903,0.1554300195392319,252
valence_index_z,ArousalIndex,DMT,-0.1511555200090653,0.0211706669570096,0.0208555177151501,-0.2791808358551597,-0.0231302041629709,252
pleasantness_z,ArousalIndex,RS,-0.2280505554946946,0.0398044868899208,0.0014553006486478,-0.367568664772114,-0.0885324462172752,252
unpleasantness_z,ArousalIndex,RS,0.1104141905661496,0.0093950315601768,0.1248699109784107,-0.0308108307142242,0.2516392118465235,252
emotional_intensity_z,ArousalIndex,RS,-0.0392640772657221,0.0043948923900889,0.2944976821688475,-0.1128763891196967,0.0343482345882524,252
interoception_z,ArousalIndex,RS,-0.1770358075668933,0.0390679395781635,0.001614575773411,-0.2864019341362289,-0.0676696809975577,252
bliss_z,ArousalIndex,RS,0.0790550471394335,0.0065350969089061,0.20089404928867,-0.0423580330214852,0.2004681273003523,252
anxiety_z,ArousalIndex,RS,-0.0304287335257675,0.0014164077601822,0.5520569777647847,-0.1310680243337017,0.0702105572821666,252
valence_index_z,ArousalIndex,RS,-0.3384647460608441,0.0622189939383923,6.241948595794961e-05,-0.5021419850269226,-0.1747875070947657,252
