tet_dimension,physio_measure,state,r,p_value,ci_lower,ci_upper,n_obs,p_fdr,p_fdr_index_family6,p_fdr_dimensions_family36
pleasantness_z,HR_z,DMT,-0.0346897075223159,0.5836169051746605,-0.1575892520846255,0.0892680610014043,252,0.6777486640737992,,0.6777486640737992
pleasantness_z,SMNA_AUC_z,DMT,-0.0387445474595528,0.540390409789556,-0.1615461824025004,0.0852386590400324,252,0.6683086952477577,,0.6683086952477577
pleasantness_z,RVT_z,DMT,0.0184226287886614,0.7710353353516373,-0.1053924008794431,0.1416751897870761,252,0.8210281570160081,,0.8210281570160081
unpleasantness_z,HR_z,DMT,0.2354360666647849,0.0001619377964874,0.1152129814827532,0.3488613773668452,252,0.0009716267789246,,0.0009716267789246
unpleasantness_z,SMNA_AUC_z,DMT,0.1308940583279528,0.037848626652621,0.0074392951200817,0.2504185720136184,252,0.0801500329114328,,0.0801500329114328
unpleasantness_z,RVT_z,DMT,0.1502684245267813,0.0169796622234595,0.0271983875803667,0.2688511070234076,252,0.0382042400027839,,0.0382042400027839
emotional_intensity_z,HR_z,DMT,0.4362562758765183,3.935080928184408e-13,0.3304984896582458,0.5311944598529915,252,1.4166291341463867e-11,2.3610485569106448e-12,1.4166291341463867e-11
emotional_intensity_z,SMNA_AUC_z,DMT,0.3575007107078823,5.1854754455031384e-09,0.2447376815253035,0.4607219471512476,252,6.222570534603766e-08,1.0370950891006277e-08,6.222570534603766e-08
emotional_intensity_z,RVT_z,DMT,0.4271056099612934,1.3518416635569968e-12,0.3204433937918779,0.5230731075285011,252,2.4333149944025942e-11,4.055524990670991e-12,2.4333149944025942e-11
interoception_z,HR_z,DMT,0.2190137733869779,0.00046166892665,0.0980935450183129,0.3335611538102552,252,0.0020775101699254,,0.0020775101699254
interoception_z,SMNA_AUC_z,DMT,0.0842660369979731,0.1823992282017145,-0.0397226983874983,0.2056991496253492,252,0.2609930432530351,,0.2609930432530351
interoception_z,RVT_z,DMT,0.1216057134770842,0.0538558082452012,-0.001999428444078,0.2415509177506473,252,0.1020425840435391,,0.1020425840435391
bliss_z,HR_z,DMT,-0.0091280617878156,0.8853535333594807,-0.132553636773452,0.1145762760133605,252,0.8853535333594807,,0.8853535333594807
bliss_z,SMNA_AUC_z,DMT,-0.0371758025697361,0.5569239127064648,-0.1600157851502835,0.0867980435687119,252,0.6683086952477577,,0.6683086952477577
bliss_z,RVT_z,DMT,0.0816896638882318,0.1961850063970683,-0.0423125690078853,0.203213359668619,252,0.2615800085294245,,0.2615800085294245
anxiety_z,HR_z,DMT,0.1612076169438231,0.010372574369997,0.0383974463088196,0.2792202961801432,252,0.026672334094278,,0.026672334094278
anxiety_z,SMNA_AUC_z,DMT,0.0967631614638813,0.1255155481664279,-0.0271364183528803,0.2177346908462785,252,0.1915816364698758,,0.1915816364698758
anxiety_z,RVT_z,DMT,-0.1046696849931589,0.0973425329849665,-0.2253302317979539,0.0191531483089691,252,0.166872913688514,,0.166872913688514
valence_index_z,HR_z,DMT,-0.1494968799763333,0.0175607840343968,-0.268118725807403,-0.0264096791639949,252,0.0450122922093332,0.0450122922093332,
valence_index_z,SMNA_AUC_z,DMT,-0.0974917941115848,0.1226805999731805,-0.2184352781119707,0.0264013735971614,252,0.1840208999597709,0.1840208999597709,
valence_index_z,RVT_z,DMT,-0.0654466907605129,0.3007255716471121,-0.1875053219034538,0.0586023561808136,252,0.3608706859765345,0.3608706859765345,
pleasantness_z,HR_z,RS,-0.1952592691076453,0.0018440370682266,-0.311322409399666,-0.073456621730344,252,0.0073761482729065,,0.0073761482729065
pleasantness_z,SMNA_AUC_z,RS,0.015231824584369,0.8098577561294088,-0.1085475873714476,0.1385461384001983,252,0.8329965491616776,,0.8329965491616776
pleasantness_z,RVT_z,RS,-0.167389643651813,0.0077486314613137,-0.2850680521171663,-0.0447400035456138,252,0.0214577486620997,,0.0214577486620997
unpleasantness_z,HR_z,RS,0.2219906533336181,0.0003839459526169,0.1011914950270036,0.3363391205889123,252,0.0019745791848872,,0.0019745791848872
unpleasantness_z,SMNA_AUC_z,RS,0.1864588494310159,0.0029651479172229,0.0643668740772789,0.3030511406444227,252,0.0106745325020025,,0.0106745325020025
unpleasantness_z,RVT_z,RS,-0.1674458366740925,0.0077277776708628,-0.2851211665591108,-0.0447977011313263,252,0.0214577486620997,,0.0214577486620997
emotional_intensity_z,HR_z,RS,-0.1264706802596894,0.0448840850670679,-0.2461980387248906,-0.0029415571221719,252,0.0897681701341358,0.0673261276006018,0.0897681701341358
emotional_intensity_z,SMNA_AUC_z,RS,0.0247528201936087,0.695763825001319,-0.0991254836548065,0.1478755892259654,252,0.7827343031264838,0.7754154816262299,0.7827343031264838
emotional_intensity_z,RVT_z,RS,-0.0180604391845317,0.7754154816262299,-0.1413201336481108,0.1057506729700699,252,0.8210281570160081,0.7754154816262299,0.8210281570160081
interoception_z,HR_z,RS,-0.1781531533007897,0.004557364355517,-0.2952287025595259,-0.055806657581549,252,0.0149150106180559,,0.0149150106180559
interoception_z,SMNA_AUC_z,RS,-0.0979226090320934,0.1210279372826116,-0.2188494521408951,0.0259667043895368,252,0.1915816364698758,,0.1915816364698758
interoception_z,RVT_z,RS,-0.096205065484962,0.1277210909799172,-0.2171979918967766,0.0276993350846461,252,0.1915816364698758,,0.1915816364698758
bliss_z,HR_z,RS,0.155098540306169,0.013708761827157,0.0321394393525954,0.2734329336694139,252,0.0329010283851769,,0.0329010283851769
bliss_z,SMNA_AUC_z,RS,-0.1050543441467459,0.0961119563064366,-0.2256993876205407,0.0187643521964655,252,0.166872913688514,,0.166872913688514
bliss_z,RVT_z,RS,0.0759542397759203,0.2295658394030721,-0.0480720627610931,0.1976739572808713,252,0.2951560792325212,,0.2951560792325212
anxiety_z,HR_z,RS,0.2363281369329035,0.0001526488737272,0.1161449706259059,0.3496907682140277,252,0.0009716267789246,,0.0009716267789246
anxiety_z,SMNA_AUC_z,RS,0.0831098210789307,0.1884949756827475,-0.0408851777642387,0.2045837790910269,252,0.2609930432530351,,0.2609930432530351
anxiety_z,RVT_z,RS,-0.3205279256041206,1.98442261817418e-07,-0.4271826295281491,-0.2050757297256976,252,1.785980356356762e-06,,1.785980356356762e-06
valence_index_z,HR_z,RS,-0.3508469376318104,1.0352799116474997e-08,-0.4547077495973771,-0.2375720003076414,252,6.211679469884998e-08,6.211679469884998e-08,
valence_index_z,SMNA_AUC_z,RS,-0.143702193972572,0.0225061461046666,-0.2626137906660428,-0.0204909773671519,252,0.0450122922093332,0.0450122922093332,
valence_index_z,RVT_z,RS,-0.000435561086501,0.9945106434619282,-0.1240039822686334,0.1231461628293376,252,0.9945106434619282,0.9945106434619282,
