state,canonical_variate,fold_id,r_oos
RS,1,S04,-0.207239409209883
RS,2,S04,-0.2935448578886921
RS,1,S06,-0.1967067568612234
RS,2,S06,-0.6984619215679597
RS,1,S07,-0.2950628284451636
RS,2,S07,0.7434870207948422
RS,1,S16,-0.7482752079857362
RS,2,S16,0.4139464241739577
RS,1,S18,-0.229186425018034
RS,2,S18,0.0333417126129355
RS,1,S19,-0.8024476016788097
RS,2,S19,0.7749470951457716
RS,1,S20,0.5046324858781233
RS,2,S20,-0.0031203703770339
DMT,1,S04,0.3175370476203902
DMT,2,S04,0.1809333097106513
DMT,1,S06,0.0481589138550668
DMT,2,S06,0.5194641878787948
DMT,1,S07,0.5802724780205115
DMT,2,S07,0.3202272110922458
DMT,1,S16,0.1179652971795573
DMT,2,S16,0.4118682538189168
DMT,1,S18,0.6745863231261128
DMT,2,S18,-0.2448661139144171
DMT,1,S19,0.8567898601501373
DMT,2,S19,-0.4607433603258148
DMT,1,S20,0.35143090780599
DMT,2,S20,-0.0171817069903473
