subject,Dose,peak_120s,peak_60s,peak_30s,rest_HR,above_IHR_upper95,above_own_IHR,above_own_IHR_upper95
S04,High,121.35841518228732,123.89262639046169,127.3413286619053,70.06199840249515,True,True,True
S06,High,70.2963473466575,73.71269852574605,79.06473847817273,51.28281356839195,False,False,False
S07,High,151.1309801828251,154.64946122123186,155.3045582896329,66.50378005852035,True,True,True
S08,High,111.15172459626504,113.5754489413026,115.814696485623,59.14589320323464,False,True,False
S10,High,88.75739644970415,92.72324128199962,97.61388286334054,65.43317951837619,False,False,False
S11,High,132.2866210121931,135.81890812250333,136.5827530798071,86.16019413873201,True,True,True
S15,High,101.21659353809336,104.6698872785829,106.95893305163078,55.52114335785832,False,True,False
S16,High,109.27683464777436,110.07338225483662,110.38265988761044,74.2463880135561,False,True,False
S18,High,92.84834769875869,98.65798564974754,99.50908849674944,64.01549731691567,False,False,False
S19,High,128.7876256973908,134.1099972907071,135.83699560527367,68.73988027154294,True,True,True
S20,High,99.36043855641846,107.464519650655,110.07731621019526,62.190256116861214,False,True,False
S04,Low,112.38431026884092,116.79405671833707,117.63058395182745,77.60146429273753,True,True,True
S06,Low,81.90211456368507,86.98517298187811,90.89711500461075,63.55217277192456,False,False,False
S07,Low,118.43822141925124,125.15018021625951,129.7923322683706,59.91421373941855,True,True,True
S08,Low,98.21368611913238,101.6813982853725,102.45078344716757,70.58875924111517,False,True,False
S10,Low,81.21468926553673,86.82191412033919,94.49465899753493,69.07513592204165,False,False,False
S11,Low,102.98747404380735,104.15977779247405,105.84476101717478,88.15582076108986,False,True,False
S15,Low,88.7722348535509,91.35934676393818,94.4280739351728,68.96731016348632,False,False,False
S16,Low,84.7552135608342,88.53910477127401,89.83286908077994,63.98353430725519,False,False,False
S18,Low,96.11779542588364,102.48701831101393,103.20134793597305,72.69970117300744,False,False,False
S19,Low,83.70763576970191,86.40321500334895,88.11748998664883,61.51370431893688,False,False,False
S20,Low,87.42672326662624,100.8471157724889,112.4556096277785,52.16538358648159,False,True,False
