subject,session,window,State,Dose,RSP_RVT,Scale,window_c
S04,session1,1,DMT,High,1.145703191466917,z,-18.5
S04,session2,1,DMT,Low,0.9070070094148908,z,-18.5
S04,session1,1,DMT,High,80.75996356573903,abs,-18.5
S04,session2,1,DMT,Low,75.21706865668014,abs,-18.5
S04,session1,2,DMT,High,0.7730141053806865,z,-17.5
S04,session2,2,DMT,Low,3.395587974266362,z,-17.5
S04,session1,2,DMT,High,72.10554597024134,abs,-17.5
S04,session2,2,DMT,Low,133.00577161067022,abs,-17.5
S04,session1,3,DMT,High,3.331585253149012,z,-16.5
S04,session2,3,DMT,Low,-1.329447031212205,z,-16.5
S04,session1,3,DMT,High,131.51952933399255,abs,-16.5
S04,session2,3,DMT,Low,23.283143239162623,abs,-16.5
S04,session1,4,DMT,High,2.0838518454853947,z,-15.5
S04,session2,4,DMT,Low,-0.823083371032477,z,-15.5
S04,session1,4,DMT,High,102.54522780245844,abs,-15.5
S04,session2,4,DMT,Low,35.04169140702098,abs,-15.5
S04,session1,5,DMT,High,2.1805730561313816,z,-14.5
S04,session2,5,DMT,Low,-0.3097997417684284,z,-14.5
S04,session1,5,DMT,High,104.79124406245374,abs,-14.5
S04,session2,5,DMT,Low,46.96093197087237,abs,-14.5
S04,session1,6,DMT,High,1.5761531035275105,z,-13.5
S04,session2,6,DMT,Low,-0.4791323858800165,z,-13.5
S04,session1,6,DMT,High,90.7556769686684,abs,-13.5
S04,session2,6,DMT,Low,44.03872046092176,abs,-13.5
S04,session1,7,DMT,High,-0.8883295392496641,z,-12.5
S04,session2,7,DMT,Low,-0.2148625869390899,z,-12.5
S04,session1,7,DMT,High,33.526574363515785,abs,-12.5
S04,session2,7,DMT,Low,49.16551969263735,abs,-12.5
S04,session1,8,DMT,High,-0.7136218811235029,z,-11.5
S04,session2,8,DMT,Low,-0.562786464065818,z,-11.5
S04,session1,8,DMT,High,37.583556676664095,abs,-11.5
S04,session2,8,DMT,Low,41.08618859196045,abs,-11.5
S04,session1,9,DMT,High,-0.0697318305454902,z,-10.5
S04,session2,9,DMT,Low,-0.8136175725598762,z,-10.5
S04,session1,9,DMT,High,52.535680555062086,abs,-10.5
S04,session2,9,DMT,Low,35.261501902994986,abs,-10.5
S04,session1,10,DMT,High,1.8978987189349437,z,-9.5
S04,session2,10,DMT,Low,0.4520506324634439,z,-9.5
S04,session1,10,DMT,High,98.22710830168056,abs,-9.5
S04,session2,10,DMT,Low,65.4198703421529,abs,-9.5
S04,session1,11,DMT,High,-0.0625402196415775,z,-8.5
S04,session2,11,DMT,Low,-0.3592344610886693,z,-8.5
S04,session1,11,DMT,High,52.702680894676,abs,-8.5
S04,session2,11,DMT,Low,45.81298125085963,abs,-8.5
S04,session1,12,DMT,High,0.2894447761179166,z,-7.5
S04,session2,12,DMT,Low,-0.584599109346852,z,-7.5
S04,session1,12,DMT,High,60.876317457640255,abs,-7.5
S04,session2,12,DMT,Low,40.57966519706593,abs,-7.5
S04,session1,13,DMT,High,0.2312940051302121,z,-6.5
S04,session2,13,DMT,Low,1.1738927916384427,z,-6.5
S04,session1,13,DMT,High,59.52596652326568,abs,-6.5
S04,session2,13,DMT,Low,81.41456972632312,abs,-6.5
S04,session1,14,DMT,High,-1.4136385079952698,z,-5.5
S04,session2,14,DMT,Low,-0.4019012228377017,z,-5.5
S04,session1,14,DMT,High,21.328086798648272,abs,-5.5
S04,session2,14,DMT,Low,44.8221929841533,abs,-5.5
S04,session1,15,DMT,High,-0.4796899330992911,z,-4.5
S04,session2,15,DMT,Low,-0.8994155343176657,z,-4.5
S04,session1,15,DMT,High,43.01581869536288,abs,-4.5
S04,session2,15,DMT,Low,33.26914039412416,abs,-4.5
S04,session1,16,DMT,High,-0.5814308487613999,z,-3.5
S04,session2,16,DMT,Low,0.0005773325795264,z,-3.5
S04,session1,16,DMT,High,40.65323711312551,abs,-3.5
S04,session2,16,DMT,Low,54.168368179118445,abs,-3.5
S04,session1,17,DMT,High,-1.1965120720508562,z,-2.5
S04,session2,17,DMT,Low,-0.0984820177640092,z,-2.5
S04,session1,17,DMT,High,26.370098807688592,abs,-2.5
S04,session2,17,DMT,Low,51.86805669531689,abs,-2.5
S04,session1,18,DMT,High,-0.0776925265631353,z,-1.5
S04,session2,18,DMT,Low,0.2304265553651642,z,-1.5
S04,session1,18,DMT,High,52.35082086836986,abs,-1.5
S04,session2,18,DMT,Low,59.50582299669054,abs,-1.5
S04,session1,19,DMT,High,-0.1709104987477828,z,-0.5
S04,session2,19,DMT,Low,1.4353452769233612,z,-0.5
S04,session1,19,DMT,High,50.18615522934235,abs,-0.5
S04,session2,19,DMT,Low,87.48590122893887,abs,-0.5
S04,session1,20,DMT,High,0.3510684260933759,z,0.5
S04,session2,20,DMT,Low,1.3726306809846711,z,0.5
S04,session1,20,DMT,High,62.307314019001886,abs,0.5
S04,session2,20,DMT,Low,86.02957121325188,abs,0.5
S04,session1,21,DMT,High,-1.1296195497854953,z,1.5
S04,session2,21,DMT,Low,0.8259762023882118,z,1.5
S04,session1,21,DMT,High,27.923446741163133,abs,1.5
S04,session2,21,DMT,Low,73.33540786142193,abs,1.5
S04,session1,22,DMT,High,-0.4779271845251518,z,2.5
S04,session2,22,DMT,Low,0.5947849675846921,z,2.5
S04,session1,22,DMT,High,43.05675244643317,abs,2.5
S04,session2,22,DMT,Low,67.966789447022,abs,2.5
S04,session1,23,DMT,High,-1.215031682653742,z,3.5
S04,session2,23,DMT,Low,0.2665518224940144,z,3.5
S04,session1,23,DMT,High,25.940044776467783,abs,3.5
S04,session2,23,DMT,Low,60.34470763043493,abs,3.5
S04,session1,24,DMT,High,-0.2409741067069766,z,4.5
S04,session2,24,DMT,Low,-0.444576124541207,z,4.5
S04,session1,24,DMT,High,48.55916977641765,abs,4.5
S04,session2,24,DMT,Low,43.83121569510144,abs,4.5
S04,session1,25,DMT,High,0.456457867183882,z,5.5
S04,session2,25,DMT,Low,-0.5560885924977862,z,5.5
S04,session1,25,DMT,High,64.75462001052296,abs,5.5
S04,session2,25,DMT,Low,41.241723539762354,abs,5.5
S04,session1,26,DMT,High,-0.2695130812313377,z,6.5
S04,session2,26,DMT,Low,-0.0610508516816088,z,6.5
S04,session1,26,DMT,High,47.896450602441234,abs,6.5
S04,session2,26,DMT,Low,52.7372663246232,abs,6.5
S04,session1,27,DMT,High,-1.049648905815902,z,7.5
S04,session2,27,DMT,Low,-0.4155664171650378,z,7.5
S04,session1,27,DMT,High,29.78048890883636,abs,7.5
S04,session2,27,DMT,Low,44.50486601470987,abs,7.5
S04,session1,28,DMT,High,-0.3582753573926598,z,8.5
S04,session2,28,DMT,Low,0.34956701979309,z,8.5
S04,session1,28,DMT,High,45.83525312361505,abs,8.5
S04,session2,28,DMT,Low,62.272449040154136,abs,8.5
S04,session1,29,DMT,High,-1.178208260233419,z,9.5
S04,session2,29,DMT,Low,-0.2785124650386107,z,9.5
S04,session1,29,DMT,High,26.7951416570004,abs,9.5
S04,session2,29,DMT,Low,47.68747097712352,abs,9.5
S04,session1,30,DMT,High,-0.5828368182848057,z,10.5
S04,session2,30,DMT,Low,0.4279222722972189,z,10.5
S04,session1,30,DMT,High,40.62058832399708,abs,10.5
S04,session2,30,DMT,Low,64.09197931696642,abs,10.5
S04,session1,31,DMT,High,-1.0524018605424108,z,11.5
S04,session2,31,DMT,Low,1.0349366510340607,z,11.5
S04,session1,31,DMT,High,29.716561037819517,abs,11.5
S04,session2,31,DMT,Low,78.18779300238447,abs,11.5
S04,session1,32,DMT,High,-1.2869149348621092,z,12.5
S04,session2,32,DMT,Low,-0.0416517489090216,z,12.5
S04,session1,32,DMT,High,24.270804366809664,abs,12.5
S04,session2,32,DMT,Low,53.187743525699865,abs,12.5
S04,session1,33,DMT,High,-0.5121299526088396,z,13.5
S04,session2,33,DMT,Low,0.1069783955380641,z,13.5
S04,session1,33,DMT,High,42.2625112170302,abs,13.5
S04,session2,33,DMT,Low,56.63916559666066,abs,13.5
S04,session1,34,DMT,High,-0.3449006882259284,z,14.5
S04,session2,34,DMT,Low,-0.4627958483322659,z,14.5
S04,session1,34,DMT,High,46.14583364902313,abs,14.5
S04,session2,34,DMT,Low,43.40812549995157,abs,14.5
S04,session1,35,DMT,High,-1.6408883568246924,z,15.5
S04,session2,35,DMT,Low,0.0897329442232139,z,15.5
S04,session1,35,DMT,High,16.497526519965476,abs,15.5
S04,session2,35,DMT,Low,56.23869951682755,abs,15.5
S04,session1,36,DMT,High,-1.0674786862536891,z,16.5
S04,session2,36,DMT,Low,0.5309149700419975,z,16.5
S04,session1,36,DMT,High,29.36645380207999,abs,16.5
S04,session2,36,DMT,Low,66.48362921723734,abs,16.5
S04,session1,37,DMT,High,-0.4366284495006091,z,17.5
S04,session2,37,DMT,Low,-0.0864879520762456,z,17.5
S04,session1,37,DMT,High,45.46457755255498,abs,17.5
S04,session2,37,DMT,Low,52.14657747042142,abs,17.5
S04,session1,38,DMT,High,-0.5244011225717278,z,18.5
S04,session2,38,DMT,Low,0.7330405072203993,z,18.5
S04,session1,38,DMT,High,41.97755565163006,abs,18.5
S04,session2,38,DMT,Low,71.17729713176125,abs,18.5
S05,session1,1,DMT,High,-1.8407128235393224,z,-18.5
S05,session2,1,DMT,Low,-0.5460461131879325,z,-18.5
S05,session1,1,DMT,High,20.684062793572767,abs,-18.5
S05,session2,1,DMT,Low,53.48644654932599,abs,-18.5
S05,session1,2,DMT,High,-2.009164971176057,z,-17.5
S05,session2,2,DMT,Low,-1.5793512403792764,z,-17.5
S05,session1,2,DMT,High,16.416067063798234,abs,-17.5
S05,session2,2,DMT,Low,27.30606278884578,abs,-17.5
S05,session1,3,DMT,High,-0.8917506715972799,z,-16.5
S05,session2,3,DMT,Low,-1.047751070155906,z,-16.5
S05,session1,3,DMT,High,44.727486810584566,abs,-16.5
S05,session2,3,DMT,Low,40.77497540463236,abs,-16.5
S05,session1,4,DMT,High,-1.0269345329216957,z,-15.5
S05,session2,4,DMT,Low,-1.0909752909753538,z,-15.5
S05,session1,4,DMT,High,41.30239457542199,abs,-15.5
S05,session2,4,DMT,Low,39.67982290899266,abs,-15.5
S05,session1,5,DMT,High,-0.690959419701135,z,-14.5
S05,session2,5,DMT,Low,-1.2708317807288498,z,-14.5
S05,session1,5,DMT,High,49.814843770359815,abs,-14.5
S05,session2,5,DMT,Low,35.12288053093801,abs,-14.5
S05,session1,6,DMT,High,-0.972857560571756,z,-13.5
S05,session2,6,DMT,Low,-1.247435779426774,z,-13.5
S05,session1,6,DMT,High,42.67251831861344,abs,-13.5
S05,session2,6,DMT,Low,35.71565441391867,abs,-13.5
S05,session1,7,DMT,High,-1.007586901924054,z,-12.5
S05,session2,7,DMT,Low,-1.2645567906516957,z,-12.5
S05,session1,7,DMT,High,41.7925967345376,abs,-12.5
S05,session2,7,DMT,Low,35.28186711098106,abs,-12.5
S05,session1,8,DMT,High,-1.085498354932406,z,-11.5
S05,session2,8,DMT,Low,-0.1471383623194936,z,-11.5
S05,session1,8,DMT,High,39.81858955561304,abs,-11.5
S05,session2,8,DMT,Low,63.59339146612195,abs,-11.5
S05,session1,9,DMT,High,-0.7271918075312296,z,-10.5
S05,session2,9,DMT,Low,0.4239555593411467,z,-10.5
S05,session1,9,DMT,High,48.89684017878877,abs,-10.5
S05,session2,9,DMT,Low,78.06293936529202,abs,-10.5
S05,session1,10,DMT,High,-0.3757196076855011,z,-9.5
S05,session2,10,DMT,Low,0.9186878271750852,z,-9.5
S05,session1,10,DMT,High,57.80193203496943,abs,-9.5
S05,session2,10,DMT,Low,90.5977466451041,abs,-9.5
S05,session1,11,DMT,High,-0.0205621725749878,z,-8.5
S05,session2,11,DMT,Low,0.7887244246502337,z,-8.5
S05,session1,11,DMT,High,66.80039502707194,abs,-8.5
S05,session2,11,DMT,Low,87.30492280887017,abs,-8.5
S05,session1,12,DMT,High,-0.3422941631689271,z,-7.5
S05,session2,12,DMT,Low,1.1934094194816096,z,-7.5
S05,session1,12,DMT,High,58.64881737578561,abs,-7.5
S05,session2,12,DMT,Low,97.55824313796931,abs,-7.5
S05,session1,13,DMT,High,-0.5218772175551404,z,-6.5
S05,session2,13,DMT,Low,0.9881959119389064,z,-6.5
S05,session1,13,DMT,High,54.09880290572323,abs,-6.5
S05,session2,13,DMT,Low,92.35884149084352,abs,-6.5
S05,session1,14,DMT,High,-0.7691263662947576,z,-5.5
S05,session2,14,DMT,Low,1.008460999402041,z,-5.5
S05,session1,14,DMT,High,47.83436326624337,abs,-5.5
S05,session2,14,DMT,Low,92.87228882867554,abs,-5.5
S05,session1,15,DMT,High,-0.0008753304384537,z,-4.5
S05,session2,15,DMT,Low,0.1067458859540431,z,-4.5
S05,session1,15,DMT,High,67.2991916250985,abs,-4.5
S05,session2,15,DMT,Low,70.02594161576559,abs,-4.5
S05,session1,16,DMT,High,-0.3760808193808403,z,-3.5
S05,session2,16,DMT,Low,0.581456139108024,z,-3.5
S05,session1,16,DMT,High,57.79278017792942,abs,-3.5
S05,session2,16,DMT,Low,82.05346018270339,abs,-3.5
S05,session1,17,DMT,High,-1.1150742327650374,z,-2.5
S05,session2,17,DMT,Low,0.9104006723804272,z,-2.5
S05,session1,17,DMT,High,39.069238941418334,abs,-2.5
S05,session2,17,DMT,Low,90.38777875943572,abs,-2.5
S05,session1,18,DMT,High,-1.1289645211494783,z,-1.5
S05,session2,18,DMT,Low,0.3257080320884487,z,-1.5
S05,session1,18,DMT,High,38.71730699907246,abs,-1.5
S05,session2,18,DMT,Low,75.57368628862788,abs,-1.5
S05,session1,19,DMT,High,-0.8080998028971785,z,-0.5
S05,session2,19,DMT,Low,1.3101391136442426,z,-0.5
S05,session1,19,DMT,High,46.84691096404728,abs,-0.5
S05,session2,19,DMT,Low,100.515770502348,abs,-0.5
S05,session1,20,DMT,High,-0.3921474432843757,z,0.5
S05,session2,20,DMT,Low,0.5413853957582604,z,0.5
S05,session1,20,DMT,High,57.38570740875312,abs,0.5
S05,session2,20,DMT,Low,81.0382059166997,abs,0.5
S05,session1,21,DMT,High,-0.4520028826048768,z,1.5
S05,session2,21,DMT,Low,0.4901464889432533,z,1.5
S05,session1,21,DMT,High,55.86917726646856,abs,1.5
S05,session2,21,DMT,Low,79.73998895388387,abs,1.5
S05,session1,22,DMT,High,-0.0614116602389184,z,2.5
S05,session2,22,DMT,Low,1.7109226513186926,z,2.5
S05,session1,22,DMT,High,65.76541006927188,abs,2.5
S05,session2,22,DMT,Low,110.67024137942612,abs,2.5
S05,session1,23,DMT,High,0.4983303946457975,z,3.5
S05,session2,23,DMT,Low,2.1638804629293644,z,3.5
S05,session1,23,DMT,High,79.94734086409315,abs,3.5
S05,session2,23,DMT,Low,122.14662819220416,abs,3.5
S05,session1,24,DMT,High,0.1752094156033315,z,4.5
S05,session2,24,DMT,Low,-1.305672669128476,z,4.5
S05,session1,24,DMT,High,71.76057104191328,abs,4.5
S05,session2,24,DMT,Low,34.24013272987212,abs,4.5
S05,session1,25,DMT,High,-0.7131289919375821,z,5.5
S05,session2,25,DMT,Low,0.0514929945663975,z,5.5
S05,session1,25,DMT,High,49.253143364852775,abs,5.5
S05,session2,25,DMT,Low,68.62602414478916,abs,5.5
S05,session1,26,DMT,High,-0.6271765372583756,z,6.5
S05,session2,26,DMT,Low,0.7198110622945478,z,6.5
S05,session1,26,DMT,High,51.43088175929336,abs,6.5
S05,session2,26,DMT,Low,85.55889617528433,abs,6.5
S05,session1,27,DMT,High,-0.7090541828987843,z,7.5
S05,session2,27,DMT,Low,2.183112609892908,z,7.5
S05,session1,27,DMT,High,49.35638495494956,abs,7.5
S05,session2,27,DMT,Low,122.63390438467997,abs,7.5
S05,session1,28,DMT,High,-0.2887305175201405,z,8.5
S05,session2,28,DMT,Low,0.3716994242661732,z,8.5
S05,session1,28,DMT,High,60.00593519296636,abs,8.5
S05,session2,28,DMT,Low,76.73894935101528,abs,8.5
S05,session1,29,DMT,High,-0.408782445896835,z,9.5
S05,session2,29,DMT,Low,-0.131847996676725,z,9.5
S05,session1,29,DMT,High,56.96423388579233,abs,9.5
S05,session2,29,DMT,Low,63.98079653151035,abs,9.5
S05,session1,30,DMT,High,0.4257746081831882,z,10.5
S05,session2,30,DMT,Low,1.2402324061883148,z,10.5
S05,session1,30,DMT,High,78.10902778149213,abs,10.5
S05,session2,30,DMT,Low,98.74457593409645,abs,10.5
S05,session1,31,DMT,High,-0.6467191721994382,z,11.5
S05,session2,31,DMT,Low,0.0954868719751298,z,11.5
S05,session1,31,DMT,High,50.93573887363028,abs,11.5
S05,session2,31,DMT,Low,69.74067708065797,abs,11.5
S05,session1,32,DMT,High,0.0079266944765581,z,12.5
S05,session2,32,DMT,Low,0.8371674120395587,z,12.5
S05,session1,32,DMT,High,67.52220454169043,abs,12.5
S05,session2,32,DMT,Low,88.53230082818176,abs,12.5
S05,session1,33,DMT,High,0.2513773452535941,z,13.5
S05,session2,33,DMT,Low,1.674503245070222,z,13.5
S05,session1,33,DMT,High,73.6904033595999,abs,13.5
S05,session2,33,DMT,Low,109.74749938693697,abs,13.5
S05,session1,34,DMT,High,0.614768123039248,z,14.5
S05,session2,34,DMT,Low,1.6093063764004474,z,14.5
S05,session1,34,DMT,High,82.89747082408378,abs,14.5
S05,session2,34,DMT,Low,108.09563586972416,abs,14.5
S05,session1,35,DMT,High,0.1129125853829323,z,15.5
S05,session2,35,DMT,Low,2.957734165928882,z,15.5
S05,session1,35,DMT,High,70.18218448472598,abs,15.5
S05,session2,35,DMT,Low,142.26013972649565,abs,15.5
S05,session1,36,DMT,High,-0.8462692673451178,z,16.5
S05,session2,36,DMT,Low,1.3321723944602393,z,16.5
S05,session1,36,DMT,High,45.879828540005455,abs,16.5
S05,session2,36,DMT,Low,101.0740177538962,abs,16.5
S05,session1,37,DMT,High,-0.1289172660513319,z,17.5
S05,session2,37,DMT,Low,0.5328133978970292,z,17.5
S05,session1,37,DMT,High,64.05505112529133,abs,17.5
S05,session2,37,DMT,Low,80.82102109133157,abs,17.5
S05,session1,38,DMT,High,0.3344363080487086,z,18.5
S05,session2,38,DMT,Low,1.1287919189445068,z,18.5
S05,session1,38,DMT,High,75.79483066137296,abs,18.5
S05,session2,38,DMT,Low,95.92105880859056,abs,18.5
S06,session2,1,DMT,High,1.9515623521104752,z,-18.5
S06,session1,1,DMT,Low,1.4520034840021965,z,-18.5
S06,session2,1,DMT,High,63.632232738164205,abs,-18.5
S06,session1,1,DMT,Low,54.11697240707888,abs,-18.5
S06,session2,2,DMT,High,1.2109122770207468,z,-17.5
S06,session1,2,DMT,Low,1.86960962195334,z,-17.5
S06,session2,2,DMT,High,49.524829729978336,abs,-17.5
S06,session1,2,DMT,Low,62.071252417183686,abs,-17.5
S06,session2,3,DMT,High,2.754578155357754,z,-16.5
S06,session1,3,DMT,Low,-0.6768955391314336,z,-16.5
S06,session2,3,DMT,High,78.9275360660941,abs,-16.5
S06,session1,3,DMT,Low,13.567139911023498,abs,-16.5
S06,session2,4,DMT,High,0.7273011055040401,z,-15.5
S06,session1,4,DMT,Low,-0.0999917803729345,z,-15.5
S06,session2,4,DMT,High,40.31333036569279,abs,-15.5
S06,session1,4,DMT,Low,24.55561354448314,abs,-15.5
S06,session2,5,DMT,High,1.337699875629948,z,-14.5
S06,session1,5,DMT,Low,-0.6877122328606238,z,-14.5
S06,session2,5,DMT,High,51.93979438086751,abs,-14.5
S06,session1,5,DMT,Low,13.361110825513292,abs,-14.5
S06,session2,6,DMT,High,1.6309292579738848,z,-13.5
S06,session1,6,DMT,Low,-0.1723168759712355,z,-13.5
S06,session2,6,DMT,High,57.5250298512969,abs,-13.5
S06,session1,6,DMT,Low,23.178013912042417,abs,-13.5
S06,session2,7,DMT,High,1.6584853422800985,z,-12.5
S06,session1,7,DMT,Low,-0.3699150493099548,z,-12.5
S06,session2,7,DMT,High,58.049899556586816,abs,-12.5
S06,session1,7,DMT,Low,19.414297200567077,abs,-12.5
S06,session2,8,DMT,High,1.704944326605385,z,-11.5
S06,session1,8,DMT,Low,-0.7555885148694427,z,-11.5
S06,session2,8,DMT,High,58.93481895006479,abs,-11.5
S06,session1,8,DMT,Low,12.168844978433064,abs,-11.5
S06,session2,9,DMT,High,2.5704033925344607,z,-10.5
S06,session1,9,DMT,Low,-1.0177385018846163,z,-10.5
S06,session2,9,DMT,High,75.41949942305389,abs,-10.5
S06,session1,9,DMT,Low,7.263853264648444,abs,-10.5
S06,session2,10,DMT,High,1.5419797447804988,z,-9.5
S06,session1,10,DMT,Low,-0.914884608729921,z,-9.5
S06,session2,10,DMT,High,55.83077952687883,abs,-9.5
S06,session1,10,DMT,Low,9.034084654177258,abs,-9.5
S06,session2,11,DMT,High,-0.241850504708273,z,-8.5
S06,session1,11,DMT,Low,-0.8807089290010984,z,-8.5
S06,session2,11,DMT,High,21.853584257328457,abs,-8.5
S06,session1,11,DMT,Low,9.778917556220154,abs,-8.5
S06,session2,12,DMT,High,1.0491516355295292,z,-7.5
S06,session1,12,DMT,Low,-1.00361522610294,z,-7.5
S06,session2,12,DMT,High,46.44372215012315,abs,-7.5
S06,session1,12,DMT,Low,7.344003709684448,abs,-7.5
S06,session2,13,DMT,High,-0.1734688006317205,z,-6.5
S06,session1,13,DMT,Low,-1.056480469751834,z,-6.5
S06,session2,13,DMT,High,23.156072828166124,abs,-6.5
S06,session1,13,DMT,Low,6.337062210096355,abs,-6.5
S06,session2,14,DMT,High,0.125486086511992,z,-5.5
S06,session1,14,DMT,Low,-0.7187579486191686,z,-5.5
S06,session2,14,DMT,High,28.850363851753933,abs,-5.5
S06,session1,14,DMT,Low,12.769772974328545,abs,-5.5
S06,session2,15,DMT,High,-0.0421477572254618,z,-4.5
S06,session1,15,DMT,Low,-1.186755908045123,z,-4.5
S06,session2,15,DMT,High,26.52017724374252,abs,-4.5
S06,session1,15,DMT,Low,3.855663541705174,abs,-4.5
S06,session2,16,DMT,High,0.5381253158334546,z,-3.5
S06,session1,16,DMT,Low,-0.8997989326567839,z,-3.5
S06,session2,16,DMT,High,36.71003753682021,abs,-3.5
S06,session1,16,DMT,Low,9.321426435637155,abs,-3.5
S06,session2,17,DMT,High,0.6052745317279865,z,-2.5
S06,session1,17,DMT,Low,-1.13830178089741,z,-2.5
S06,session2,17,DMT,High,37.98905050416929,abs,-2.5
S06,session1,17,DMT,Low,4.778585069796362,abs,-2.5
S06,session2,18,DMT,High,1.0424712442753403,z,-1.5
S06,session1,18,DMT,Low,-0.9549939726155368,z,-1.5
S06,session2,18,DMT,High,46.31647856392114,abs,-1.5
S06,session1,18,DMT,Low,8.270108547555234,abs,-1.5
S06,session2,19,DMT,High,-0.0175235733856198,z,-0.5
S06,session1,19,DMT,Low,-0.986395274315226,z,-0.5
S06,session2,19,DMT,High,26.12641232039846,abs,-0.5
S06,session1,19,DMT,Low,8.091686543979804,abs,-0.5
S06,session2,20,DMT,High,0.764840878381342,z,0.5
S06,session1,20,DMT,Low,-0.8692008690986687,z,0.5
S06,session2,20,DMT,High,41.02836263616369,abs,0.5
S06,session1,20,DMT,Low,9.904237709681952,abs,0.5
S06,session2,21,DMT,High,0.165124927756889,z,1.5
S06,session1,21,DMT,Low,-0.8442421490881714,z,1.5
S06,session2,21,DMT,High,29.605377760517147,abs,1.5
S06,session1,21,DMT,Low,10.854330631599364,abs,1.5
S06,session2,22,DMT,High,-0.1999312458798455,z,2.5
S06,session1,22,DMT,Low,-0.5637457832654647,z,2.5
S06,session2,22,DMT,High,23.00788937762315,abs,2.5
S06,session1,22,DMT,Low,15.72234013305235,abs,2.5
S06,session2,23,DMT,High,0.5748227198204471,z,3.5
S06,session1,23,DMT,Low,-0.7885148485167178,z,3.5
S06,session2,23,DMT,High,37.40902493290734,abs,3.5
S06,session1,23,DMT,Low,11.441090601161726,abs,3.5
S06,session2,24,DMT,High,1.4526676730791734,z,4.5
S06,session1,24,DMT,Low,-1.0710009478130016,z,4.5
S06,session2,24,DMT,High,54.1296234325735,abs,4.5
S06,session1,24,DMT,Low,6.0604859391014525,abs,4.5
S06,session2,25,DMT,High,0.4567808911911878,z,5.5
S06,session1,25,DMT,Low,-1.1771980796308923,z,5.5
S06,session2,25,DMT,High,35.16064380894077,abs,5.5
S06,session1,25,DMT,Low,4.037714609891872,abs,5.5
S06,session2,26,DMT,High,-0.2444318920038,z,6.5
S06,session1,26,DMT,Low,-0.5862874011623128,z,6.5
S06,session2,26,DMT,High,21.80441573345597,abs,6.5
S06,session1,26,DMT,Low,15.292982601307214,abs,6.5
S06,session2,27,DMT,High,0.2300081413276068,z,7.5
S06,session1,27,DMT,Low,-0.837049278645815,z,7.5
S06,session2,27,DMT,High,30.84122944418493,abs,7.5
S06,session1,27,DMT,Low,10.51663951605131,abs,7.5
S06,session2,28,DMT,High,-0.1307223099914724,z,8.5
S06,session1,28,DMT,Low,-1.1199377148755485,z,8.5
S06,session2,28,DMT,High,23.970279146277367,abs,8.5
S06,session1,28,DMT,Low,5.128371411488081,abs,8.5
S06,session2,29,DMT,High,1.6035701516216498,z,9.5
S06,session1,29,DMT,Low,-0.5055857393716876,z,9.5
S06,session2,29,DMT,High,57.00391204919847,abs,9.5
S06,session1,29,DMT,Low,16.83013341597869,abs,9.5
S06,session2,30,DMT,High,0.7006904773833298,z,10.5
S06,session1,30,DMT,Low,-0.6912694441672045,z,10.5
S06,session2,30,DMT,High,39.80646907204566,abs,10.5
S06,session1,30,DMT,Low,13.293355464142229,abs,10.5
S06,session2,31,DMT,High,0.1935042060342685,z,11.5
S06,session1,31,DMT,Low,-1.0783035275939294,z,11.5
S06,session2,31,DMT,High,30.14592710926587,abs,11.5
S06,session1,31,DMT,Low,5.9213913255533495,abs,11.5
S06,session2,32,DMT,High,0.2406485416929477,z,12.5
S06,session1,32,DMT,Low,-0.3685519684093632,z,12.5
S06,session2,32,DMT,High,31.04390061262318,abs,12.5
S06,session1,32,DMT,Low,19.440260246064742,abs,12.5
S06,session2,33,DMT,High,0.4084526804125403,z,13.5
S06,session1,33,DMT,Low,-0.9992057220483104,z,13.5
S06,session2,33,DMT,High,34.240120650907826,abs,13.5
S06,session1,33,DMT,Low,7.468822531559677,abs,13.5
S06,session2,34,DMT,High,-0.3228201767985528,z,14.5
S06,session1,34,DMT,Low,-0.8561259240122601,z,14.5
S06,session2,34,DMT,High,20.31132856326152,abs,14.5
S06,session1,34,DMT,Low,10.153280443690344,abs,14.5
S06,session2,35,DMT,High,0.1278966918040715,z,15.5
S06,session1,35,DMT,Low,-0.8129877016839308,z,15.5
S06,session2,35,DMT,High,28.896279435229584,abs,15.5
S06,session1,35,DMT,Low,10.974948202744764,abs,15.5
S06,session2,36,DMT,High,-0.1231026455386327,z,16.5
S06,session1,36,DMT,Low,-1.0362638218705549,z,16.5
S06,session2,36,DMT,High,24.115413374759463,abs,16.5
S06,session1,36,DMT,Low,6.722135281345609,abs,16.5
S06,session2,37,DMT,High,-0.0176076357503588,z,17.5
S06,session1,37,DMT,Low,-0.9870912308864332,z,17.5
S06,session2,37,DMT,High,26.124811157181068,abs,17.5
S06,session1,37,DMT,Low,7.658741623936811,abs,17.5
S06,session2,38,DMT,High,0.4344030096279899,z,18.5
S06,session1,38,DMT,Low,-0.8973085005752884,z,18.5
S06,session2,38,DMT,High,34.73440501642698,abs,18.5
S06,session1,38,DMT,Low,9.368862505948654,abs,18.5
S07,session2,1,DMT,High,1.5302798055869629,z,-18.5
S07,session1,1,DMT,Low,-0.9169034126135324,z,-18.5
S07,session2,1,DMT,High,68.91408628825401,abs,-18.5
S07,session1,1,DMT,Low,16.09392785071628,abs,-18.5
S07,session2,2,DMT,High,2.5197757360729147,z,-17.5
S07,session1,2,DMT,Low,-0.7206687004891366,z,-17.5
S07,session2,2,DMT,High,90.27142947075566,abs,-17.5
S07,session1,2,DMT,Low,20.329470374981,abs,-17.5
S07,session2,3,DMT,High,1.1841479272315265,z,-16.5
S07,session1,3,DMT,Low,-0.6179672089094925,z,-16.5
S07,session2,3,DMT,High,61.44315378142656,abs,-16.5
S07,session1,3,DMT,Low,22.546185910075767,abs,-16.5
S07,session2,4,DMT,High,2.1033772769865178,z,-15.5
S07,session1,4,DMT,Low,0.0073938324717112,z,-15.5
S07,session2,4,DMT,High,81.28385861030196,abs,-15.5
S07,session1,4,DMT,Low,36.04401845516333,abs,-15.5
S07,session2,5,DMT,High,3.5348418297317896,z,-14.5
S07,session1,5,DMT,Low,0.9797158670244452,z,-14.5
S07,session2,5,DMT,High,112.180680683691,abs,-14.5
S07,session1,5,DMT,Low,57.03067917407348,abs,-14.5
S07,session2,6,DMT,High,2.6309693914399634,z,-13.5
S07,session1,6,DMT,Low,0.385726149576315,z,-13.5
S07,session2,6,DMT,High,92.67144040988566,abs,-13.5
S07,session1,6,DMT,Low,44.20996728273032,abs,-13.5
S07,session2,7,DMT,High,1.5746939013070722,z,-12.5
S07,session1,7,DMT,Low,-0.2043199994484448,z,-12.5
S07,session2,7,DMT,High,69.87272295891621,abs,-12.5
S07,session1,7,DMT,Low,31.47437362339468,abs,-12.5
S07,session2,8,DMT,High,1.5447239488712905,z,-11.5
S07,session1,8,DMT,Low,-0.2981549313057263,z,-11.5
S07,session2,8,DMT,High,69.22584959681971,abs,-11.5
S07,session1,8,DMT,Low,29.449034478039728,abs,-11.5
S07,session2,9,DMT,High,0.7623895807896459,z,-10.5
S07,session1,9,DMT,Low,-0.5094807316038911,z,-10.5
S07,session2,9,DMT,High,52.33989477093228,abs,-10.5
S07,session1,9,DMT,Low,24.887764945513048,abs,-10.5
S07,session2,10,DMT,High,1.291518732388256,z,-9.5
S07,session1,10,DMT,Low,-0.6306245750660016,z,-9.5
S07,session2,10,DMT,High,63.76065207814781,abs,-9.5
S07,session1,10,DMT,Low,22.272988512832928,abs,-9.5
S07,session2,11,DMT,High,0.793184842558365,z,-8.5
S07,session1,11,DMT,Low,0.6927029425810024,z,-8.5
S07,session2,11,DMT,High,53.004581662233065,abs,-8.5
S07,session1,11,DMT,Low,50.83577393364303,abs,-8.5
S07,session2,12,DMT,High,0.6141105911833113,z,-7.5
S07,session1,12,DMT,Low,-0.1158300678559221,z,-7.5
S07,session2,12,DMT,High,49.13943161569544,abs,-7.5
S07,session1,12,DMT,Low,33.38434594262337,abs,-7.5
S07,session2,13,DMT,High,0.0999960060370725,z,-6.5
S07,session1,13,DMT,Low,0.1989323348935402,z,-6.5
S07,session2,13,DMT,High,38.042749667033725,abs,-6.5
S07,session1,13,DMT,Low,40.17819769011624,abs,-6.5
S07,session2,14,DMT,High,0.3470867445176882,z,-5.5
S07,session1,14,DMT,Low,-0.449552391928673,z,-5.5
S07,session2,14,DMT,High,43.375971903083325,abs,-5.5
S07,session1,14,DMT,Low,26.181262045771543,abs,-5.5
S07,session2,15,DMT,High,0.4729961817276144,z,-4.5
S07,session1,15,DMT,Low,-0.5962426882735979,z,-4.5
S07,session2,15,DMT,High,46.09360921472683,abs,-4.5
S07,session1,15,DMT,Low,23.015089347069463,abs,-4.5
S07,session2,16,DMT,High,0.5729090816456119,z,-3.5
S07,session1,16,DMT,Low,-0.7314631338866123,z,-3.5
S07,session2,16,DMT,High,48.25013560979715,abs,-3.5
S07,session1,16,DMT,Low,20.884525395304863,abs,-3.5
S07,session2,17,DMT,High,-0.5652320175564324,z,-2.5
S07,session1,17,DMT,Low,-0.3497141900006579,z,-2.5
S07,session2,17,DMT,High,23.68442563883248,abs,-2.5
S07,session1,17,DMT,Low,28.336176154668717,abs,-2.5
S07,session2,18,DMT,High,-0.1514306601305101,z,-1.5
S07,session1,18,DMT,Low,-0.0332509567286625,z,-1.5
S07,session2,18,DMT,High,32.615940491642604,abs,-1.5
S07,session1,18,DMT,Low,35.16673873648222,abs,-1.5
S07,session2,19,DMT,High,0.6881363311733816,z,-0.5
S07,session1,19,DMT,Low,-0.1324064997840369,z,-0.5
S07,session2,19,DMT,High,50.737207902183165,abs,-0.5
S07,session1,19,DMT,Low,33.026559180169215,abs,-0.5
S07,session2,20,DMT,High,0.4199473299419491,z,0.5
S07,session1,20,DMT,Low,-0.2665461751131057,z,0.5
S07,session2,20,DMT,High,44.948599419216414,abs,0.5
S07,session1,20,DMT,Low,30.13127988479576,abs,0.5
S07,session2,21,DMT,High,-0.108355790921053,z,1.5
S07,session1,21,DMT,Low,-0.842633761943983,z,1.5
S07,session2,21,DMT,High,33.5456712120064,abs,1.5
S07,session1,21,DMT,Low,17.69696872084404,abs,1.5
S07,session2,22,DMT,High,1.151202204841804,z,2.5
S07,session1,22,DMT,Low,-0.4020384390953459,z,2.5
S07,session2,22,DMT,High,60.73205121112376,abs,2.5
S07,session1,22,DMT,Low,27.206806229788747,abs,2.5
S07,session2,23,DMT,High,1.399478476602768,z,3.5
S07,session1,23,DMT,Low,-0.5801343062460022,z,3.5
S07,session2,23,DMT,High,66.0908620730005,abs,3.5
S07,session1,23,DMT,Low,23.36277369066171,abs,3.5
S07,session2,24,DMT,High,0.0492520009228247,z,4.5
S07,session1,24,DMT,Low,-0.9455902176564166,z,4.5
S07,session2,24,DMT,High,36.94748782886996,abs,4.5
S07,session1,24,DMT,Low,15.47475002366902,abs,4.5
S07,session2,25,DMT,High,0.4241700880222687,z,5.5
S07,session1,25,DMT,Low,-0.8640002748974492,z,5.5
S07,session2,25,DMT,High,45.039743698560514,abs,5.5
S07,session1,25,DMT,Low,17.235792544468623,abs,5.5
S07,session2,26,DMT,High,-0.1807143974982289,z,6.5
S07,session1,26,DMT,Low,-0.9863353278933308,z,6.5
S07,session2,26,DMT,High,31.98387843927876,abs,6.5
S07,session1,26,DMT,Low,14.595304969345982,abs,6.5
S07,session2,27,DMT,High,0.0455310140486877,z,7.5
S07,session1,27,DMT,Low,-1.2506269986334944,z,7.5
S07,session2,27,DMT,High,36.86717381119684,abs,7.5
S07,session1,27,DMT,Low,9.04028272361253,abs,7.5
S07,session2,28,DMT,High,-0.5565635464015006,z,8.5
S07,session1,28,DMT,Low,-1.1241429286741311,z,8.5
S07,session2,28,DMT,High,23.871526472317036,abs,8.5
S07,session1,28,DMT,Low,11.620856937419983,abs,8.5
S07,session2,29,DMT,High,-0.7305955388661944,z,9.5
S07,session1,29,DMT,Low,-1.103018582759992,z,9.5
S07,session2,29,DMT,High,20.115208863231345,abs,9.5
S07,session1,29,DMT,Low,12.076806164995451,abs,9.5
S07,session2,30,DMT,High,-0.3167744905551956,z,10.5
S07,session1,30,DMT,Low,-0.4744365297049004,z,10.5
S07,session2,30,DMT,High,29.047148725359023,abs,10.5
S07,session1,30,DMT,Low,25.6441612311916,abs,10.5
S07,session2,31,DMT,High,0.2058041523937376,z,11.5
S07,session1,31,DMT,Low,-0.9743193336060424,z,11.5
S07,session2,31,DMT,High,40.32651943669195,abs,11.5
S07,session1,31,DMT,Low,14.854658955315957,abs,11.5
S07,session2,32,DMT,High,0.3011374597390146,z,12.5
S07,session1,32,DMT,Low,-1.048757526076645,z,12.5
S07,session2,32,DMT,High,42.38419961400815,abs,12.5
S07,session1,32,DMT,Low,13.247980268220193,abs,12.5
S07,session2,33,DMT,High,-0.6623912873397695,z,13.5
S07,session1,33,DMT,Low,-1.1974785104890815,z,13.5
S07,session2,33,DMT,High,21.58733377196153,abs,13.5
S07,session1,33,DMT,Low,10.03797706893873,abs,13.5
S07,session2,34,DMT,High,0.0345750773918969,z,14.5
S07,session1,34,DMT,Low,-1.3121045020173454,z,14.5
S07,session2,34,DMT,High,36.630700176636346,abs,14.5
S07,session1,34,DMT,Low,7.563882367506904,abs,14.5
S07,session2,35,DMT,High,-0.3475566322039847,z,15.5
S07,session1,35,DMT,Low,-1.445983528882218,z,15.5
S07,session2,35,DMT,High,28.38274501956238,abs,15.5
S07,session1,35,DMT,Low,4.848785192100412,abs,15.5
S07,session2,36,DMT,High,-0.1880044999890017,z,16.5
S07,session1,36,DMT,Low,-1.1928957413079813,z,16.5
S07,session2,36,DMT,High,31.82652840282679,abs,16.5
S07,session1,36,DMT,Low,10.136891850810436,abs,16.5
S07,session2,37,DMT,High,-0.006117171358795,z,17.5
S07,session1,37,DMT,Low,-1.3934321822048716,z,17.5
S07,session2,37,DMT,High,35.75239608799857,abs,17.5
S07,session1,37,DMT,Low,5.80850053875223,abs,17.5
S07,session2,38,DMT,High,0.2943323404420458,z,18.5
S07,session1,38,DMT,Low,-1.3302487922256048,z,18.5
S07,session2,38,DMT,High,42.23731748569879,abs,18.5
S07,session1,38,DMT,Low,7.198168257808663,abs,18.5
S09,session1,1,DMT,High,-0.0144374891290476,z,-18.5
S09,session2,1,DMT,Low,0.8596319462914177,z,-18.5
S09,session1,1,DMT,High,39.74762231745631,abs,-18.5
S09,session2,1,DMT,Low,53.47660687911466,abs,-18.5
S09,session1,2,DMT,High,0.0205177245399259,z,-17.5
S09,session2,2,DMT,Low,0.9090164954328586,z,-17.5
S09,session1,2,DMT,High,40.29666289634344,abs,-17.5
S09,session2,2,DMT,Low,54.25228863307184,abs,-17.5
S09,session1,3,DMT,High,-1.12623695752693,z,-16.5
S09,session2,3,DMT,Low,-0.3613334288378469,z,-16.5
S09,session1,3,DMT,High,22.284618671811263,abs,-16.5
S09,session2,3,DMT,Low,34.298937341447406,abs,-16.5
S09,session1,4,DMT,High,-0.0847237238723881,z,-15.5
S09,session2,4,DMT,Low,-2.1950085373966823,z,-15.5
S09,session1,4,DMT,High,38.64363836311036,abs,-15.5
S09,session2,4,DMT,Low,5.497452886849778,abs,-15.5
S09,session1,5,DMT,High,0.2860700953210704,z,-14.5
S09,session2,5,DMT,Low,1.5089522128284956,z,-14.5
S09,session1,5,DMT,High,44.46768667434838,abs,-14.5
S09,session2,5,DMT,Low,63.67546243178728,abs,-14.5
S09,session1,6,DMT,High,-0.5378866598817017,z,-13.5
S09,session2,6,DMT,Low,0.6074938366361788,z,-13.5
S09,session1,6,DMT,High,31.525820601418644,abs,-13.5
S09,session2,6,DMT,Low,49.516280531360245,abs,-13.5
S09,session1,7,DMT,High,-0.1697325784223397,z,-12.5
S09,session2,7,DMT,Low,-0.2541400461508231,z,-12.5
S09,session1,7,DMT,High,37.30840662473121,abs,-12.5
S09,session2,7,DMT,Low,35.98262085260251,abs,-12.5
S09,session1,8,DMT,High,0.5546651175668855,z,-11.5
S09,session2,8,DMT,Low,-0.1287009719346649,z,-11.5
S09,session1,8,DMT,High,48.68650129515389,abs,-11.5
S09,session2,8,DMT,Low,37.95288893835695,abs,-11.5
S09,session1,9,DMT,High,1.5599775061813694,z,-10.5
S09,session2,9,DMT,Low,-0.4822295644088502,z,-10.5
S09,session1,9,DMT,High,64.47691530990869,abs,-10.5
S09,session2,9,DMT,Low,32.400025067939026,abs,-10.5
S09,session1,10,DMT,High,1.3396098154181777,z,-9.5
S09,session2,10,DMT,Low,-0.6232729354725249,z,-9.5
S09,session1,10,DMT,High,61.015606057148005,abs,-9.5
S09,session2,10,DMT,Low,30.18466072113979,abs,-9.5
S09,session1,11,DMT,High,3.7857159071432096,z,-8.5
S09,session2,11,DMT,Low,-0.2172750340386981,z,-8.5
S09,session1,11,DMT,High,99.43652710596236,abs,-8.5
S09,session2,11,DMT,Low,36.561658583065245,abs,-8.5
S09,session1,12,DMT,High,1.9953329783682496,z,-7.5
S09,session2,12,DMT,Low,-0.5375748487170765,z,-7.5
S09,session1,12,DMT,High,71.31503172752714,abs,-7.5
S09,session2,12,DMT,Low,31.53071821079819,abs,-7.5
S09,session1,13,DMT,High,1.0255247679713773,z,-6.5
S09,session2,13,DMT,Low,-0.5975700734508657,z,-6.5
S09,session1,13,DMT,High,56.08228086271358,abs,-6.5
S09,session2,13,DMT,Low,30.588374867391853,abs,-6.5
S09,session1,14,DMT,High,0.3989641952322351,z,-5.5
S09,session2,14,DMT,Low,0.7300477724044707,z,-5.5
S09,session1,14,DMT,High,46.24091119401954,abs,-5.5
S09,session2,14,DMT,Low,51.44123182693321,abs,-5.5
S09,session1,15,DMT,High,-0.6631716430210937,z,-4.5
S09,session2,15,DMT,Low,-0.0547165836947852,z,-4.5
S09,session1,15,DMT,High,29.557972819965297,abs,-4.5
S09,session2,15,DMT,Low,39.114959687874055,abs,-4.5
S09,session1,16,DMT,High,-1.0838006043221806,z,-3.5
S09,session2,16,DMT,Low,-1.0225545738286206,z,-3.5
S09,session1,16,DMT,High,22.95116530345366,abs,-3.5
S09,session2,16,DMT,Low,23.913155018497815,abs,-3.5
S09,session1,17,DMT,High,-0.5886088374747012,z,-2.5
S09,session2,17,DMT,Low,-0.9327164315208432,z,-2.5
S09,session1,17,DMT,High,30.72912875419372,abs,-2.5
S09,session2,17,DMT,Low,25.324240246753437,abs,-2.5
S09,session1,18,DMT,High,-0.6759246137200421,z,-1.5
S09,session2,18,DMT,Low,-0.168916300759041,z,-1.5
S09,session1,18,DMT,High,29.35766226024767,abs,-1.5
S09,session2,18,DMT,Low,37.32122787551899,abs,-1.5
S09,session1,19,DMT,High,0.5791387024672828,z,-0.5
S09,session2,19,DMT,Low,-1.090795901603086,z,-0.5
S09,session1,19,DMT,High,49.070907219500576,abs,-0.5
S09,session2,19,DMT,Low,22.841290361621883,abs,-0.5
S09,session1,20,DMT,High,-0.4582745880057676,z,0.5
S09,session2,20,DMT,Low,-0.0945786062315485,z,0.5
S09,session1,20,DMT,High,32.77628522289412,abs,0.5
S09,session2,20,DMT,Low,38.48884799717017,abs,0.5
S09,session1,21,DMT,High,1.366022826585655,z,1.5
S09,session2,21,DMT,Low,-0.507602924334672,z,1.5
S09,session1,21,DMT,High,61.430474496485175,abs,1.5
S09,session2,21,DMT,Low,32.001486402036086,abs,1.5
S09,session1,22,DMT,High,1.4090696263937996,z,2.5
S09,session2,22,DMT,Low,-1.3786957156695463,z,2.5
S09,session1,22,DMT,High,62.10660939612336,abs,2.5
S09,session2,22,DMT,Low,18.31925590709209,abs,2.5
S09,session1,23,DMT,High,1.0431089340643147,z,3.5
S09,session2,23,DMT,Low,-0.802529767800036,z,3.5
S09,session1,23,DMT,High,56.35847487549639,abs,3.5
S09,session2,23,DMT,Low,27.36907859017061,abs,3.5
S09,session1,24,DMT,High,0.2335741619419839,z,4.5
S09,session2,24,DMT,Low,-1.5282287872813587,z,4.5
S09,session1,24,DMT,High,43.64313449381752,abs,4.5
S09,session2,24,DMT,Low,15.97054406747906,abs,4.5
S09,session1,25,DMT,High,0.2249691870464447,z,5.5
S09,session2,25,DMT,Low,-0.9210315933099666,z,5.5
S09,session1,25,DMT,High,43.50797639000225,abs,5.5
S09,session2,25,DMT,Low,25.50777367888337,abs,5.5
S09,session1,26,DMT,High,1.7952002701191572,z,6.5
S09,session2,26,DMT,Low,-0.7651150304094249,z,6.5
S09,session1,26,DMT,High,68.17155278810748,abs,6.5
S09,session2,26,DMT,Low,27.95675084045025,abs,6.5
S09,session1,27,DMT,High,-1.0765332049969798,z,7.5
S09,session2,27,DMT,Low,0.3397001826786107,z,7.5
S09,session1,27,DMT,High,23.065314144605043,abs,7.5
S09,session2,27,DMT,Low,45.31005298019899,abs,7.5
S09,session1,28,DMT,High,-1.0632323498597829,z,8.5
S09,session2,28,DMT,Low,1.4144324931009455,z,8.5
S09,session1,28,DMT,High,23.27423031011264,abs,8.5
S09,session2,28,DMT,Low,62.19084379586898,abs,8.5
S09,session1,29,DMT,High,-0.6187124311791202,z,9.5
S09,session2,29,DMT,Low,0.5200012002671278,z,9.5
S09,session1,29,DMT,High,30.25629243653939,abs,9.5
S09,session2,29,DMT,Low,48.14203610031952,abs,9.5
S09,session1,30,DMT,High,0.1281606073255788,z,10.5
S09,session2,30,DMT,Low,0.3247242257933952,z,10.5
S09,session1,30,DMT,High,41.987406693174336,abs,10.5
S09,session2,30,DMT,Low,45.07482603764574,abs,10.5
S09,session1,31,DMT,High,-1.309578792089858,z,11.5
S09,session2,31,DMT,Low,0.3083534701494589,z,11.5
S09,session1,31,DMT,High,19.404873523178164,abs,11.5
S09,session2,31,DMT,Low,44.81769102938389,abs,11.5
S09,session1,32,DMT,High,-0.4244121817090118,z,12.5
S09,session2,32,DMT,Low,0.6318399572445228,z,12.5
S09,session1,32,DMT,High,33.30816110646752,abs,12.5
S09,session2,32,DMT,Low,49.89868437758035,abs,12.5
S09,session1,33,DMT,High,-0.7568679166959097,z,13.5
S09,session2,33,DMT,Low,0.4544375850393554,z,13.5
S09,session1,33,DMT,High,28.08628802853031,abs,13.5
S09,session2,33,DMT,Low,47.11223020070515,abs,13.5
S09,session1,34,DMT,High,-0.5889209894769218,z,14.5
S09,session2,34,DMT,Low,0.5310076714818063,z,14.5
S09,session1,34,DMT,High,30.72422579128743,abs,14.5
S09,session2,34,DMT,Low,48.31491444071357,abs,14.5
S09,session1,35,DMT,High,-0.8364346350912054,z,15.5
S09,session2,35,DMT,Low,1.5081966891177614,z,15.5
S09,session1,35,DMT,High,26.836535772926773,abs,15.5
S09,session2,35,DMT,Low,63.66359544166006,abs,15.5
S09,session1,36,DMT,High,-0.9597400257620784,z,16.5
S09,session2,36,DMT,Low,1.068824285203551,z,16.5
S09,session1,36,DMT,High,24.89978139588426,abs,16.5
S09,session2,36,DMT,Low,56.76238518797444,abs,16.5
S09,session1,37,DMT,High,-0.7554783128669841,z,17.5
S09,session2,37,DMT,Low,0.171809126707631,z,17.5
S09,session1,37,DMT,High,28.10811449761965,abs,17.5
S09,session2,37,DMT,Low,42.67299278559635,abs,17.5
S09,session1,38,DMT,High,-1.5679728504603865,z,18.5
S09,session2,38,DMT,Low,0.3911774683510872,z,18.5
S09,session1,38,DMT,High,15.34628516116006,abs,18.5
S09,session2,38,DMT,Low,46.11860528924242,abs,18.5
S13,session2,1,DMT,High,-0.9548025831479046,z,-18.5
S13,session1,1,DMT,Low,-1.0984648662800582,z,-18.5
S13,session2,1,DMT,High,57.11888349021061,abs,-18.5
S13,session1,1,DMT,Low,53.0713525850255,abs,-18.5
S13,session2,2,DMT,High,-0.1660960028580971,z,-17.5
S13,session1,2,DMT,Low,0.1230508055953361,z,-17.5
S13,session2,2,DMT,High,79.33984635705625,abs,-17.5
S13,session1,2,DMT,Low,87.48624788872573,abs,-17.5
S13,session2,3,DMT,High,-1.125972514352127,z,-16.5
S13,session1,3,DMT,Low,-1.157244853515942,z,-16.5
S13,session2,3,DMT,High,52.29635407272818,abs,-16.5
S13,session1,3,DMT,Low,51.41528942247107,abs,-16.5
S13,session2,4,DMT,High,-1.343080555342503,z,-15.5
S13,session1,4,DMT,Low,-1.5308618522779005,z,-15.5
S13,session2,4,DMT,High,46.179567630845,abs,-15.5
S13,session1,4,DMT,Low,40.889030781569126,abs,-15.5
S13,session2,5,DMT,High,-0.8365809561973087,z,-14.5
S13,session1,5,DMT,Low,0.3071235237081553,z,-14.5
S13,session2,5,DMT,High,60.44965116500544,abs,-14.5
S13,session1,5,DMT,Low,92.672299503106,abs,-14.5
S13,session2,6,DMT,High,-0.1688623483060038,z,-13.5
S13,session1,6,DMT,Low,-0.8050414204913455,z,-13.5
S13,session2,6,DMT,High,79.26190753796814,abs,-13.5
S13,session1,6,DMT,Low,61.33824379155895,abs,-13.5
S13,session2,7,DMT,High,-0.6612187354878383,z,-12.5
S13,session1,7,DMT,Low,-0.9335126955583356,z,-12.5
S13,session2,7,DMT,High,65.39029384761233,abs,-12.5
S13,session1,7,DMT,Low,57.71870326272133,abs,-12.5
S13,session2,8,DMT,High,-0.5606119345391548,z,-11.5
S13,session1,8,DMT,Low,-1.3418515742420216,z,-11.5
S13,session2,8,DMT,High,68.22478267260904,abs,-11.5
S13,session1,8,DMT,Low,46.214192856601095,abs,-11.5
S13,session2,9,DMT,High,-0.3582354559003211,z,-10.5
S13,session1,9,DMT,Low,-0.5857746684223096,z,-10.5
S13,session2,9,DMT,High,73.92652312886858,abs,-10.5
S13,session1,9,DMT,Low,67.51584960520589,abs,-10.5
S13,session2,10,DMT,High,-0.0142448024771417,z,-9.5
S13,session1,10,DMT,Low,-1.2006627423658374,z,-9.5
S13,session2,10,DMT,High,83.61809123198971,abs,-9.5
S13,session1,10,DMT,Low,50.19203692274443,abs,-9.5
S13,session2,11,DMT,High,-0.6981791520576947,z,-8.5
S13,session1,11,DMT,Low,-0.5803377296637526,z,-8.5
S13,session2,11,DMT,High,64.34897371073691,abs,-8.5
S13,session1,11,DMT,Low,67.66902952950525,abs,-8.5
S13,session2,12,DMT,High,-0.93383481816426,z,-7.5
S13,session1,12,DMT,Low,0.0927181914552483,z,-7.5
S13,session2,12,DMT,High,57.70962780342669,abs,-7.5
S13,session1,12,DMT,Low,86.63165898417573,abs,-7.5
S13,session2,13,DMT,High,-0.8037684396382034,z,-6.5
S13,session1,13,DMT,Low,0.4579558324368639,z,-6.5
S13,session2,13,DMT,High,61.37410866320423,abs,-6.5
S13,session1,13,DMT,Low,96.92183819739417,abs,-6.5
S13,session2,14,DMT,High,-1.2632370684798515,z,-5.5
S13,session1,14,DMT,Low,-0.347883537947539,z,-5.5
S13,session2,14,DMT,High,48.429072327613895,abs,-5.5
S13,session1,14,DMT,Low,74.21817732597806,abs,-5.5
S13,session2,15,DMT,High,-0.756577806321189,z,-4.5
S13,session1,15,DMT,Low,0.1677171272914084,z,-4.5
S13,session2,15,DMT,High,62.7036541961133,abs,-4.5
S13,session1,15,DMT,Low,88.74467364630252,abs,-4.5
S13,session2,16,DMT,High,-1.0208524868333018,z,-3.5
S13,session1,16,DMT,Low,-0.1953736706884044,z,-3.5
S13,session2,16,DMT,High,55.257998220795656,abs,-3.5
S13,session1,16,DMT,Low,78.514979434498,abs,-3.5
S13,session2,17,DMT,High,-0.4007527178287823,z,-2.5
S13,session1,17,DMT,Low,1.1737141246867302,z,-2.5
S13,session2,17,DMT,High,72.72864482770729,abs,-2.5
S13,session1,17,DMT,Low,117.08756120667472,abs,-2.5
S13,session2,18,DMT,High,-1.0525774797156284,z,-1.5
S13,session1,18,DMT,Low,0.1552238701503545,z,-1.5
S13,session2,18,DMT,High,54.36418053699988,abs,-1.5
S13,session1,18,DMT,Low,88.39268951182846,abs,-1.5
S13,session2,19,DMT,High,-0.3208692762663577,z,-0.5
S13,session1,19,DMT,Low,1.6013297008612086,z,-0.5
S13,session2,19,DMT,High,74.97927520533418,abs,-0.5
S13,session1,19,DMT,Low,129.13517191123665,abs,-0.5
S13,session2,20,DMT,High,0.1820489788710987,z,0.5
S13,session1,20,DMT,Low,0.7552088160337009,z,0.5
S13,session2,20,DMT,High,89.14845820918573,abs,0.5
S13,session1,20,DMT,Low,105.2966225286436,abs,0.5
S13,session2,21,DMT,High,0.15326062428696,z,1.5
S13,session1,21,DMT,Low,0.395074554053692,z,1.5
S13,session2,21,DMT,High,88.33737716308026,abs,1.5
S13,session1,21,DMT,Low,95.15022555095368,abs,1.5
S13,session2,22,DMT,High,0.6539144062949314,z,2.5
S13,session1,22,DMT,Low,0.6394138883700171,z,2.5
S13,session2,22,DMT,High,102.44276106270124,abs,2.5
S13,session1,22,DMT,Low,102.03422450625315,abs,2.5
S13,session2,23,DMT,High,-0.5226649634763011,z,3.5
S13,session1,23,DMT,Low,-0.0434077649162802,z,3.5
S13,session2,23,DMT,High,69.29389792531441,abs,3.5
S13,session1,23,DMT,Low,82.79645601093044,abs,3.5
S13,session2,24,DMT,High,-0.1932477704246651,z,4.5
S13,session1,24,DMT,Low,-0.6154444498686636,z,4.5
S13,session2,24,DMT,High,78.57487439670538,abs,4.5
S13,session1,24,DMT,Low,66.6799353016323,abs,4.5
S13,session2,25,DMT,High,-1.07069575358976,z,5.5
S13,session1,25,DMT,Low,-0.3559496595507928,z,5.5
S13,session2,25,DMT,High,53.85371758280406,abs,5.5
S13,session1,25,DMT,Low,73.99092299197785,abs,5.5
S13,session2,26,DMT,High,-0.4158319706730167,z,6.5
S13,session1,26,DMT,Low,2.254534266101081,z,6.5
S13,session2,26,DMT,High,72.30380303497317,abs,6.5
S13,session1,26,DMT,Low,147.53851068307216,abs,6.5
S13,session2,27,DMT,High,0.3157291983173295,z,7.5
S13,session1,27,DMT,Low,1.305161931164947,z,7.5
S13,session2,27,DMT,High,92.91475516496236,abs,7.5
S13,session1,27,DMT,Low,120.7909623189204,abs,7.5
S13,session2,28,DMT,High,-1.4839378981743931,z,8.5
S13,session1,28,DMT,Low,0.545630794584002,z,8.5
S13,session2,28,DMT,High,42.21106291336201,abs,8.5
S13,session1,28,DMT,Low,99.39198631953586,abs,8.5
S13,session2,29,DMT,High,-1.0108074865892842,z,9.5
S13,session1,29,DMT,Low,0.7694093985776279,z,9.5
S13,session2,29,DMT,High,55.54100534029724,abs,9.5
S13,session1,29,DMT,Low,105.69670872708794,abs,9.5
S13,session2,30,DMT,High,0.6512736244787753,z,10.5
S13,session1,30,DMT,Low,0.8469190515045739,z,10.5
S13,session2,30,DMT,High,102.36835986440684,abs,10.5
S13,session1,30,DMT,Low,107.88046015322526,abs,10.5
S13,session2,31,DMT,High,0.4600983291370665,z,11.5
S13,session1,31,DMT,Low,0.6898007889024831,z,11.5
S13,session2,31,DMT,High,96.9822007464172,abs,11.5
S13,session1,31,DMT,Low,103.45382144342588,abs,11.5
S13,session2,32,DMT,High,-0.5694638613724258,z,12.5
S13,session1,32,DMT,Low,1.6865264956526342,z,12.5
S13,session2,32,DMT,High,67.97538911817732,abs,12.5
S13,session1,32,DMT,Low,131.53550032327917,abs,12.5
S13,session2,33,DMT,High,0.5549053679687955,z,13.5
S13,session1,33,DMT,Low,0.5494700571867573,z,13.5
S13,session2,33,DMT,High,99.65328748772644,abs,13.5
S13,session1,33,DMT,Low,99.50015342992126,abs,13.5
S13,session2,34,DMT,High,0.7444645466002277,z,14.5
S13,session1,34,DMT,Low,-0.3650299756730825,z,14.5
S13,session2,34,DMT,High,104.99391424893729,abs,14.5
S13,session1,34,DMT,Low,73.73509481402797,abs,14.5
S13,session2,35,DMT,High,1.0625865239658334,z,15.5
S13,session1,35,DMT,Low,1.8959402469827416,z,15.5
S13,session2,35,DMT,High,113.9566601202487,abs,15.5
S13,session1,35,DMT,Low,137.43550839776904,abs,15.5
S13,session2,36,DMT,High,0.9590331532598144,z,16.5
S13,session1,36,DMT,Low,3.358369141774481,z,16.5
S13,session2,36,DMT,High,111.03915484934096,abs,16.5
S13,session1,36,DMT,Low,178.63787563886476,abs,16.5
S13,session2,37,DMT,High,0.4991171559983963,z,17.5
S13,session1,37,DMT,Low,3.07198569075221,z,17.5
S13,session2,37,DMT,High,98.08151438784124,abs,17.5
S13,session1,37,DMT,Low,170.569328742113,abs,17.5
S13,session2,38,DMT,High,0.474998318955743,z,18.5
S13,session1,38,DMT,Low,0.3101377737145536,z,18.5
S13,session2,38,DMT,High,97.4019919954715,abs,18.5
S13,session1,38,DMT,Low,92.7572227675207,abs,18.5
S15,session1,1,DMT,High,-0.3806896604942643,z,-18.5
S15,session2,1,DMT,Low,-0.6225465115428888,z,-18.5
S15,session1,1,DMT,High,44.31061733719286,abs,-18.5
S15,session2,1,DMT,Low,37.79011382739433,abs,-18.5
S15,session1,2,DMT,High,-0.2488245155392542,z,-17.5
S15,session2,2,DMT,Low,-0.7531093318185818,z,-17.5
S15,session1,2,DMT,High,47.8657249836013,abs,-17.5
S15,session2,2,DMT,Low,34.270117084834865,abs,-17.5
S15,session1,3,DMT,High,2.2316192969689244,z,-16.5
S15,session2,3,DMT,Low,-1.1160079418346045,z,-16.5
S15,session1,3,DMT,High,114.73892917522424,abs,-16.5
S15,session2,3,DMT,Low,24.48630633045294,abs,-16.5
S15,session1,4,DMT,High,-1.3070314578898274,z,-15.5
S15,session2,4,DMT,Low,-1.7096397273300286,z,-15.5
S15,session1,4,DMT,High,19.33627852891789,abs,-15.5
S15,session2,4,DMT,Low,8.481888328365125,abs,-15.5
S15,session1,5,DMT,High,-0.0782017501119493,z,-14.5
S15,session2,5,DMT,Low,-0.3565033886476081,z,-14.5
S15,session1,5,DMT,High,52.46574493753925,abs,-14.5
S15,session2,5,DMT,Low,44.962683506835305,abs,-14.5
S15,session1,6,DMT,High,1.240843559403408,z,-13.5
S15,session2,6,DMT,Low,-0.5573673850856277,z,-13.5
S15,session1,6,DMT,High,88.02743993599515,abs,-13.5
S15,session2,6,DMT,Low,39.5473546125426,abs,-13.5
S15,session1,7,DMT,High,1.4953335684827689,z,-12.5
S15,session2,7,DMT,Low,-0.2147350191435396,z,-12.5
S15,session1,7,DMT,High,94.88853562220754,abs,-12.5
S15,session2,7,DMT,Low,48.78478383982874,abs,-12.5
S15,session1,8,DMT,High,1.7756970103857916,z,-11.5
S15,session2,8,DMT,Low,-0.2619130185104326,z,-11.5
S15,session1,8,DMT,High,102.44718363660807,abs,-11.5
S15,session2,8,DMT,Low,47.51285662700296,abs,-11.5
S15,session1,9,DMT,High,1.4366146549541603,z,-10.5
S15,session2,9,DMT,Low,-0.4682831924261597,z,-10.5
S15,session1,9,DMT,High,93.30546332098967,abs,-10.5
S15,session2,9,DMT,Low,41.94908021338922,abs,-10.5
S15,session1,10,DMT,High,0.746262105661331,z,-9.5
S15,session2,10,DMT,Low,-1.015196505243073,z,-9.5
S15,session1,10,DMT,High,74.69343640860238,abs,-9.5
S15,session2,10,DMT,Low,27.71037671799349,abs,-9.5
S15,session1,11,DMT,High,-0.0015571144133831,z,-8.5
S15,session2,11,DMT,Low,-0.8985361674133815,z,-8.5
S15,session1,11,DMT,High,54.53209788107962,abs,-8.5
S15,session2,11,DMT,Low,30.349383858534235,abs,-8.5
S15,session1,12,DMT,High,0.7748371476715737,z,-7.5
S15,session2,12,DMT,Low,-1.2461418760605325,z,-7.5
S15,session1,12,DMT,High,75.46382459861056,abs,-7.5
S15,session2,12,DMT,Low,20.977872431702405,abs,-7.5
S15,session1,13,DMT,High,0.8853754658037023,z,-6.5
S15,session2,13,DMT,Low,-0.7294525300230899,z,-6.5
S15,session1,13,DMT,High,78.44395721930222,abs,-6.5
S15,session2,13,DMT,Low,34.90790864818859,abs,-6.5
S15,session1,14,DMT,High,0.6866800655532129,z,-5.5
S15,session2,14,DMT,Low,-0.2070197076972595,z,-5.5
S15,session1,14,DMT,High,73.08709406203873,abs,-5.5
S15,session2,14,DMT,Low,48.99279000193057,abs,-5.5
S15,session1,15,DMT,High,-0.2441148745800336,z,-4.5
S15,session2,15,DMT,Low,-0.5451540151985459,z,-4.5
S15,session1,15,DMT,High,47.99269773740729,abs,-4.5
S15,session2,15,DMT,Low,39.87662922630648,abs,-4.5
S15,session1,16,DMT,High,0.3201413217481469,z,-3.5
S15,session2,16,DMT,Low,-0.3756407083222212,z,-3.5
S15,session1,16,DMT,High,63.20514465644769,abs,-3.5
S15,session2,16,DMT,Low,44.44673798135023,abs,-3.5
S15,session1,17,DMT,High,0.1067096481409452,z,-2.5
S15,session2,17,DMT,Low,-0.3474235245113927,z,-2.5
S15,session1,17,DMT,High,57.450988961357886,abs,-2.5
S15,session2,17,DMT,Low,45.20747825096593,abs,-2.5
S15,session1,18,DMT,High,0.0372884928455723,z,-1.5
S15,session2,18,DMT,Low,-0.1971462535544109,z,-1.5
S15,session1,18,DMT,High,55.579382327950015,abs,-1.5
S15,session2,18,DMT,Low,49.25898007309517,abs,-1.5
S15,session1,19,DMT,High,0.6384382382763967,z,-0.5
S15,session2,19,DMT,Low,-0.6877400948663028,z,-0.5
S15,session1,19,DMT,High,71.78648586047767,abs,-0.5
S15,session2,19,DMT,Low,36.0324832825759,abs,-0.5
S15,session1,20,DMT,High,1.3744898976601585,z,0.5
S15,session2,20,DMT,Low,-0.1650265349882768,z,0.5
S15,session1,20,DMT,High,91.63056886906664,abs,0.5
S15,session2,20,DMT,Low,50.12493337041199,abs,0.5
S15,session1,21,DMT,High,0.1035962354407568,z,1.5
S15,session2,21,DMT,Low,-0.486890518180092,z,1.5
S15,session1,21,DMT,High,57.36705080392712,abs,1.5
S15,session2,21,DMT,Low,41.44742341780773,abs,1.5
S15,session1,22,DMT,High,0.974405690066064,z,2.5
S15,session2,22,DMT,Low,-0.1769468862083873,z,2.5
S15,session1,22,DMT,High,80.84422782261115,abs,2.5
S15,session2,22,DMT,Low,49.80355859177016,abs,2.5
S15,session1,23,DMT,High,0.6697194491137,z,3.5
S15,session2,23,DMT,Low,-0.9283350964536232,z,3.5
S15,session1,23,DMT,High,72.6298328410202,abs,3.5
S15,session2,23,DMT,Low,29.545999457585136,abs,3.5
S15,session1,24,DMT,High,2.9594063452105064,z,4.5
S15,session2,24,DMT,Low,-1.1186612432482763,z,4.5
S15,session1,24,DMT,High,134.360196804691,abs,4.5
S15,session2,24,DMT,Low,24.41477285474038,abs,4.5
S15,session1,25,DMT,High,1.5879074521560286,z,5.5
S15,session2,25,DMT,Low,-0.8257999902621335,z,5.5
S15,session1,25,DMT,High,97.38434391041606,abs,5.5
S15,session2,25,DMT,Low,32.3103640678924,abs,5.5
S15,session1,26,DMT,High,-0.4994133123732971,z,6.5
S15,session2,26,DMT,Low,-0.2492475004407567,z,6.5
S15,session1,26,DMT,High,41.10980666998668,abs,6.5
S15,session2,26,DMT,Low,47.85432123579395,abs,6.5
S15,session1,27,DMT,High,0.227543854470828,z,7.5
S15,session2,27,DMT,Low,-0.4323441798218603,z,7.5
S15,session1,27,DMT,High,60.70870055009976,abs,7.5
S15,session2,27,DMT,Low,42.9180023539405,abs,7.5
S15,session1,28,DMT,High,0.5443829283514156,z,8.5
S15,session2,28,DMT,Low,-0.6505583225653742,z,8.5
S15,session1,28,DMT,High,69.25073805832949,abs,8.5
S15,session2,28,DMT,Low,37.03491044450067,abs,8.5
S15,session1,29,DMT,High,1.4648877914010223,z,9.5
S15,session2,29,DMT,Low,-0.5516248050770054,z,9.5
S15,session1,29,DMT,High,94.06771208357571,abs,9.5
S15,session2,29,DMT,Low,39.70217558593728,abs,9.5
S15,session1,30,DMT,High,2.9503602380518177,z,10.5
S15,session2,30,DMT,Low,-0.8899987359734812,z,10.5
S15,session1,30,DMT,High,134.11631215464905,abs,10.5
S15,session2,30,DMT,Low,30.57955452116865,abs,10.5
S15,session1,31,DMT,High,1.2811227286153912,z,11.5
S15,session2,31,DMT,Low,0.2648611951537535,z,11.5
S15,session1,31,DMT,High,89.11337346684104,abs,11.5
S15,session2,31,DMT,Low,61.71478265959701,abs,11.5
S15,session1,32,DMT,High,0.7537378047246145,z,12.5
S15,session2,32,DMT,Low,-0.0478892207451233,z,12.5
S15,session1,32,DMT,High,74.89498257845034,abs,12.5
S15,session2,32,DMT,Low,53.28297609419365,abs,12.5
S15,session1,33,DMT,High,1.042332289431439,z,13.5
S15,session2,33,DMT,Low,-0.1165561338148707,z,13.5
S15,session1,33,DMT,High,82.67554096362926,abs,13.5
S15,session2,33,DMT,Low,51.43170396467973,abs,13.5
S15,session1,34,DMT,High,-0.4445746295243438,z,14.5
S15,session2,34,DMT,Low,-0.9592065868918838,z,14.5
S15,session1,34,DMT,High,42.588267265330494,abs,14.5
S15,session2,34,DMT,Low,28.713698611515994,abs,14.5
S15,session1,35,DMT,High,-1.2984014426172386,z,15.5
S15,session2,35,DMT,Low,-0.9572415862348292,z,15.5
S15,session1,35,DMT,High,19.568945268067733,abs,15.5
S15,session2,35,DMT,Low,28.766675377009832,abs,15.5
S15,session1,36,DMT,High,-1.136622032763496,z,16.5
S15,session2,36,DMT,Low,-0.6374072515681732,z,16.5
S15,session1,36,DMT,High,23.930546790583136,abs,16.5
S15,session2,36,DMT,Low,37.38946564615431,abs,16.5
S15,session1,37,DMT,High,-0.4608351293664106,z,17.5
S15,session2,37,DMT,Low,-1.309266483998594,z,17.5
S15,session1,37,DMT,High,42.14988131169067,abs,17.5
S15,session2,37,DMT,Low,19.27602182945489,abs,17.5
S15,session1,38,DMT,High,1.4939859961148267,z,18.5
S15,session2,38,DMT,Low,-1.1557565764823374,z,18.5
S15,session1,38,DMT,High,94.85220483266497,abs,18.5
S15,session2,38,DMT,Low,23.414676105356957,abs,18.5
S16,session2,1,DMT,High,3.804539154385661,z,-18.5
S16,session1,1,DMT,Low,2.0003606077514684,z,-18.5
S16,session2,1,DMT,High,96.06914470970732,abs,-18.5
S16,session1,1,DMT,Low,72.20018917959231,abs,-18.5
S16,session2,2,DMT,High,-0.4458380566263704,z,-17.5
S16,session1,2,DMT,Low,1.0849279515198362,z,-17.5
S16,session2,2,DMT,High,39.83742372780918,abs,-17.5
S16,session1,2,DMT,Low,60.08918087436043,abs,-17.5
S16,session2,3,DMT,High,-0.2530169760807805,z,-16.5
S16,session1,3,DMT,Low,-0.0800006620277232,z,-16.5
S16,session2,3,DMT,High,42.38841171366986,abs,-16.5
S16,session1,3,DMT,Low,44.67738622443604,abs,-16.5
S16,session2,4,DMT,High,1.4685073905126271,z,-15.5
S16,session1,4,DMT,Low,-0.079641666660579,z,-15.5
S16,session2,4,DMT,High,65.16386740617061,abs,-15.5
S16,session1,4,DMT,Low,44.68213566814818,abs,-15.5
S16,session2,5,DMT,High,1.4757049904691055,z,-14.5
S16,session1,5,DMT,Low,-0.2840670215268147,z,-14.5
S16,session2,5,DMT,High,65.25909035048798,abs,-14.5
S16,session1,5,DMT,Low,41.977625233949176,abs,-14.5
S16,session2,6,DMT,High,2.6604935862899444,z,-13.5
S16,session1,6,DMT,Low,-0.2615295215030178,z,-13.5
S16,session2,6,DMT,High,80.93362897028948,abs,-13.5
S16,session1,6,DMT,Low,42.27579227890798,abs,-13.5
S16,session2,7,DMT,High,1.520788301039747,z,-12.5
S16,session1,7,DMT,Low,0.5124916872573712,z,-12.5
S16,session2,7,DMT,High,65.8555343871209,abs,-12.5
S16,session1,7,DMT,Low,52.51595273627179,abs,-12.5
S16,session2,8,DMT,High,0.2147045054342891,z,-11.5
S16,session1,8,DMT,Low,0.8823010299722578,z,-11.5
S16,session2,8,DMT,High,48.576282234350806,abs,-11.5
S16,session1,8,DMT,Low,57.40846338736558,abs,-11.5
S16,session2,9,DMT,High,0.5888404476459195,z,-10.5
S16,session1,9,DMT,Low,1.1123126560395096,z,-10.5
S16,session2,9,DMT,High,53.52603301346687,abs,-10.5
S16,session1,9,DMT,Low,60.45147555722585,abs,-10.5
S16,session2,10,DMT,High,2.3654513792868683,z,-9.5
S16,session1,10,DMT,Low,0.6540085122416665,z,-9.5
S16,session2,10,DMT,High,77.03027398826657,abs,-9.5
S16,session1,10,DMT,Low,54.3881947095592,abs,-9.5
S16,session2,11,DMT,High,1.0913915425891785,z,-8.5
S16,session1,11,DMT,Low,0.038783445618894,z,-8.5
S16,session2,11,DMT,High,60.17469301399141,abs,-8.5
S16,session1,11,DMT,Low,46.2488784630456,abs,-8.5
S16,session2,12,DMT,High,-0.3977516159771893,z,-7.5
S16,session1,12,DMT,Low,0.0292958873839171,z,-7.5
S16,session2,12,DMT,High,40.47359863167225,abs,-7.5
S16,session1,12,DMT,Low,46.1233597852947,abs,-7.5
S16,session2,13,DMT,High,-0.9466107843454068,z,-6.5
S16,session1,13,DMT,Low,0.2111752020897777,z,-6.5
S16,session2,13,DMT,High,33.212291203692324,abs,-6.5
S16,session1,13,DMT,Low,48.52959019007416,abs,-6.5
S16,session2,14,DMT,High,-0.6259177038693701,z,-5.5
S16,session1,14,DMT,Low,-0.2167069226601244,z,-5.5
S16,session2,14,DMT,High,37.45500259773826,abs,-5.5
S16,session1,14,DMT,Low,42.86878714658397,abs,-5.5
S16,session2,15,DMT,High,-1.3744800163776458,z,-4.5
S16,session1,15,DMT,Low,-0.1290563540117657,z,-4.5
S16,session2,15,DMT,High,27.551658728522632,abs,-4.5
S16,session1,15,DMT,Low,44.0283883008932,abs,-4.5
S16,session2,16,DMT,High,-1.026417311683861,z,-3.5
S16,session1,16,DMT,Low,-0.5327011432498088,z,-3.5
S16,session2,16,DMT,High,32.643948256398645,abs,-3.5
S16,session1,16,DMT,Low,38.68824081811806,abs,-3.5
S16,session2,17,DMT,High,1.6177364511153964,z,-2.5
S16,session1,17,DMT,Low,-0.0619990016556067,z,-2.5
S16,session2,17,DMT,High,67.13814086041015,abs,-2.5
S16,session1,17,DMT,Low,44.91554493200513,abs,-2.5
S16,session2,18,DMT,High,-1.2170357605253492,z,-1.5
S16,session1,18,DMT,Low,-0.0982291460794672,z,-1.5
S16,session2,18,DMT,High,29.63461772857357,abs,-1.5
S16,session1,18,DMT,Low,44.43622668065132,abs,-1.5
S16,session2,19,DMT,High,-1.6618537515818177,z,-0.5
S16,session1,19,DMT,Low,-0.4717458513228248,z,-0.5
S16,session2,19,DMT,High,23.749756240042267,abs,-0.5
S16,session1,19,DMT,Low,39.49466829451425,abs,-0.5
S16,session2,20,DMT,High,0.027880506264158,z,0.5
S16,session1,20,DMT,Low,-0.5830149183353722,z,0.5
S16,session2,20,DMT,High,46.10463454933139,abs,0.5
S16,session1,20,DMT,Low,38.02259868291479,abs,0.5
S16,session2,21,DMT,High,0.718308073520526,z,1.5
S16,session1,21,DMT,Low,-0.6949882470683357,z,1.5
S16,session2,21,DMT,High,55.2388662640094,abs,1.5
S16,session1,21,DMT,Low,36.54121181625898,abs,1.5
S16,session2,22,DMT,High,-0.6819183875999894,z,2.5
S16,session1,22,DMT,Low,-0.3346410786192992,z,2.5
S16,session2,22,DMT,High,36.714123690760985,abs,2.5
S16,session1,22,DMT,Low,41.30853961491773,abs,2.5
S16,session2,23,DMT,High,-1.5850804329402213,z,3.5
S16,session1,23,DMT,Low,-0.4624889099986679,z,3.5
S16,session2,23,DMT,High,25.8260428386332,abs,3.5
S16,session1,23,DMT,Low,39.61713595228758,abs,3.5
S16,session2,24,DMT,High,-0.2985118203473978,z,4.5
S16,session1,24,DMT,Low,-0.5220516402468091,z,4.5
S16,session2,24,DMT,High,41.78652316074629,abs,4.5
S16,session1,24,DMT,Low,38.829131814782805,abs,4.5
S16,session2,25,DMT,High,-0.9187484081956409,z,5.5
S16,session1,25,DMT,Low,-0.5165044536049473,z,5.5
S16,session2,25,DMT,High,33.580905395742654,abs,5.5
S16,session1,25,DMT,Low,38.90252008975085,abs,5.5
S16,session2,26,DMT,High,0.191964487137584,z,6.5
S16,session1,26,DMT,Low,-0.0142456109801393,z,6.5
S16,session2,26,DMT,High,48.27543590930684,abs,6.5
S16,session1,26,DMT,Low,45.5473136450138,abs,6.5
S16,session2,27,DMT,High,-1.380449126384806,z,7.5
S16,session1,27,DMT,Low,-0.3901865506151668,z,7.5
S16,session2,27,DMT,High,27.472688483819816,abs,7.5
S16,session1,27,DMT,Low,40.57368307677631,abs,7.5
S16,session2,28,DMT,High,-1.0215276689395945,z,8.5
S16,session1,28,DMT,Low,-1.014443359407588,z,8.5
S16,session2,28,DMT,High,32.22115438401924,abs,8.5
S16,session1,28,DMT,Low,32.314878516531785,abs,8.5
S16,session2,29,DMT,High,-0.4891156083020367,z,9.5
S16,session1,29,DMT,Low,-0.9273636497223212,z,9.5
S16,session2,29,DMT,High,39.26486955442881,abs,9.5
S16,session1,29,DMT,Low,33.466927310111856,abs,9.5
S16,session2,30,DMT,High,-0.2051646656258089,z,10.5
S16,session1,30,DMT,Low,-1.3187602239933378,z,10.5
S16,session2,30,DMT,High,43.021489117452205,abs,10.5
S16,session1,30,DMT,Low,28.288821493842857,abs,10.5
S16,session2,31,DMT,High,0.0145170315595022,z,11.5
S16,session1,31,DMT,Low,-0.9637318395355448,z,11.5
S16,session2,31,DMT,High,45.92783819841129,abs,11.5
S16,session1,31,DMT,Low,32.98578274324952,abs,11.5
S16,session2,32,DMT,High,0.407710053205434,z,12.5
S16,session1,32,DMT,Low,-1.0600002419872785,z,12.5
S16,session2,32,DMT,High,51.12971068820826,abs,12.5
S16,session1,32,DMT,Low,31.71216920795814,abs,12.5
S16,session2,33,DMT,High,-0.7722237491434905,z,13.5
S16,session1,33,DMT,Low,-0.4841748519823916,z,13.5
S16,session2,33,DMT,High,35.519400107092395,abs,13.5
S16,session1,33,DMT,Low,39.33023486602658,abs,13.5
S16,session2,34,DMT,High,0.9230264075457942,z,14.5
S16,session1,34,DMT,Low,-0.1221415010172046,z,14.5
S16,session2,34,DMT,High,57.94725275943928,abs,14.5
S16,session1,34,DMT,Low,44.11987055409501,abs,14.5
S16,session2,35,DMT,High,0.356459096739827,z,15.5
S16,session1,35,DMT,Low,-0.3751921786795738,z,15.5
S16,session2,35,DMT,High,50.45166981302128,abs,15.5
S16,session1,35,DMT,Low,40.772055902791976,abs,15.5
S16,session2,36,DMT,High,0.2835936465329982,z,16.5
S16,session1,36,DMT,Low,0.3602730973971724,z,16.5
S16,session2,36,DMT,High,49.48767309888606,abs,16.5
S16,session1,36,DMT,Low,50.50212835120301,abs,16.5
S16,session2,37,DMT,High,1.2608389867176044,z,17.5
S16,session1,37,DMT,Low,-0.1872489142749815,z,17.5
S16,session2,37,DMT,High,62.41645202178936,abs,17.5
S16,session1,37,DMT,Low,43.25851126422325,abs,17.5
S16,session2,38,DMT,High,0.0997487426447158,z,18.5
S16,session1,38,DMT,Low,-0.4896175525952825,z,18.5
S16,session2,38,DMT,High,47.05543830508801,abs,18.5
S16,session1,38,DMT,Low,39.25822892230488,abs,18.5
S17,session1,1,DMT,High,-1.0102663016220614,z,-18.5
S17,session2,1,DMT,Low,-0.5261469151434325,z,-18.5
S17,session1,1,DMT,High,20.09344435379881,abs,-18.5
S17,session2,1,DMT,Low,33.6519000587959,abs,-18.5
S17,session1,2,DMT,High,-0.2732976942200398,z,-17.5
S17,session2,2,DMT,Low,1.278063682477533,z,-17.5
S17,session1,2,DMT,High,40.73330406302117,abs,-17.5
S17,session2,2,DMT,Low,84.18139785119648,abs,-17.5
S17,session1,3,DMT,High,-1.0195441488146262,z,-16.5
S17,session2,3,DMT,Low,0.7944571531964375,z,-16.5
S17,session1,3,DMT,High,19.833604975927347,abs,-16.5
S17,session2,3,DMT,Low,70.6373054453978,abs,-16.5
S17,session1,4,DMT,High,-0.8359397391456613,z,-15.5
S17,session2,4,DMT,Low,-0.5630342464840409,z,-15.5
S17,session1,4,DMT,High,24.975709021472927,abs,-15.5
S17,session2,4,DMT,Low,32.61881759602767,abs,-15.5
S17,session1,5,DMT,High,-0.5673124928228223,z,-14.5
S17,session2,5,DMT,Low,-0.3021327000891595,z,-14.5
S17,session1,5,DMT,High,32.498999189453706,abs,-14.5
S17,session2,5,DMT,Low,39.92573848983989,abs,-14.5
S17,session1,6,DMT,High,-1.0585976799769956,z,-13.5
S17,session2,6,DMT,Low,-0.5211139275537461,z,-13.5
S17,session1,6,DMT,High,18.739854989503108,abs,-13.5
S17,session2,6,DMT,Low,33.79285607337511,abs,-13.5
S17,session1,7,DMT,High,-0.9204424827399972,z,-12.5
S17,session2,7,DMT,Low,-0.2282597596056846,z,-12.5
S17,session1,7,DMT,High,22.609088848898804,abs,-12.5
S17,session2,7,DMT,Low,41.99465582576503,abs,-12.5
S17,session1,8,DMT,High,-0.7418333140904172,z,-11.5
S17,session2,8,DMT,Low,-0.301354663124624,z,-11.5
S17,session1,8,DMT,High,27.61129402654373,abs,-11.5
S17,session2,8,DMT,Low,39.947528527618026,abs,-11.5
S17,session1,9,DMT,High,-1.060479348026566,z,-10.5
S17,session2,9,DMT,Low,0.071098118326859,z,-10.5
S17,session1,9,DMT,High,18.68715618500536,abs,-10.5
S17,session2,9,DMT,Low,50.37860127652109,abs,-10.5
S17,session1,10,DMT,High,-0.8996529016854722,z,-9.5
S17,session2,10,DMT,Low,0.0081438437376723,z,-9.5
S17,session1,10,DMT,High,23.191330795257358,abs,-9.5
S17,session2,10,DMT,Low,48.61547679256616,abs,-9.5
S17,session1,11,DMT,High,-0.6498198755500911,z,-8.5
S17,session2,11,DMT,Low,0.7774990334806844,z,-8.5
S17,session1,11,DMT,High,30.1882619513111,abs,-8.5
S17,session2,11,DMT,Low,70.16236905278915,abs,-8.5
S17,session1,12,DMT,High,-0.7413380088122612,z,-7.5
S17,session2,12,DMT,Low,0.8643206378479009,z,-7.5
S17,session1,12,DMT,High,27.625165759140888,abs,-7.5
S17,session2,12,DMT,Low,72.59393223725924,abs,-7.5
S17,session1,13,DMT,High,-0.7802851906622214,z,-6.5
S17,session2,13,DMT,Low,1.3207255488430747,z,-6.5
S17,session1,13,DMT,High,26.534394237289305,abs,-6.5
S17,session2,13,DMT,Low,85.37620442487464,abs,-6.5
S17,session1,14,DMT,High,-0.8455554924586265,z,-5.5
S17,session2,14,DMT,Low,1.4167177942273042,z,-5.5
S17,session1,14,DMT,High,24.70640609949673,abs,-5.5
S17,session2,14,DMT,Low,88.06460452496593,abs,-5.5
S17,session1,15,DMT,High,-0.9106371004969992,z,-4.5
S17,session2,15,DMT,Low,0.72105297356924,z,-4.5
S17,session1,15,DMT,High,22.883702600228343,abs,-4.5
S17,session2,15,DMT,Low,68.58151642757679,abs,-4.5
S17,session1,16,DMT,High,-0.904101050366792,z,-3.5
S17,session2,16,DMT,Low,0.4438246597957348,z,-3.5
S17,session1,16,DMT,High,23.06675403062168,abs,-3.5
S17,session2,16,DMT,Low,60.817341066185776,abs,-3.5
S17,session1,17,DMT,High,-0.7919553939198336,z,-2.5
S17,session2,17,DMT,Low,1.5127706680468145,z,-2.5
S17,session1,17,DMT,High,26.207553506767063,abs,-2.5
S17,session2,17,DMT,Low,90.75470261108543,abs,-2.5
S17,session1,18,DMT,High,-0.6691086094743188,z,-1.5
S17,session2,18,DMT,Low,1.6666194965896024,z,-1.5
S17,session1,18,DMT,High,29.64805337503534,abs,-1.5
S17,session2,18,DMT,Low,95.06345905696092,abs,-1.5
S17,session1,19,DMT,High,-1.1676403778359334,z,-0.5
S17,session2,19,DMT,Low,1.742139328190895,z,-0.5
S17,session1,19,DMT,High,15.685958305819993,abs,-0.5
S17,session2,19,DMT,Low,97.17849993368104,abs,-0.5
S17,session1,20,DMT,High,-0.8877988100950083,z,0.5
S17,session2,20,DMT,Low,0.825566444917518,z,0.5
S17,session1,20,DMT,High,23.52332158149986,abs,0.5
S17,session2,20,DMT,Low,71.50856564607294,abs,0.5
S17,session1,21,DMT,High,-0.8946350222108386,z,1.5
S17,session2,21,DMT,Low,1.724802131840312,z,1.5
S17,session1,21,DMT,High,23.33186368547004,abs,1.5
S17,session2,21,DMT,Low,96.69294695783756,abs,1.5
S17,session1,22,DMT,High,-0.8902085145227344,z,2.5
S17,session2,22,DMT,Low,1.912941179152586,z,2.5
S17,session1,22,DMT,High,23.45583436314427,abs,2.5
S17,session2,22,DMT,Low,101.96205001507782,abs,2.5
S17,session1,23,DMT,High,-0.8438873395755015,z,3.5
S17,session2,23,DMT,Low,1.6519934337886222,z,3.5
S17,session1,23,DMT,High,24.75312510643328,abs,3.5
S17,session2,23,DMT,Low,94.65383525307232,abs,3.5
S17,session1,24,DMT,High,-0.7346237257313994,z,4.5
S17,session2,24,DMT,Low,1.2696517403891725,z,4.5
S17,session1,24,DMT,High,27.81320885818893,abs,4.5
S17,session2,24,DMT,Low,83.94580938400529,abs,4.5
S17,session1,25,DMT,High,-0.7049205219713096,z,5.5
S17,session2,25,DMT,Low,0.9650078292924318,z,5.5
S17,session1,25,DMT,High,28.645089554822537,abs,5.5
S17,session2,25,DMT,Low,75.41382101550279,abs,5.5
S17,session1,26,DMT,High,-0.8022579676398257,z,6.5
S17,session2,26,DMT,Low,0.928387672675258,z,6.5
S17,session1,26,DMT,High,25.919015197144667,abs,6.5
S17,session2,26,DMT,Low,74.38822116292195,abs,6.5
S17,session1,27,DMT,High,-0.8282619270355072,z,7.5
S17,session2,27,DMT,Low,1.1759739677945291,z,7.5
S17,session1,27,DMT,High,25.190737128824725,abs,7.5
S17,session2,27,DMT,Low,81.32222940406302,abs,7.5
S17,session1,28,DMT,High,-0.934854312652068,z,8.5
S17,session2,28,DMT,Low,1.3623441807482195,z,8.5
S17,session1,28,DMT,High,22.205464943415343,abs,8.5
S17,session2,28,DMT,Low,86.54179372567285,abs,8.5
S17,session1,29,DMT,High,-0.9283099144539712,z,9.5
S17,session2,29,DMT,Low,1.176283784267627,z,9.5
S17,session1,29,DMT,High,22.388750173387585,abs,9.5
S17,session2,29,DMT,Low,81.33090625742707,abs,9.5
S17,session1,30,DMT,High,-1.022158525930949,z,10.5
S17,session2,30,DMT,Low,1.4691809538244966,z,10.5
S17,session1,30,DMT,High,19.76038560624737,abs,10.5
S17,session2,30,DMT,Low,89.5339103313636,abs,10.5
S17,session1,31,DMT,High,-0.9284748363510846,z,11.5
S17,session2,31,DMT,Low,1.1698877109828458,z,11.5
S17,session1,31,DMT,High,22.384131299821984,abs,11.5
S17,session2,31,DMT,Low,81.15177507875562,abs,11.5
S17,session1,32,DMT,High,-0.9087911858217944,z,12.5
S17,session2,32,DMT,Low,0.250578098269708,z,12.5
S17,session1,32,DMT,High,22.935400080349964,abs,12.5
S17,session2,32,DMT,Low,55.40519476968688,abs,12.5
S17,session1,33,DMT,High,-0.9015460958969352,z,13.5
S17,session2,33,DMT,Low,1.2018827898165254,z,13.5
S17,session1,33,DMT,High,23.13830918411348,abs,13.5
S17,session2,33,DMT,Low,82.04784301418728,abs,13.5
S17,session1,34,DMT,High,-0.8864960993038162,z,14.5
S17,session2,34,DMT,Low,1.1268543860398883,z,14.5
S17,session1,34,DMT,High,23.559805860072704,abs,14.5
S17,session2,34,DMT,Low,79.9465652764343,abs,14.5
S17,session1,35,DMT,High,-0.8899079577390963,z,15.5
S17,session2,35,DMT,Low,1.2875747763789709,z,15.5
S17,session1,35,DMT,High,23.46425188566374,abs,15.5
S17,session2,35,DMT,Low,84.44776963669075,abs,15.5
S17,session1,36,DMT,High,-0.914776763551846,z,16.5
S17,session2,36,DMT,Low,0.8658552649068153,z,16.5
S17,session1,36,DMT,High,22.7677654166939,abs,16.5
S17,session2,36,DMT,Low,72.63691166254796,abs,16.5
S17,session1,37,DMT,High,-0.7369872228953332,z,17.5
S17,session2,37,DMT,Low,0.7223956551395799,z,17.5
S17,session1,37,DMT,High,27.747015740331832,abs,17.5
S17,session2,37,DMT,Low,68.61912014497754,abs,17.5
S17,session1,38,DMT,High,-1.048016915071028,z,18.5
S17,session2,38,DMT,Low,1.27216813461761,z,18.5
S17,session1,38,DMT,High,19.036184441099813,abs,18.5
S17,session2,38,DMT,Low,84.01628460279532,abs,18.5
S18,session1,1,DMT,High,-0.6579450423350459,z,-18.5
S18,session2,1,DMT,Low,-0.5437760659771059,z,-18.5
S18,session1,1,DMT,High,62.44761086787565,abs,-18.5
S18,session2,1,DMT,Low,69.93914553344737,abs,-18.5
S18,session1,2,DMT,High,-1.279631334147332,z,-17.5
S18,session2,2,DMT,Low,-0.8107575408444646,z,-17.5
S18,session1,2,DMT,High,21.65382822397464,abs,-17.5
S18,session2,2,DMT,Low,52.4203673343365,abs,-17.5
S18,session1,3,DMT,High,0.1575582644598816,z,-16.5
S18,session2,3,DMT,Low,-1.4453324619386472,z,-16.5
S18,session1,3,DMT,High,115.9592695306336,abs,-16.5
S18,session2,3,DMT,Low,10.780859204079972,abs,-16.5
S18,session1,4,DMT,High,0.2682741178736976,z,-15.5
S18,session2,4,DMT,Low,-1.105699136611683,z,-15.5
S18,session1,4,DMT,High,123.22421733289424,abs,-15.5
S18,session2,4,DMT,Low,33.066903201647975,abs,-15.5
S18,session1,5,DMT,High,0.3054467128605314,z,-14.5
S18,session2,5,DMT,Low,-1.2090098470577542,z,-14.5
S18,session1,5,DMT,High,125.66340696949077,abs,-14.5
S18,session2,5,DMT,Low,26.28786573173937,abs,-14.5
S18,session1,6,DMT,High,0.1809788079568767,z,-13.5
S18,session2,6,DMT,Low,-1.1553208913422992,z,-13.5
S18,session1,6,DMT,High,117.49607768194949,abs,-13.5
S18,session2,6,DMT,Low,29.81082517073501,abs,-13.5
S18,session1,7,DMT,High,0.5189113486906168,z,-12.5
S18,session2,7,DMT,Low,-1.0253248618915864,z,-12.5
S18,session1,7,DMT,High,139.67051967391777,abs,-12.5
S18,session2,7,DMT,Low,38.340898681803765,abs,-12.5
S18,session1,8,DMT,High,0.6172362520180431,z,-11.5
S18,session2,8,DMT,Low,-1.1001554226510963,z,-11.5
S18,session1,8,DMT,High,146.1223986804967,abs,-11.5
S18,session2,8,DMT,Low,33.43067037059886,abs,-11.5
S18,session1,9,DMT,High,0.2816356287975944,z,-10.5
S18,session2,9,DMT,Low,-1.0527182038686462,z,-10.5
S18,session1,9,DMT,High,124.10097234519252,abs,-10.5
S18,session2,9,DMT,Low,36.54340362164302,abs,-10.5
S18,session1,10,DMT,High,0.5756825898227131,z,-9.5
S18,session2,10,DMT,Low,-0.9910532535254626,z,-9.5
S18,session1,10,DMT,High,143.395732376318,abs,-9.5
S18,session2,10,DMT,Low,40.58973151108978,abs,-9.5
S18,session1,11,DMT,High,0.736299977364105,z,-8.5
S18,session2,11,DMT,Low,-0.9313500402459324,z,-8.5
S18,session1,11,DMT,High,153.93511676115682,abs,-8.5
S18,session2,11,DMT,Low,44.50733422767502,abs,-8.5
S18,session1,12,DMT,High,0.6251024455647514,z,-7.5
S18,session2,12,DMT,Low,-1.0195503058016282,z,-7.5
S18,session1,12,DMT,High,146.63856220863863,abs,-7.5
S18,session2,12,DMT,Low,38.71981323903497,abs,-7.5
S18,session1,13,DMT,High,0.8709233796189472,z,-6.5
S18,session2,13,DMT,Low,-0.991155200084332,z,-6.5
S18,session1,13,DMT,High,162.76882900910954,abs,-6.5
S18,session2,13,DMT,Low,40.58304198645557,abs,-6.5
S18,session1,14,DMT,High,0.7536864945330699,z,-5.5
S18,session2,14,DMT,Low,-0.9580736757349154,z,-5.5
S18,session1,14,DMT,High,155.07598444903462,abs,-5.5
S18,session2,14,DMT,Low,42.75378393719896,abs,-5.5
S18,session1,15,DMT,High,0.9676218226088292,z,-4.5
S18,session2,15,DMT,Low,-0.956374877141138,z,-4.5
S18,session1,15,DMT,High,169.11398301569645,abs,-4.5
S18,session2,15,DMT,Low,42.865255625577845,abs,-4.5
S18,session1,16,DMT,High,0.8369490658539951,z,-3.5
S18,session2,16,DMT,Low,-0.935175545193912,z,-3.5
S18,session1,16,DMT,High,160.53950404335714,abs,-3.5
S18,session2,16,DMT,Low,44.25631241907743,abs,-3.5
S18,session1,17,DMT,High,0.9750466284524344,z,-2.5
S18,session2,17,DMT,Low,-0.9836109189384062,z,-2.5
S18,session1,17,DMT,High,169.60118358573678,abs,-2.5
S18,session2,17,DMT,Low,41.07808228141563,abs,-2.5
S18,session1,18,DMT,High,0.9655365284473866,z,-1.5
S18,session2,18,DMT,Low,-0.951286004701058,z,-1.5
S18,session1,18,DMT,High,168.97715027884695,abs,-1.5
S18,session2,18,DMT,Low,43.1991770244525,abs,-1.5
S18,session1,19,DMT,High,0.7790314261696933,z,-0.5
S18,session2,19,DMT,Low,-0.9316895436094124,z,-0.5
S18,session1,19,DMT,High,156.73906701322463,abs,-0.5
S18,session2,19,DMT,Low,44.48505671150798,abs,-0.5
S18,session1,20,DMT,High,1.245695296086119,z,0.5
S18,session2,20,DMT,Low,-0.9184112863923865,z,0.5
S18,session1,20,DMT,High,187.36059547195484,abs,0.5
S18,session2,20,DMT,Low,45.35634878587901,abs,0.5
S18,session1,21,DMT,High,0.8187910971061881,z,1.5
S18,session2,21,DMT,Low,-0.8476957530515278,z,1.5
S18,session1,21,DMT,High,159.3480152810853,abs,1.5
S18,session2,21,DMT,Low,49.99655741625613,abs,1.5
S18,session1,22,DMT,High,1.186180263605289,z,2.5
S18,session2,22,DMT,Low,-0.9034088289351176,z,2.5
S18,session1,22,DMT,High,183.45534079440637,abs,2.5
S18,session2,22,DMT,Low,46.34077935270416,abs,2.5
S18,session1,23,DMT,High,1.321332801506122,z,3.5
S18,session2,23,DMT,Low,-0.808950539386991,z,3.5
S18,session1,23,DMT,High,192.3237738409611,abs,3.5
S18,session2,23,DMT,Low,52.53893907327337,abs,3.5
S18,session1,24,DMT,High,1.2220228826637842,z,4.5
S18,session2,24,DMT,Low,-0.800559454266213,z,4.5
S18,session1,24,DMT,High,185.8072601314052,abs,4.5
S18,session2,24,DMT,Low,53.08954491270025,abs,4.5
S18,session1,25,DMT,High,1.2298207839041853,z,5.5
S18,session2,25,DMT,Low,-0.8146356921895054,z,5.5
S18,session1,25,DMT,High,186.31894245811725,abs,5.5
S18,session2,25,DMT,Low,52.16589097686598,abs,5.5
S18,session1,26,DMT,High,1.385887790485413,z,6.5
S18,session2,26,DMT,Low,-0.7277695340304637,z,6.5
S18,session1,26,DMT,High,196.55974015336585,abs,6.5
S18,session2,26,DMT,Low,57.86587056740944,abs,6.5
S18,session1,27,DMT,High,1.457878967710272,z,7.5
S18,session2,27,DMT,Low,-0.8399485385374358,z,7.5
S18,session1,27,DMT,High,201.28365392574187,abs,7.5
S18,session2,27,DMT,Low,50.50491378368103,abs,7.5
S18,session1,28,DMT,High,1.5128907288743765,z,8.5
S18,session2,28,DMT,Low,-0.7938092559417744,z,8.5
S18,session1,28,DMT,High,204.89341315212715,abs,8.5
S18,session2,28,DMT,Low,53.53247911742214,abs,8.5
S18,session1,29,DMT,High,0.9216645380317756,z,9.5
S18,session2,29,DMT,Low,-0.8056017904345335,z,9.5
S18,session1,29,DMT,High,166.09836001961096,abs,9.5
S18,session2,29,DMT,Low,52.758677128776114,abs,9.5
S18,session1,30,DMT,High,1.2410479181714364,z,10.5
S18,session2,30,DMT,Low,-0.7542464903616267,z,10.5
S18,session1,30,DMT,High,187.05564404064216,abs,10.5
S18,session2,30,DMT,Low,56.128506858621655,abs,10.5
S18,session1,31,DMT,High,1.4286060511034928,z,11.5
S18,session2,31,DMT,Low,-0.6350680864953033,z,11.5
S18,session1,31,DMT,High,199.36282502354925,abs,11.5
S18,session2,31,DMT,Low,63.94874990917586,abs,11.5
S18,session1,32,DMT,High,1.582253428359354,z,12.5
S18,session2,32,DMT,Low,-0.7298073976662763,z,12.5
S18,session1,32,DMT,High,209.4448515924632,abs,12.5
S18,session2,32,DMT,Low,57.73215012462003,abs,12.5
S18,session1,33,DMT,High,1.5385860882330886,z,13.5
S18,session2,33,DMT,Low,-0.7511390399289246,z,13.5
S18,session1,33,DMT,High,206.5794900665474,abs,13.5
S18,session2,33,DMT,Low,56.33241139889841,abs,13.5
S18,session1,34,DMT,High,1.571659683014592,z,14.5
S18,session2,34,DMT,Low,-0.6670372710915364,z,14.5
S18,session1,34,DMT,High,208.7497116952664,abs,14.5
S18,session2,34,DMT,Low,61.850997417449285,abs,14.5
S18,session1,35,DMT,High,1.5122692946021492,z,15.5
S18,session2,35,DMT,Low,-0.7544777960397324,z,15.5
S18,session1,35,DMT,High,204.85263590649288,abs,15.5
S18,session2,35,DMT,Low,56.11332905322169,abs,15.5
S18,session1,36,DMT,High,1.493648476970888,z,16.5
S18,session2,36,DMT,Low,-0.6894114335305924,z,16.5
S18,session1,36,DMT,High,203.6307759473694,abs,16.5
S18,session2,36,DMT,Low,60.38285065050436,abs,16.5
S18,session1,37,DMT,High,1.2429295353243213,z,17.5
S18,session2,37,DMT,Low,-0.6566035923884648,z,17.5
S18,session1,37,DMT,High,187.1791119088656,abs,17.5
S18,session2,37,DMT,Low,62.5356340690773,abs,17.5
S18,session1,38,DMT,High,1.2860846591053954,z,18.5
S18,session2,38,DMT,Low,-0.6815998216411427,z,18.5
S18,session1,38,DMT,High,190.0108628460848,abs,18.5
S18,session2,38,DMT,Low,60.89543264195824,abs,18.5
S19,session2,1,DMT,High,-0.4310340957575153,z,-18.5
S19,session1,1,DMT,Low,-0.6762686428167738,z,-18.5
S19,session2,1,DMT,High,45.53332821071041,abs,-18.5
S19,session1,1,DMT,Low,33.20814607148174,abs,-18.5
S19,session2,2,DMT,High,-0.3757618326614996,z,-17.5
S19,session1,2,DMT,Low,-0.7278383499062676,z,-17.5
S19,session2,2,DMT,High,48.311243141844265,abs,-17.5
S19,session1,2,DMT,Low,30.61631698228291,abs,-17.5
S19,session2,3,DMT,High,-0.2501960193375901,z,-16.5
S19,session1,3,DMT,Low,-0.62539849153911,z,-16.5
S19,session2,3,DMT,High,54.62202414001906,abs,-16.5
S19,session1,3,DMT,Low,35.76481635903229,abs,-16.5
S19,session2,4,DMT,High,-0.0226329632818234,z,-15.5
S19,session1,4,DMT,Low,-0.810309619192504,z,-15.5
S19,session2,4,DMT,High,66.0590592057559,abs,-15.5
S19,session1,4,DMT,Low,26.471413960276724,abs,-15.5
S19,session2,5,DMT,High,0.7396325023331263,z,-14.5
S19,session1,5,DMT,Low,-0.7761014316461256,z,-14.5
S19,session2,5,DMT,High,104.3695697549812,abs,-14.5
S19,session1,5,DMT,Low,28.190674754556778,abs,-14.5
S19,session2,6,DMT,High,0.1076990600686153,z,-13.5
S19,session1,6,DMT,Low,-1.0666583633179083,z,-13.5
S19,session2,6,DMT,High,72.60938396884974,abs,-13.5
S19,session1,6,DMT,Low,13.587646153513893,abs,-13.5
S19,session2,7,DMT,High,0.3056725960153285,z,-12.5
S19,session1,7,DMT,Low,-1.1089697028148058,z,-12.5
S19,session2,7,DMT,High,82.55928669891149,abs,-12.5
S19,session1,7,DMT,Low,11.4611310596679,abs,-12.5
S19,session2,8,DMT,High,0.3275465235923568,z,-11.5
S19,session1,8,DMT,Low,-1.0237884055221544,z,-11.5
S19,session2,8,DMT,High,83.65864298749358,abs,-11.5
S19,session1,8,DMT,Low,15.74223670557848,abs,-11.5
S19,session2,9,DMT,High,0.5470152517028188,z,-10.5
S19,session1,9,DMT,Low,-1.0122972516038775,z,-10.5
S19,session2,9,DMT,High,94.68886723714904,abs,-10.5
S19,session1,9,DMT,Low,16.319767753838367,abs,-10.5
S19,session2,10,DMT,High,1.2298072427099824,z,-9.5
S19,session1,10,DMT,Low,-0.8645994316775729,z,-9.5
S19,session2,10,DMT,High,129.0051401819081,abs,-9.5
S19,session1,10,DMT,Low,23.7428757701768,abs,-9.5
S19,session2,11,DMT,High,0.7662809080710096,z,-8.5
S19,session1,11,DMT,Low,-0.859390053344781,z,-8.5
S19,session2,11,DMT,High,105.70888535459004,abs,-8.5
S19,session1,11,DMT,Low,24.00469262083568,abs,-8.5
S19,session2,12,DMT,High,1.5465759083589727,z,-7.5
S19,session1,12,DMT,Low,-0.8226266749984786,z,-7.5
S19,session2,12,DMT,High,144.9255378050897,abs,-7.5
S19,session1,12,DMT,Low,25.852374114349143,abs,-7.5
S19,session2,13,DMT,High,2.799911531813713,z,-6.5
S19,session1,13,DMT,Low,-0.7512402379141059,z,-6.5
S19,session2,13,DMT,High,207.91662134492495,abs,-6.5
S19,session1,13,DMT,Low,29.440167310235527,abs,-6.5
S19,session2,14,DMT,High,1.9612477227814484,z,-5.5
S19,session1,14,DMT,Low,-0.857498425166614,z,-5.5
S19,session2,14,DMT,High,165.76642544530642,abs,-5.5
S19,session1,14,DMT,Low,24.099763491213373,abs,-5.5
S19,session2,15,DMT,High,2.1022320614298518,z,-4.5
S19,session1,15,DMT,Low,-0.7784839918123798,z,-4.5
S19,session2,15,DMT,High,172.85212227496388,abs,-4.5
S19,session1,15,DMT,Low,28.0709302554277,abs,-4.5
S19,session2,16,DMT,High,1.3160348651241376,z,-3.5
S19,session1,16,DMT,Low,-0.7228798102042726,z,-3.5
S19,session2,16,DMT,High,133.33883282200048,abs,-3.5
S19,session1,16,DMT,Low,30.865526996551083,abs,-3.5
S19,session2,17,DMT,High,1.1478460827292338,z,-2.5
S19,session1,17,DMT,Low,-0.740185497771519,z,-2.5
S19,session2,17,DMT,High,124.88587461668132,abs,-2.5
S19,session1,17,DMT,Low,29.99576474702856,abs,-2.5
S19,session2,18,DMT,High,1.1693821689416397,z,-1.5
S19,session1,18,DMT,Low,-0.8359097444306969,z,-1.5
S19,session2,18,DMT,High,125.96825142010086,abs,-1.5
S19,session1,18,DMT,Low,25.18478362971588,abs,-1.5
S19,session2,19,DMT,High,1.260605246619876,z,-0.5
S19,session1,19,DMT,Low,-0.8550827304907166,z,-0.5
S19,session2,19,DMT,High,130.55300940451966,abs,-0.5
S19,session1,19,DMT,Low,24.221173289425888,abs,-0.5
S19,session2,20,DMT,High,1.7595437317440557,z,0.5
S19,session1,20,DMT,Low,-0.8441633052018919,z,0.5
S19,session2,20,DMT,High,155.6290347001742,abs,0.5
S19,session1,20,DMT,Low,24.76996997062082,abs,0.5
S19,session2,21,DMT,High,0.8277707181978671,z,1.5
S19,session1,21,DMT,Low,-0.8199848378990696,z,1.5
S19,session2,21,DMT,High,108.7992864363633,abs,1.5
S19,session1,21,DMT,Low,25.9851495484095,abs,1.5
S19,session2,22,DMT,High,1.1801043330211194,z,2.5
S19,session1,22,DMT,Low,-0.8171847703646409,z,2.5
S19,session2,22,DMT,High,126.50713399921136,abs,2.5
S19,session1,22,DMT,Low,26.12587744656994,abs,2.5
S19,session2,23,DMT,High,1.1026521672164584,z,3.5
S19,session1,23,DMT,Low,-0.8943354143218278,z,3.5
S19,session2,23,DMT,High,122.61448485141604,abs,3.5
S19,session1,23,DMT,Low,22.248382410353297,abs,3.5
S19,session2,24,DMT,High,1.3083679899709817,z,4.5
S19,session1,24,DMT,Low,-0.8079541826865532,z,4.5
S19,session2,24,DMT,High,132.9535052495417,abs,4.5
S19,session1,24,DMT,Low,26.58979525810511,abs,4.5
S19,session2,25,DMT,High,1.4405781542856766,z,5.5
S19,session1,25,DMT,Low,-0.8759576540604427,z,5.5
S19,session2,25,DMT,High,139.598223032482,abs,5.5
S19,session1,25,DMT,Low,23.17202569491025,abs,5.5
S19,session2,26,DMT,High,1.0685910217735255,z,6.5
S19,session1,26,DMT,Low,-0.938729174884386,z,6.5
S19,session2,26,DMT,High,120.90261420966073,abs,6.5
S19,session1,26,DMT,Low,20.01720743382513,abs,6.5
S19,session2,27,DMT,High,0.9309944814398644,z,7.5
S19,session1,27,DMT,Low,-0.8785464857971215,z,7.5
S19,session2,27,DMT,High,113.98718389335092,abs,7.5
S19,session1,27,DMT,Low,23.041914244199067,abs,7.5
S19,session2,28,DMT,High,0.9090789084536944,z,8.5
S19,session1,28,DMT,Low,-0.882546376948966,z,8.5
S19,session2,28,DMT,High,112.8857345585032,abs,8.5
S19,session1,28,DMT,Low,22.840884709108074,abs,8.5
S19,session2,29,DMT,High,1.0123302929925686,z,9.5
S19,session1,29,DMT,Low,-0.8474514688392153,z,9.5
S19,session2,29,DMT,High,118.07502022738431,abs,9.5
S19,session1,29,DMT,Low,24.60471097175796,abs,9.5
S19,session2,30,DMT,High,0.941308218163575,z,10.5
S19,session1,30,DMT,Low,-0.9220184183626594,z,10.5
S19,session2,30,DMT,High,114.50553942351635,abs,10.5
S19,session1,30,DMT,Low,20.857069191821303,abs,10.5
S19,session2,31,DMT,High,0.7288983820109868,z,11.5
S19,session1,31,DMT,Low,-0.8862107765905626,z,11.5
S19,session2,31,DMT,High,103.83008627004304,abs,11.5
S19,session1,31,DMT,Low,22.65671655843276,abs,11.5
S19,session2,32,DMT,High,1.049740493518144,z,12.5
S19,session1,32,DMT,Low,-0.96733523492802,z,12.5
S19,session2,32,DMT,High,119.95521019601614,abs,12.5
S19,session1,32,DMT,Low,18.579502573105387,abs,12.5
S19,session2,33,DMT,High,0.2279302558343806,z,13.5
S19,session1,33,DMT,Low,-1.028518479951505,z,13.5
S19,session2,33,DMT,High,78.65205374927118,abs,13.5
S19,session1,33,DMT,Low,15.504509070655295,abs,13.5
S19,session2,34,DMT,High,0.5377373395363292,z,14.5
S19,session1,34,DMT,Low,-0.9700594616508028,z,14.5
S19,session2,34,DMT,High,94.22257095591536,abs,14.5
S19,session1,34,DMT,Low,18.442586339444635,abs,14.5
S19,session2,35,DMT,High,0.4324981012697519,z,15.5
S19,session1,35,DMT,Low,-0.8204116625990941,z,15.5
S19,session2,35,DMT,High,88.93337824068256,abs,15.5
S19,session1,35,DMT,Low,25.96369787191284,abs,15.5
S19,session2,36,DMT,High,0.4948337842372349,z,16.5
S19,session1,36,DMT,Low,-0.9441362254092006,z,16.5
S19,session2,36,DMT,High,92.0662918352822,abs,16.5
S19,session1,36,DMT,Low,19.74545582560556,abs,16.5
S19,session2,37,DMT,High,0.1796342603483557,z,17.5
S19,session1,37,DMT,Low,-1.0211558584786482,z,17.5
S19,session2,37,DMT,High,76.22475731775826,abs,17.5
S19,session1,37,DMT,Low,15.874545233028572,abs,17.5
S19,session2,38,DMT,High,0.6558723667483614,z,18.5
S19,session1,38,DMT,Low,-0.9541031168713416,z,18.5
S19,session2,38,DMT,High,100.159889922069,abs,18.5
S19,session1,38,DMT,Low,19.985321557623696,abs,18.5
S20,session2,1,DMT,High,-1.0794426145440128,z,-18.5
S20,session1,1,DMT,Low,-2.0801402309207693,z,-18.5
S20,session2,1,DMT,High,31.25141844943069,abs,-18.5
S20,session1,1,DMT,Low,14.3725343615465,abs,-18.5
S20,session2,2,DMT,High,0.6673913109427887,z,-17.5
S20,session1,2,DMT,Low,-2.0617532606665696,z,-17.5
S20,session2,2,DMT,High,60.71547119278675,abs,-17.5
S20,session1,2,DMT,Low,14.682669545810963,abs,-17.5
S20,session2,3,DMT,High,0.5355878478753406,z,-16.5
S20,session1,3,DMT,Low,-2.493903828410998,z,-16.5
S20,session2,3,DMT,High,58.49232671928219,abs,-16.5
S20,session1,3,DMT,Low,7.393535223814822,abs,-16.5
S20,session2,4,DMT,High,-1.3168916344690584,z,-15.5
S20,session1,4,DMT,Low,-0.6738445850119718,z,-15.5
S20,session2,4,DMT,High,27.246337975063287,abs,-15.5
S20,session1,4,DMT,Low,38.09268799450379,abs,-15.5
S20,session2,5,DMT,High,0.4505060537453348,z,-14.5
S20,session1,5,DMT,Low,-0.8534965449285189,z,-14.5
S20,session2,5,DMT,High,57.05724211669338,abs,-14.5
S20,session1,5,DMT,Low,35.06247731150865,abs,-14.5
S20,session2,6,DMT,High,-2.037214822882423,z,-13.5
S20,session1,6,DMT,Low,-0.6996843056058029,z,-13.5
S20,session2,6,DMT,High,15.09656225453551,abs,-13.5
S20,session1,6,DMT,Low,37.656846395974,abs,-13.5
S20,session2,7,DMT,High,0.6527364760076309,z,-12.5
S20,session1,7,DMT,Low,-0.8375716907084456,z,-12.5
S20,session2,7,DMT,High,60.46828637276767,abs,-12.5
S20,session1,7,DMT,Low,35.33108369579315,abs,-12.5
S20,session2,8,DMT,High,1.639225392302612,z,-11.5
S20,session1,8,DMT,Low,-0.3670260504630567,z,-11.5
S20,session2,8,DMT,High,77.10751064954114,abs,-11.5
S20,session1,8,DMT,Low,43.26783220981274,abs,-11.5
S20,session2,9,DMT,High,1.8506646999275085,z,-10.5
S20,session1,9,DMT,Low,-0.6870968836917195,z,-10.5
S20,session2,9,DMT,High,80.67388225532646,abs,-10.5
S20,session1,9,DMT,Low,37.86915991803712,abs,-10.5
S20,session2,10,DMT,High,1.19915995008661,z,-9.5
S20,session1,10,DMT,Low,-0.5946661297861294,z,-9.5
S20,session2,10,DMT,High,69.68487521133413,abs,-9.5
S20,session1,10,DMT,Low,39.42820028727171,abs,-9.5
S20,session2,11,DMT,High,1.1237477880998936,z,-8.5
S20,session1,11,DMT,Low,-0.0018419000703866,z,-8.5
S20,session2,11,DMT,High,68.41288942845674,abs,-8.5
S20,session1,11,DMT,Low,49.42743611446485,abs,-8.5
S20,session2,12,DMT,High,0.7466756608603835,z,-7.5
S20,session1,12,DMT,Low,-0.7292834171046303,z,-7.5
S20,session2,12,DMT,High,62.05276962374303,abs,-7.5
S20,session1,12,DMT,Low,37.15759471003317,abs,-7.5
S20,session2,13,DMT,High,0.9761886133236276,z,-6.5
S20,session1,13,DMT,Low,-0.875326215588924,z,-6.5
S20,session2,13,DMT,High,65.92399151724723,abs,-6.5
S20,session1,13,DMT,Low,34.69427369562741,abs,-6.5
S20,session2,14,DMT,High,1.1015590315529258,z,-5.5
S20,session1,14,DMT,Low,-0.6352430499464813,z,-5.5
S20,session2,14,DMT,High,68.03862906880225,abs,-5.5
S20,session1,14,DMT,Low,38.74378461482341,abs,-5.5
S20,session2,15,DMT,High,1.1355188220612569,z,-4.5
S20,session1,15,DMT,Low,-0.3360738551935813,z,-4.5
S20,session2,15,DMT,High,68.61143283915034,abs,-4.5
S20,session1,15,DMT,Low,43.78990651844418,abs,-4.5
S20,session2,16,DMT,High,2.049775174974326,z,-3.5
S20,session1,16,DMT,Low,-0.4153367089480503,z,-3.5
S20,session2,16,DMT,High,84.03230199571432,abs,-3.5
S20,session1,16,DMT,Low,42.45297066579307,abs,-3.5
S20,session2,17,DMT,High,1.0066324229650865,z,-2.5
S20,session1,17,DMT,Low,-0.881955684196205,z,-2.5
S20,session2,17,DMT,High,66.4374908258519,abs,-2.5
S20,session1,17,DMT,Low,34.58245367092133,abs,-2.5
S20,session2,18,DMT,High,0.1952730205682262,z,-1.5
S20,session1,18,DMT,Low,-0.913232812160354,z,-1.5
S20,session2,18,DMT,High,52.75219660454982,abs,-1.5
S20,session1,18,DMT,Low,34.054898684410766,abs,-1.5
S20,session2,19,DMT,High,0.5646559738498307,z,-0.5
S20,session1,19,DMT,Low,-0.7564792120531799,z,-0.5
S20,session2,19,DMT,High,58.982622210093766,abs,-0.5
S20,session1,19,DMT,Low,36.69888004628043,abs,-0.5
S20,session2,20,DMT,High,1.1925408174583616,z,0.5
S20,session1,20,DMT,Low,-1.0055568689301424,z,0.5
S20,session2,20,DMT,High,69.57322952479892,abs,0.5
S20,session1,20,DMT,Low,32.49765798828244,abs,0.5
S20,session2,21,DMT,High,1.21258013336648,z,1.5
S20,session1,21,DMT,Low,-0.920712140351428,z,1.5
S20,session2,21,DMT,High,69.91123501704571,abs,1.5
S20,session1,21,DMT,Low,33.9287439784073,abs,1.5
S20,session2,22,DMT,High,1.0231204980190676,z,2.5
S20,session1,22,DMT,Low,-0.1810503296032147,z,2.5
S20,session2,22,DMT,High,66.71559712201369,abs,2.5
S20,session1,22,DMT,Low,46.40470651048275,abs,2.5
S20,session2,23,DMT,High,1.3477885521197954,z,3.5
S20,session1,23,DMT,Low,-1.067252294430228,z,3.5
S20,session2,23,DMT,High,72.19181127754128,abs,3.5
S20,session1,23,DMT,Low,31.4570340088439,abs,3.5
S20,session2,24,DMT,High,1.045414496062426,z,4.5
S20,session1,24,DMT,Low,-0.6857041645841357,z,4.5
S20,session2,24,DMT,High,67.09163260233373,abs,4.5
S20,session1,24,DMT,Low,37.89265107460548,abs,4.5
S20,session2,25,DMT,High,0.5608812817587902,z,5.5
S20,session1,25,DMT,Low,-0.4669088529817893,z,5.5
S20,session2,25,DMT,High,58.91895403578272,abs,5.5
S20,session1,25,DMT,Low,41.58309726241582,abs,5.5
S20,session2,26,DMT,High,0.4677101899550955,z,6.5
S20,session1,26,DMT,Low,-0.4886207280950848,z,6.5
S20,session2,26,DMT,High,57.34742630037129,abs,6.5
S20,session1,26,DMT,Low,41.21688051784635,abs,6.5
S20,session2,27,DMT,High,0.9672074487810026,z,7.5
S20,session1,27,DMT,Low,-0.8726650982627123,z,7.5
S20,session2,27,DMT,High,65.77250516132081,abs,7.5
S20,session1,27,DMT,Low,34.73915907374594,abs,7.5
S20,session2,28,DMT,High,0.4576594030254188,z,8.5
S20,session1,28,DMT,Low,-0.5803376324649415,z,8.5
S20,session2,28,DMT,High,57.1778984981644,abs,8.5
S20,session1,28,DMT,Low,39.66988073247309,abs,8.5
S20,session2,29,DMT,High,0.3421793584622458,z,9.5
S20,session1,29,DMT,Low,-0.0185079395030359,z,9.5
S20,session2,29,DMT,High,55.23008303948178,abs,9.5
S20,session1,29,DMT,Low,49.14632807225095,abs,9.5
S20,session2,30,DMT,High,0.9184747563114506,z,10.5
S20,session1,30,DMT,Low,-0.8048026768076116,z,10.5
S20,session2,30,DMT,High,64.95052512057451,abs,10.5
S20,session1,30,DMT,Low,35.88380249741183,abs,10.5
S20,session2,31,DMT,High,0.8344121624639461,z,11.5
S20,session1,31,DMT,Low,-0.7713061347000519,z,11.5
S20,session2,31,DMT,High,63.5326314887137,abs,11.5
S20,session1,31,DMT,Low,36.44879260264016,abs,11.5
S20,session2,32,DMT,High,1.122706867411518,z,12.5
S20,session1,32,DMT,Low,-0.3729448446554929,z,12.5
S20,session2,32,DMT,High,68.39533209709485,abs,12.5
S20,session1,32,DMT,Low,43.1679992138315,abs,12.5
S20,session2,33,DMT,High,0.2888232662331744,z,13.5
S20,session1,33,DMT,Low,-0.755020218714359,z,13.5
S20,session2,33,DMT,High,54.33011957261779,abs,13.5
S20,session1,33,DMT,Low,36.723489058081725,abs,13.5
S20,session2,34,DMT,High,1.4965006830530927,z,14.5
S20,session1,34,DMT,Low,-0.6501200937762335,z,14.5
S20,session2,34,DMT,High,74.70015623550542,abs,14.5
S20,session1,34,DMT,Low,38.49285177131175,abs,14.5
S20,session2,35,DMT,High,0.9821324860881772,z,15.5
S20,session1,35,DMT,Low,-0.6507756409246496,z,15.5
S20,session2,35,DMT,High,66.0242475164463,abs,15.5
S20,session1,35,DMT,Low,38.48179458065677,abs,15.5
S20,session2,36,DMT,High,1.0578006432694973,z,16.5
S20,session1,36,DMT,Low,-0.7613296626756371,z,16.5
S20,session2,36,DMT,High,67.30055120030202,abs,16.5
S20,session1,36,DMT,Low,36.61706692662208,abs,16.5
S20,session2,37,DMT,High,0.9479540334366496,z,17.5
S20,session1,37,DMT,Low,-0.1134628731847002,z,17.5
S20,session2,37,DMT,High,65.44775554607752,abs,17.5
S20,session1,37,DMT,Low,47.54471206662021,abs,17.5
S20,session2,38,DMT,High,0.7309675563904537,z,18.5
S20,session1,38,DMT,Low,-0.3975692408133041,z,18.5
S20,session2,38,DMT,High,61.78781918292126,abs,18.5
S20,session1,38,DMT,Low,42.75265663513453,abs,18.5
