subject,window,State,Dose,SMNA_AUC,HR,RVT,window_c,SMNA_AUC_z,HR_z,RVT_z
S04,1,DMT,High,0.8078872705745698,-0.2578798204309658,1.0420737602223311,-8.5,0.8078872705745698,-0.2578798204309658,1.0420737602223311
S04,1,DMT,Low,1.0284383779031343,0.5875562092750762,0.7958709020243264,-8.5,1.0284383779031343,0.5875562092750762,0.7958709020243264
S04,1,RS,High,-0.6162700793175516,-1.0689124065344888,-0.7965834950135732,-8.5,-0.6162700793175516,-1.0689124065344888,-0.7965834950135732
S04,1,RS,Low,-0.5760633386494054,-0.3592485729798266,0.1411033982992705,-8.5,-0.5760633386494054,-0.3592485729798266,0.1411033982992704
S04,2,DMT,High,0.874086239936898,-0.1741269351107242,0.6576641001062224,-7.5,0.874086239936898,-0.1741269351107242,0.6576641001062224
S04,2,DMT,Low,0.2163482684249864,0.1575891765733066,3.3627144147120926,-7.5,0.2163482684249863,0.1575891765733065,3.3627144147120926
S04,2,RS,High,-0.6270906959536151,-1.0325389142690469,-1.0833975681562829,-7.5,-0.6270906959536151,-1.0325389142690469,-1.0833975681562829
S04,2,RS,Low,-0.3225849223300929,-0.5826517279605353,0.4621630582920002,-7.5,-0.3225849223300929,-0.5826517279605353,0.4621630582920002
S04,3,DMT,High,1.0991280692970622,-0.0768869525848553,3.296698893491452,-6.5,1.0991280692970622,-0.0768869525848553,3.296698893491452
S04,3,DMT,Low,0.3698194150924072,1.8708612443069816,-1.5109166313885662,-6.5,0.3698194150924072,1.8708612443069816,-1.5109166313885662
S04,3,RS,High,-0.6246217216775994,-0.8783516460857231,-1.484827750457971,-6.5,-0.6246217216775994,-0.8783516460857231,-1.484827750457971
S04,3,RS,Low,-0.5134458001106086,-0.7909000185781572,0.9323971615544248,-6.5,-0.5134458001106086,-0.7909000185781572,0.9323971615544248
S04,4,DMT,High,2.7352009114203994,-0.1144212501939512,2.009725936508995,-5.5,2.7352009114203994,-0.1144212501939512,2.009725936508995
S04,4,DMT,Low,0.2304753909313864,1.4696323266806777,-0.9886285103465642,-5.5,0.2304753909313863,1.4696323266806777,-0.9886285103465642
S04,4,RS,High,-0.6288755334454081,-0.8033288122150216,-0.723953450460678,-5.5,-0.6288755334454081,-0.8033288122150216,-0.723953450460678
S04,4,RS,Low,0.4129411201398899,-0.0777166593080622,0.4770374494516423,-5.5,0.4129411201398899,-0.0777166593080622,0.4770374494516423
S04,5,DMT,High,2.2598661851016915,-0.5426666641968609,2.1094889000582944,-4.5,2.2598661851016915,-0.5426666641968609,2.1094889000582944
S04,5,DMT,Low,0.40339836175717,1.1489011710668595,-0.459202796434182,-4.5,0.40339836175717,1.1489011710668595,-0.459202796434182
S04,5,RS,High,-0.5927544160689598,-0.8848796964487228,-0.3948367671267635,-4.5,-0.5927544160689598,-0.8848796964487228,-0.3948367671267635
S04,5,RS,Low,-0.5654774784380601,-0.565296133409589,-0.0426443074806957,-4.5,-0.5654774784380601,-0.565296133409589,-0.0426443074806957
S04,6,DMT,High,3.523455229261872,0.382821986872049,1.4860607471499196,-3.5,3.523455229261872,0.3828219868720489,1.4860607471499196
S04,6,DMT,Low,0.1715642945143016,1.3240386353278333,-0.6338607260587613,-3.5,0.1715642945143015,1.3240386353278333,-0.6338607260587613
S04,6,RS,High,-0.6376041234763982,-0.9843972564998096,-0.1404230137495664,-3.5,-0.6376041234763982,-0.9843972564998096,-0.1404230137495664
S04,6,RS,Low,-0.5987632432672372,-0.6775888346820973,0.2053331030809264,-3.5,-0.5987632432672372,-0.6775888346820973,0.2053331030809263
S04,7,DMT,High,4.290099102954822,1.2282781148773907,-1.0559265834177038,-2.5,4.290099102954822,1.2282781148773907,-1.0559265834177038
S04,7,DMT,Low,0.240772408730263,0.9757316238376764,-0.3612799948743517,-2.5,0.2407724087302629,0.9757316238376764,-0.3612799948743517
S04,7,RS,High,-0.6284972926923125,-1.0601682644194288,-0.0450140180459659,-2.5,-0.6284972926923125,-1.0601682644194288,-0.0450140180459659
S04,7,RS,Low,-0.5864525458513276,-0.5148937381370841,0.0095377521252738,-2.5,-0.5864525458513276,-0.5148937381370841,0.0095377521252737
S04,8,DMT,High,2.3631996865715785,0.6934836158417089,-0.8757246027661424,-1.5,2.3631996865715785,0.6934836158417089,-0.8757246027661424
S04,8,DMT,Low,0.0640910876855865,0.9179656216530307,-0.7201456132832024,-1.5,0.0640910876855864,0.9179656216530307,-0.7201456132832024
S04,8,RS,High,-0.6266002460436941,-1.093297776170568,-0.3408383180650193,-1.5,-0.6266002460436941,-1.093297776170568,-0.3408383180650193
S04,8,RS,Low,-0.6226547057418809,-0.6969187869978305,-0.1670441743278734,-1.5,-0.6226547057418809,-0.6969187869978305,-0.1670441743278734
S04,9,DMT,High,0.7024651919143864,1.6397513705539222,-0.2115850700147886,-0.5,0.7024651919143864,1.6397513705539222,-0.2115850700147886
S04,9,DMT,Low,-0.2613687705241343,0.766560517240059,-0.978865025153606,-0.5,-0.2613687705241343,0.766560517240059,-0.978865025153606
S04,9,RS,High,-0.6165832366681288,-1.1372170425208683,0.0212981197465337,-0.5,-0.6165832366681288,-1.1372170425208683,0.0212981197465336
S04,9,RS,Low,-0.6316661987597716,-0.5606305653503385,-0.2917410830003916,-0.5,-0.6316661987597716,-0.5606305653503385,-0.2917410830003916
S04,10,DMT,High,1.241734323547026,2.6167586657011346,1.81792483246956,0.5,1.241734323547026,2.6167586657011346,1.81792483246956
S04,10,DMT,Low,-0.516736226572611,0.4103100176610666,0.3266067546135347,0.5,-0.516736226572611,0.4103100176610665,0.3266067546135347
S04,10,RS,High,-0.6392680897664017,-1.0186292014951264,0.1322045220355804,0.5,-0.6392680897664017,-1.0186292014951264,0.1322045220355803
S04,10,RS,Low,-0.6301152773538226,-0.7457391960032939,0.304857315223432,0.5,-0.6301152773538226,-0.7457391960032939,0.304857315223432
S04,11,DMT,High,0.8973663287258414,2.1351499436806605,-0.2041672925523685,1.5,0.8973663287258414,2.1351499436806605,-0.2041672925523685
S04,11,DMT,Low,-0.2704424343468359,-0.0140376337186446,-0.5101921716568097,1.5,-0.2704424343468359,-0.0140376337186446,-0.5101921716568097
S04,11,RS,High,-0.6361929814727846,-1.2477519015077203,-0.149472136243802,1.5,-0.6361929814727846,-1.2477519015077203,-0.149472136243802
S04,11,RS,Low,-0.6298956647546403,-0.721515296164131,-0.0840441437946208,1.5,-0.6298956647546403,-0.721515296164131,-0.0840441437946208
S04,12,DMT,High,-0.1454379255202295,2.219331493217356,0.158887161246611,2.5,-0.1454379255202295,2.219331493217356,0.1588871612466109
S04,12,DMT,Low,-0.5474890805294529,0.1364000780844223,-0.7426442371274633,2.5,-0.5474890805294529,0.1364000780844222,-0.7426442371274633
S04,12,RS,High,-0.6398296806366071,-1.1613625213826917,0.0948567089686928,2.5,-0.6398296806366071,-1.1613625213826917,0.0948567089686927
S04,12,RS,Low,-0.6295387312170749,-0.6216237945441603,0.9600847905084924,2.5,-0.6295387312170749,-0.6216237945441603,0.9600847905084924
S04,13,DMT,High,0.7455540459367596,1.9425533562768604,0.0989076261718942,3.5,0.7455540459367596,1.9425533562768604,0.0989076261718941
S04,13,DMT,Low,-0.5443848528450568,0.0268769464120587,1.0711498856719457,3.5,-0.5443848528450568,0.0268769464120586,1.0711498856719457
S04,13,RS,High,-0.6332200925068606,-0.8211238676156867,0.3145426177129811,3.5,-0.6332200925068606,-0.8211238676156867,0.3145426177129811
S04,13,RS,Low,-0.3962177437764805,-0.2559921600797167,0.6610366630381845,3.5,-0.3962177437764805,-0.2559921600797167,0.6610366630381845
S04,14,DMT,High,0.0690215096819988,1.801299039598658,-1.5977558176784563,4.5,0.0690215096819987,1.801299039598658,-1.5977558176784563
S04,14,DMT,Low,-0.2143575381216625,-0.1580739157294023,-0.5542007460812449,4.5,-0.2143575381216625,-0.1580739157294023,-0.5542007460812449
S04,14,RS,High,-0.6300077641436284,-0.335529448831664,-0.4414620165190721,4.5,-0.6300077641436284,-0.3355294488316641,-0.4414620165190721
S04,14,RS,Low,0.016530475756192,0.1328018183751865,0.4161994684076677,4.5,0.0165304757561919,0.1328018183751864,0.4161994684076677
S04,15,DMT,High,0.0996039489918986,1.4754479383896957,-0.6344358073934759,5.5,0.0996039489918985,1.4754479383896957,-0.6344358073934759
S04,15,DMT,Low,-0.3986056663365174,-0.3147119699174154,-1.0673612182252104,5.5,-0.3986056663365174,-0.3147119699174154,-1.0673612182252104
S04,15,RS,High,-0.6323215362528621,-0.8744886976679445,-1.477798338915974,5.5,-0.6323215362528621,-0.8744886976679445,-1.477798338915974
S04,15,RS,Low,-0.5011065942080908,-0.699036103090673,0.8018543256234275,5.5,-0.5011065942080908,-0.699036103090673,0.8018543256234275
S04,16,DMT,High,-0.0435570277057867,1.2902913323739282,-0.7393763389778216,6.5,-0.0435570277057867,1.2902913323739282,-0.7393763389778216
S04,16,DMT,Low,-0.4285966897962094,0.026481722121711,-0.139064777607615,6.5,-0.4285966897962094,0.0264817221217109,-0.139064777607615
S04,16,RS,High,-0.6251640649787181,-1.2634659722689976,-1.2359889972409064,6.5,-0.6251640649787181,-1.2634659722689976,-1.2359889972409064
S04,16,RS,Low,-0.6314908669061429,-0.5919422804970155,0.3917925230751534,6.5,-0.6314908669061429,-0.5919422804970155,0.3917925230751534
S04,17,DMT,High,-0.1799105980851428,1.0866742923307873,-1.37380104529668,7.5,-0.1799105980851428,1.0866742923307873,-1.37380104529668
S04,17,DMT,Low,-0.495852676525539,-0.3454803397966999,-0.2412394122253579,7.5,-0.495852676525539,-0.3454803397966999,-0.2412394122253579
S04,17,RS,High,-0.625040033217327,-0.9985826775976936,-0.995027364626928,7.5,-0.625040033217327,-0.9985826775976936,-0.995027364626928
S04,17,RS,Low,-0.6098666935865164,-0.6343167064383342,1.0709412422669815,7.5,-0.6098666935865164,-0.6343167064383342,1.0709412422669815
S04,18,DMT,High,0.0008949433527549,1.0947274956669544,-0.2197961192906523,8.5,0.0008949433527548,1.0947274956669544,-0.2197961192906523
S04,18,DMT,Low,-0.4646323181670163,-0.185313172970389,0.0980128962702177,8.5,-0.4646323181670163,-0.185313172970389,0.0980128962702176
S04,18,RS,High,-0.6219144753844558,-1.060787445617955,-0.7849157963705633,8.5,-0.6219144753844558,-1.060787445617955,-0.7849157963705633
S04,18,RS,Low,-0.6253745144742165,-0.5538529759771403,0.7711562473196115,8.5,-0.6253745144742165,-0.5538529759771403,0.7711562473196115
S06,1,DMT,High,0.8685439140644017,-0.0811587069052787,1.974231170863696,-8.5,0.8685439140644017,-0.0811587069052787,1.974231170863696
S06,1,DMT,Low,2.5715909462357605,1.7307229853315638,1.4505945713108863,-8.5,2.5715909462357605,1.7307229853315638,1.4505945713108863
S06,1,RS,High,-0.8369800281431536,-1.184419839495617,-0.2412734887578706,-8.5,-0.8369800281431536,-1.184419839495617,-0.2412734887578706
S06,1,RS,Low,0.991359133155045,0.0249854813580772,-0.5149012152167284,-8.5,0.991359133155045,0.0249854813580771,-0.5149012152167284
S06,2,DMT,High,1.2565443854658185,0.2882244350055304,1.1978832536559558,-7.5,1.2565443854658185,0.2882244350055303,1.1978832536559558
S06,2,DMT,Low,1.6832963511855634,2.4282072543361743,1.888328484147204,-7.5,1.6832963511855634,2.4282072543361743,1.888328484147204
S06,2,RS,High,-0.8851493321553114,-1.4090462233052534,-0.4173410992811997,-7.5,-0.8851493321553114,-1.4090462233052534,-0.4173410992811997
S06,2,RS,Low,1.5464532512969025,-0.1186102495173578,-0.5685367256252558,-7.5,1.5464532512969025,-0.1186102495173578,-0.5685367256252558
S06,3,DMT,High,2.666975492100833,0.6826984725988283,2.815950718735746,-6.5,2.666975492100833,0.6826984725988282,2.815950718735746
S06,3,DMT,Low,1.6288585489276377,2.387182858431056,-0.7809130976178681,-6.5,1.6288585489276377,2.387182858431056,-0.7809130976178681
S06,3,RS,High,-0.8957642551892796,-1.2499086983732115,0.286732199604219,-6.5,-0.8957642551892796,-1.2499086983732115,0.286732199604219
S06,3,RS,Low,-0.7660115754072659,-0.2610944664452847,-0.5603877236117807,-6.5,-0.7660115754072659,-0.2610944664452848,-0.5603877236117807
S06,4,DMT,High,0.8679645119261183,1.1455692566265854,0.6909629975553869,-5.5,0.8679645119261183,1.1455692566265854,0.6909629975553869
S06,4,DMT,Low,1.883971573226276,1.3157463318595852,-0.1762037394405697,-5.5,1.883971573226276,1.3157463318595852,-0.1762037394405697
S06,4,RS,High,-0.8996999657034347,-1.1881785932079518,0.454377563066024,-5.5,-0.8996999657034347,-1.1881785932079518,0.454377563066024
S06,4,RS,Low,-0.6612109886984977,0.1791012615729326,-0.6295231337830466,-5.5,-0.6612109886984977,0.1791012615729325,-0.6295231337830466
S06,5,DMT,High,0.7506020747303686,0.4373379487417531,1.330781759196645,-4.5,0.7506020747303686,0.437337948741753,1.330781759196645
S06,5,DMT,Low,2.241283268426892,1.0906944450147409,-0.7922511342024365,-4.5,2.241283268426892,1.0906944450147409,-0.7922511342024365
S06,5,RS,High,-0.9036960894420816,-1.463289745395539,-0.1892278841569747,-4.5,-0.9036960894420816,-1.463289745395539,-0.1892278841569747
S06,5,RS,Low,0.6751758466331501,-0.1180524910291185,-0.5405077576909585,-4.5,0.6751758466331501,-0.1180524910291185,-0.5405077576909585
S06,6,DMT,High,1.330760146159782,0.3888810859117426,1.6381442072720718,-3.5,1.330760146159782,0.3888810859117425,1.6381442072720718
S06,6,DMT,Low,1.3257034222095554,-1.8821245344789903,-0.2520147590003656,-3.5,1.3257034222095554,-1.8821245344789903,-0.2520147590003656
S06,6,RS,High,-0.9003372506780635,-1.1959654465318406,-0.0534192123424392,-3.5,-0.9003372506780635,-1.1959654465318406,-0.0534192123424392
S06,6,RS,Low,-0.7916274261408995,0.1180808808556879,-0.9149050209996128,-3.5,-0.7916274261408995,0.1180808808556878,-0.9149050209996128
S06,7,DMT,High,0.3437038459362102,-0.2780994466233101,1.6670284393501391,-2.5,0.3437038459362102,-0.2780994466233101,1.6670284393501391
S06,7,DMT,Low,2.372852873587146,2.415249639471769,-0.4591367663760943,-2.5,2.372852873587146,2.415249639471769,-0.4591367663760943
S06,7,RS,High,-0.8967814416388199,-1.3604803060663524,0.2390416616966198,-2.5,-0.8967814416388199,-1.3604803060663524,0.2390416616966197
S06,7,RS,Low,-0.8788718801621332,0.1311835464874685,-0.8544892783082435,-2.5,-0.8788718801621332,0.1311835464874684,-0.8544892783082435
S06,8,DMT,High,0.4512425389600918,0.3910704472232791,1.7157266531620448,-1.5,0.4512425389600918,0.391070447223279,1.7157266531620448
S06,8,DMT,Low,0.4398838575400426,1.3900481767479202,-0.8633989163166392,-1.5,0.4398838575400426,1.3900481767479202,-0.8633989163166392
S06,8,RS,High,-0.9017446235530044,-1.4836050405118095,0.1347292956869222,-1.5,-0.9017446235530044,-1.4836050405118095,0.1347292956869221
S06,8,RS,Low,-0.789992020699342,0.1880233366320811,-0.7842118793265007,-1.5,-0.789992020699342,0.188023336632081,-0.7842118793265007
S06,9,DMT,High,0.7970757877667893,0.6223663674540039,2.622899103230581,-0.5,0.7970757877667893,0.6223663674540038,2.622899103230581
S06,9,DMT,Low,1.0370776787598044,1.3148227649785236,-1.1381840047953111,-0.5,1.0370776787598044,1.3148227649785236,-1.1381840047953111
S06,9,RS,High,-0.9033098619583478,-1.31303192930861,0.2932871802424152,-0.5,-0.9033098619583478,-1.31303192930861,0.2932871802424152
S06,9,RS,Low,-0.2854291391198593,0.2661979551654011,-0.8669961253608439,-0.5,-0.2854291391198593,0.266197955165401,-0.8669961253608439
S06,10,DMT,High,0.6020162074217824,1.136230632981409,1.5449075066669151,0.5,0.6020162074217824,1.136230632981409,1.5449075066669151
S06,10,DMT,Low,-0.0887792618910685,1.0143064878162569,-1.0303727611149789,0.5,-0.0887792618910685,1.0143064878162569,-1.0303727611149789
S06,10,RS,High,-0.9036925369445108,-1.5778350375831829,0.5949731507449088,0.5,-0.9036925369445108,-1.5778350375831829,0.5949731507449088
S06,10,RS,Low,-0.5583632387274569,-0.0525312756422171,-0.6654310187851991,0.5,-0.5583632387274569,-0.0525312756422171,-0.6654310187851991
S06,11,DMT,High,-0.2400050551592845,0.0968373552353468,-0.3248997686175664,1.5,-0.2400050551592845,0.0968373552353467,-0.3248997686175664
S06,11,DMT,Low,0.6482746470770451,0.7959811969373534,-0.994549882445297,1.5,0.6482746470770451,0.7959811969373533,-0.994549882445297
S06,11,RS,High,-0.8990595146247293,-0.9672837631689596,0.8956248404367768,1.5,-0.8990595146247293,-0.9672837631689596,0.8956248404367768
S06,11,RS,Low,-0.7878482295164755,0.3569071689127904,-0.5833198730936938,1.5,-0.7878482295164755,0.3569071689127903,-0.5833198730936938
S06,12,DMT,High,0.0147725288220549,0.2902330530194536,1.028326074994115,2.5,0.0147725288220549,0.2902330530194535,1.028326074994115
S06,12,DMT,Low,0.1820475358582412,0.6660450156756601,-1.1233800155620333,2.5,0.1820475358582412,0.66604501567566,-1.1233800155620333
S06,12,RS,High,-0.9036968069182552,-1.4846655678382308,0.1367045856385126,2.5,-0.9036968069182552,-1.4846655678382308,0.1367045856385125
S06,12,RS,Low,-0.8226288658748833,-0.3294233106290468,-0.8561748080538525,2.5,-0.8226288658748833,-0.3294233106290468,-0.8561748080538525
S06,13,DMT,High,-0.2416959765631946,0.259358725394918,-0.2532222041097708,3.5,-0.2416959765631946,0.2593587253949179,-0.2532222041097708
S06,13,DMT,Low,0.0690786722798072,0.4986211295642618,-1.17879325749619,3.5,0.0690786722798072,0.4986211295642617,-1.17879325749619
S06,13,RS,High,-0.903704745443788,-1.6183373204373472,0.2545408085647175,3.5,-0.903704745443788,-1.6183373204373472,0.2545408085647175
S06,13,RS,Low,-0.5028218505850213,0.0770206457393862,-0.815491680033792,3.5,-0.5028218505850213,0.0770206457393861,-0.815491680033792
S06,14,DMT,High,-0.3189039261286063,0.3333509544150073,0.0601417065669122,4.5,-0.3189039261286063,0.3333509544150072,0.0601417065669121
S06,14,DMT,Low,-0.3219051119513114,0.8045699112132341,-0.824793190941511,4.5,-0.3219051119513114,0.804569911213234,-0.824793190941511
S06,14,RS,High,-0.9036981103020936,-1.5463538286357024,0.7428156874366976,4.5,-0.9036981103020936,-1.5463538286357024,0.7428156874366976
S06,14,RS,Low,-0.8252409537234818,-0.3540064397280963,-1.2291028410697702,4.5,-0.8252409537234818,-0.3540064397280963,-1.2291028410697702
S06,15,DMT,High,-0.2363347269833959,0.2105752413881622,-0.1155717508621356,5.5,-0.2363347269833959,0.2105752413881621,-0.1155717508621356
S06,15,DMT,Low,-0.6609570530951627,0.2365574660115429,-1.3153477095700223,5.5,-0.6609570530951627,0.2365574660115428,-1.3153477095700223
S06,15,RS,High,-0.9027817311402726,-1.032189212486046,0.5690705821122213,5.5,-0.9027817311402726,-1.032189212486046,0.5690705821122213
S06,15,RS,Low,-0.4031568136237505,-0.0095027432504412,-0.7992175959452338,5.5,-0.4031568136237505,-0.0095027432504412,-0.7992175959452338
S06,16,DMT,High,0.1137664313105269,0.0589025225484515,0.4926693157798251,6.5,0.1137664313105269,0.0589025225484514,0.4926693157798251
S06,16,DMT,Low,-0.0368650733463049,0.3175384931948287,-1.0145599858342478,6.5,-0.0368650733463049,0.3175384931948286,-1.0145599858342478
S06,16,RS,High,-0.9036924088978872,-0.7968677843425841,0.7814106693771626,6.5,-0.9036924088978872,-0.7968677843425842,0.7814106693771626
S06,16,RS,Low,-0.854364316258055,0.2506473773641509,-0.7065260640721686,6.5,-0.854364316258055,0.2506473773641508,-0.7065260640721686
S06,17,DMT,High,-0.4231003966565345,0.2778633982160526,0.5630549886571783,7.5,-0.4231003966565345,0.2778633982160525,0.5630549886571783
S06,17,DMT,Low,-0.6190825532575956,-0.039000822932541,-1.2645581910694148,7.5,-0.6190825532575956,-0.039000822932541,-1.2645581910694148
S06,17,RS,High,-0.9037000975829038,-1.0788911344952088,0.4264022797603478,7.5,-0.9037000975829038,-1.0788911344952088,0.4264022797603478
S06,17,RS,Low,-0.8318776276125653,-0.44324817725674,-1.1372884120842486,7.5,-0.8318776276125653,-0.44324817725674,-1.1372884120842486
S06,18,DMT,High,0.2596125307667242,-0.0235094662511994,1.0213237023342678,8.5,0.2596125307667242,-0.0235094662511994,1.0213237023342678
S06,18,DMT,Low,-0.5559681457143243,0.475425574857056,-1.0724153155687173,8.5,-0.5559681457143243,0.4754255748570559,-1.0724153155687173
S06,18,RS,High,-0.903702814597574,-1.5184634532002597,0.1207688127240182,8.5,-0.903702814597574,-1.5184634532002597,0.1207688127240181
S06,18,RS,Low,0.0337458199796107,0.3658077727833025,-0.7305946820305488,8.5,0.0337458199796107,0.3658077727833024,-0.7305946820305488
S07,1,DMT,High,1.6717112208276768,1.5431892626140944,1.603426662081947,-8.5,1.671711220827677,1.5431892626140946,1.603426662081947
S07,1,DMT,Low,-0.4317042535275955,0.213164211312937,-0.7422473738705979,-8.5,-0.4317042535275956,0.213164211312937,-0.7422473738705979
S07,1,RS,High,0.5082403038070579,-0.4314384185688859,0.6746333939913284,-8.5,0.508240303807058,-0.4314384185688859,0.6746333939913284
S07,1,RS,Low,0.5991566962239742,-0.6586827220096656,-0.3892929697585544,-8.5,0.5991566962239743,-0.6586827220096657,-0.3892929697585544
S07,2,DMT,High,4.80553936428899,2.286143766935284,2.551878292331497,-7.5,4.805539364288991,2.2861437669352846,2.551878292331497
S07,2,DMT,Low,1.6222708218928257,0.8559666852068762,-0.5541524793978847,-7.5,1.622270821892826,0.8559666852068764,-0.5541524793978847
S07,2,RS,High,-0.638032066282611,-0.5634756088767459,0.3370122771826619,-7.5,-0.6380320662826111,-0.563475608876746,0.3370122771826619
S07,2,RS,Low,-0.5358352174092854,-0.7418288663683998,-0.9694803822446534,-7.5,-0.5358352174092855,-0.7418288663684,-0.9694803822446534
S07,3,DMT,High,2.1871763769641976,2.813587675428189,1.2716523372028878,-6.5,2.187176376964198,2.813587675428189,1.2716523372028878
S07,3,DMT,Low,0.1836534576405051,1.2032367323067714,-0.4557110466272252,-6.5,0.183653457640505,1.2032367323067716,-0.4557110466272252
S07,3,RS,High,-0.5481599875601578,-0.4331037047660482,-0.1106576974232523,-6.5,-0.5481599875601579,-0.4331037047660482,-0.1106576974232523
S07,3,RS,Low,-0.0784546096515633,-0.7935166584628783,-0.8017950988472123,-6.5,-0.0784546096515633,-0.7935166584628784,-0.8017950988472123
S07,4,DMT,High,-0.2273958101697233,2.793844012716885,2.1527520451321407,-5.5,-0.2273958101697233,2.7938440127168853,2.1527520451321407
S07,4,DMT,Low,2.2441396388595014,1.5410025865720185,0.1437100130443083,-5.5,2.244139638859502,1.5410025865720187,0.1437100130443082
S07,4,RS,High,-0.2776734311394845,-0.631054829096406,-0.4363812152525105,-5.5,-0.2776734311394846,-0.6310548290964061,-0.4363812152525105
S07,4,RS,Low,-0.2467661537898619,-0.512203413847682,-0.6014852914196114,-5.5,-0.2467661537898619,-0.5122034138476821,-0.6014852914196114
S07,5,DMT,High,0.3363683297424498,2.5902763916513214,3.5248394351519536,-4.5,0.3363683297424498,2.590276391651322,3.5248394351519536
S07,5,DMT,Low,0.3954030891918777,1.7560960641211367,1.075700120720848,-4.5,0.3954030891918777,1.756096064121137,1.075700120720848
S07,5,RS,High,-0.0510879510081765,-0.3781926500164177,-0.0942437539544729,-4.5,-0.0510879510081765,-0.3781926500164178,-0.0942437539544729
S07,5,RS,Low,-0.2522480050506249,-0.620226590595339,-0.973848131124375,-4.5,-0.252248005050625,-0.6202265905953391,-0.973848131124375
S07,6,DMT,High,0.0015802799644688,2.293364226644851,2.6584596338580777,-3.5,0.0015802799644687,2.2933642266448517,2.6584596338580777
S07,6,DMT,Low,0.0102030041256147,1.2230014164163563,0.506349102179042,-3.5,0.0102030041256146,1.2230014164163563,0.506349102179042
S07,6,RS,High,-0.7076280402871905,-0.4767991911709636,-0.2138705114519105,-3.5,-0.7076280402871906,-0.4767991911709636,-0.2138705114519105
S07,6,RS,Low,-0.4445516876615888,-0.8215047047711992,-1.169395462486502,-3.5,-0.4445516876615889,-0.8215047047711993,-1.169395462486502
S07,7,DMT,High,-0.0515194414986064,1.8230975042897053,1.6459984607058276,-2.5,-0.0515194414986064,1.8230975042897053,1.6459984607058276
S07,7,DMT,Low,0.4006391578919914,0.5706156946514517,-0.0592219271936229,-2.5,0.4006391578919914,0.5706156946514518,-0.0592219271936229
S07,7,RS,High,-0.6063381284177399,-0.5383702279975899,-0.2651214875838818,-2.5,-0.60633812841774,-0.53837022799759,-0.2651214875838818
S07,7,RS,Low,0.1345229949984239,-0.7368932659360251,-1.1293346387730936,-2.5,0.1345229949984238,-0.7368932659360252,-1.1293346387730936
S07,8,DMT,High,0.800396343320544,1.2405443123668227,1.6172716621708816,-1.5,0.8003963433205441,1.240544312366823,1.6172716621708816
S07,8,DMT,Low,-0.5549894923866977,0.105231738992488,-0.1491645852202065,-1.5,-0.5549894923866978,0.105231738992488,-0.1491645852202065
S07,8,RS,High,-0.575445421162201,-0.4641831824622555,-0.3006540989611603,-1.5,-0.5754454211622011,-0.4641831824622555,-0.3006540989611603
S07,8,RS,Low,-0.5121090696619431,-0.8175741216138942,-1.0076258803207672,-1.5,-0.5121090696619433,-0.8175741216138943,-1.0076258803207672
S07,9,DMT,High,1.7595300934383755,1.1639452882570296,0.8673885308245196,-0.5,1.7595300934383755,1.1639452882570298,0.8673885308245196
S07,9,DMT,Low,-0.3987052553033138,-0.1734132647811331,-0.3517245893913716,-0.5,-0.3987052553033139,-0.1734132647811331,-0.3517245893913716
S07,9,RS,High,-0.6046944563459853,-0.3865592375042873,-0.2582298275796654,-0.5,-0.6046944563459854,-0.3865592375042873,-0.2582298275796654
S07,9,RS,Low,-0.4939579996600527,-0.8395545285030549,-1.101437688594513,-0.5,-0.4939579996600528,-0.839554528503055,-1.101437688594513
S07,10,DMT,High,1.73403498461171,0.7742515579277658,1.3745694003807976,0.5,1.7340349846117102,0.7742515579277659,1.3745694003807976
S07,10,DMT,Low,0.3864919713364167,-0.2600359817788788,-0.467843385119927,0.5,0.3864919713364167,-0.2600359817788789,-0.467843385119927
S07,10,RS,High,-0.6724872479085747,-0.4587255189427214,-0.3726478527414503,0.5,-0.6724872479085748,-0.4587255189427214,-0.3726478527414503
S07,10,RS,Low,3.2174178771695026,-0.8107244572371107,-1.043426044880498,0.5,3.217417877169503,-0.8107244572371108,-1.043426044880498
S07,11,DMT,High,-0.2357326197032084,0.5272406802529805,0.8969064048537324,1.5,-0.2357326197032085,0.5272406802529807,0.8969064048537324
S07,11,DMT,Low,-0.0709352356313096,0.045015108950306,0.8005924950054142,1.5,-0.0709352356313096,0.045015108950306,0.8005924950054142
S07,11,RS,High,-0.7058232121621411,-0.4464291735557945,-0.4238006942493799,1.5,-0.7058232121621412,-0.4464291735557945,-0.4238006942493799
S07,11,RS,Low,-0.1269931056386347,-0.8141160758175909,-1.010759048531619,1.5,-0.1269931056386347,-0.814116075817591,-1.010759048531619
S07,12,DMT,High,-0.4773931862369918,0.2188874531708291,0.725260155061704,2.5,-0.4773931862369919,0.2188874531708291,0.725260155061704
S07,12,DMT,Low,-0.5269809301201517,-0.27243639096147,0.0255974412280149,2.5,-0.5269809301201518,-0.27243639096147,0.0255974412280148
S07,12,RS,High,-0.6560395985971601,-0.7290813285272894,-0.4528474986176275,2.5,-0.6560395985971602,-0.7290813285272895,-0.4528474986176275
S07,12,RS,Low,-0.367621165441344,-0.8997263215158176,-1.1541660539056766,2.5,-0.3676211654413441,-0.8997263215158177,-1.1541660539056766
S07,13,DMT,High,0.5528471312140215,0.2223945056506009,0.2324710476041828,3.5,0.5528471312140216,0.2223945056506009,0.2324710476041827
S07,13,DMT,Low,0.1018811918033133,-0.3412683121132308,0.3273034966358211,3.5,0.1018811918033132,-0.3412683121132308,0.3273034966358211
S07,13,RS,High,-0.6412245495391262,-0.5677407935275802,-0.4542535357046554,3.5,-0.6412245495391263,-0.5677407935275803,-0.4542535357046554
S07,13,RS,Low,-0.5905270693565873,-0.7821210531597728,-0.9877853833823091,3.5,-0.5905270693565874,-0.7821210531597729,-0.9877853833823091
S07,14,DMT,High,-0.4347288784454372,0.0712133941844055,0.4693124599952492,4.5,-0.4347288784454373,0.0712133941844055,0.4693124599952492
S07,14,DMT,Low,-0.5579047198543039,-0.4942820533318503,-0.2942820777933754,4.5,-0.557904719854304,-0.4942820533318504,-0.2942820777933754
S07,14,RS,High,-0.6896843507433789,-0.2604451489230913,0.7593705859958959,4.5,-0.689684350743379,-0.2604451489230913,0.7593705859958959
S07,14,RS,Low,-0.4337183479314256,-0.9276830595472384,-1.2087330207079334,4.5,-0.4337183479314257,-0.9276830595472384,-1.2087330207079334
S07,15,DMT,High,-0.4863768287746571,0.0620602388002648,0.5899991725994234,5.5,-0.4863768287746572,0.0620602388002648,0.5899991725994234
S07,15,DMT,Low,-0.6625158569717408,-0.7740077828296746,-0.4348876593057785,5.5,-0.6625158569717409,-0.7740077828296748,-0.4348876593057785
S07,15,RS,High,-0.6884705159240019,-0.7818480199410215,-0.9030834097580972,5.5,-0.688470515924002,-0.7818480199410216,-0.9030834097580972
S07,15,RS,Low,-0.6109332214914691,-0.8108927766729565,-0.877234882793812,5.5,-0.6109332214914692,-0.8108927766729566,-0.877234882793812
S07,16,DMT,High,0.5825174148267754,0.0092770463665646,0.6857676845160374,6.5,0.5825174148267755,0.0092770463665646,0.6857676845160374
S07,16,DMT,Low,-0.5311749813544215,-0.7231529479865428,-0.5644991595994172,6.5,-0.5311749813544216,-0.723152947986543,-0.5644991595994172
S07,16,RS,High,-0.7008550381662183,-0.5383867357479423,-0.1608151849205311,6.5,-0.7008550381662184,-0.5383867357479424,-0.1608151849205311
S07,16,RS,Low,-0.64950382902946,-0.9414773403630768,-1.1577760749620651,6.5,-0.6495038290294601,-0.941477340363077,-1.1577760749620651
S07,17,DMT,High,-0.372676837270823,-0.0792525687600706,-0.4051633114932686,7.5,-0.3726768372708231,-0.0792525687600706,-0.4051633114932686
S07,17,DMT,Low,-0.5307090429453901,-0.7410198803782077,-0.1985851653934369,7.5,-0.5307090429453902,-0.7410198803782078,-0.1985851653934369
S07,17,RS,High,-0.6846264459913509,-0.8047258790617512,-0.9931339879099436,7.5,-0.684626445991351,-0.8047258790617513,-0.9931339879099436
S07,17,RS,Low,-0.5694292708089359,-0.6599449611140933,-0.6181789389264895,7.5,-0.569429270808936,-0.6599449611140934,-0.6181789389264895
S07,18,DMT,High,-0.2174957082059972,-0.0059768174063943,-0.0085264381537829,8.5,-0.2174957082059972,-0.0059768174063943,-0.0085264381537829
S07,18,DMT,Low,-0.6922060009404675,-0.6040245050470193,0.104751170071289,8.5,-0.6922060009404676,-0.6040245050470194,0.1047511700712889
S07,18,RS,High,-0.7162708198514444,-0.7029492289404158,-0.4996145410174426,8.5,-0.7162708198514445,-0.7029492289404159,-0.4996145410174426
S07,18,RS,Low,-0.6973866511296557,-0.6955972552504623,-0.7958539931799217,8.5,-0.6973866511296558,-0.6955972552504625,-0.7958539931799217
S16,1,DMT,High,0.3316542567967364,1.0136444557492577,2.3160767889576053,-8.5,0.3316542567967364,1.0136444557492577,2.3160767889576053
S16,1,DMT,Low,0.6362540723525021,-0.5468541579403295,1.179252903409908,-8.5,0.6362540723525021,-0.5468541579403297,1.179252903409908
S16,1,RS,High,-0.6313602080542086,-0.1726469511045583,0.3560293044551367,-8.5,-0.6313602080542086,-0.1726469511045583,0.3560293044551367
S16,1,RS,Low,-0.6442366688834957,-0.6390841598172435,-0.003750796243698,-8.5,-0.6442366688834957,-0.6390841598172436,-0.0037507962436979
S16,2,DMT,High,0.8772058810078593,1.2272998784574527,-0.3621117667595379,-7.5,0.8772058810078593,1.2272998784574527,-0.3621117667595378
S16,2,DMT,Low,3.234801419557514,-1.3434095442398122,0.6024332138309815,-7.5,3.234801419557514,-1.3434095442398122,0.6024332138309816
S16,2,RS,High,-0.6447742107852897,-0.4275757066158329,-0.3767568743251804,-7.5,-0.6447742107852897,-0.4275757066158329,-0.3767568743251803
S16,2,RS,Low,-0.6446972209757722,-0.9667542450207194,-1.4569803486239872,-7.5,-0.6446972209757722,-0.9667542450207196,-1.4569803486239872
S16,3,DMT,High,0.2449147053772595,0.7318692056386445,-0.2406140300691859,-6.5,0.2449147053772594,0.7318692056386444,-0.2406140300691858
S16,3,DMT,Low,2.469574678579189,-0.9778321598512992,-0.1315953973114287,-6.5,2.469574678579189,-0.9778321598512992,-0.1315953973114286
S16,3,RS,High,-0.6333500825301183,-0.3579611097509142,0.4455154354176793,-6.5,-0.6333500825301183,-0.3579611097509143,0.4455154354176793
S16,3,RS,Low,-0.6446797240800013,-1.1169905506736535,-1.479231963823747,-6.5,-0.6446797240800013,-1.1169905506736535,-1.479231963823747
S16,4,DMT,High,0.1176082072408665,1.6625175489789397,0.8441289534602392,-5.5,0.1176082072408664,1.6625175489789397,0.8441289534602393
S16,4,DMT,Low,2.526592288643853,0.3144542377134437,-0.1313691921451319,-5.5,2.526592288643853,0.3144542377134436,-0.1313691921451318
S16,4,RS,High,-0.6443166892295827,-0.3748102821931582,0.0036122569198732,-5.5,-0.6443166892295827,-0.3748102821931582,0.0036122569198732
S16,4,RS,Low,-0.6446938597997902,-1.079683443140822,-1.413940457526207,-5.5,-0.6446938597997902,-1.079683443140822,-1.413940457526207
S16,5,DMT,High,0.3762568437474158,1.7280771805604336,0.8486642050097083,-4.5,0.3762568437474158,1.7280771805604336,0.8486642050097084
S16,5,DMT,Low,2.6244229241952586,0.6952594728963214,-0.2601788527283649,-4.5,2.6244229241952586,0.6952594728963213,-0.2601788527283648
S16,5,RS,High,-0.6389515715279023,-0.1873723073698739,1.379839277026038,-4.5,-0.6389515715279023,-0.1873723073698739,1.379839277026038
S16,5,RS,Low,-0.644701873713189,-1.047648761819497,-1.4808419294274038,-4.5,-0.644701873713189,-1.047648761819497,-1.4808419294274038
S16,6,DMT,High,0.0572763146221162,2.034250629601692,1.5952067118842994,-3.5,0.0572763146221161,2.034250629601692,1.5952067118842994
S16,6,DMT,Low,1.8891622373907164,0.7921328102644215,-0.2459778367616348,-3.5,1.8891622373907164,0.7921328102644214,-0.2459778367616347
S16,6,RS,High,-0.6447526725502972,-0.4998499212758743,0.897967707277909,-3.5,-0.6447526725502972,-0.4998499212758743,0.8979677072779091
S16,6,RS,Low,-0.6446790082349313,-1.0200803464090236,-1.3633125240467032,-3.5,-0.6446790082349313,-1.0200803464090236,-1.3633125240467032
S16,7,DMT,High,-0.1657859216382792,2.1642739538629985,0.8770714734543328,-2.5,-0.1657859216382792,2.1642739538629985,0.8770714734543329
S16,7,DMT,Low,1.2831989755538982,0.2217292702859407,0.2417376388939577,-2.5,1.2831989755538982,0.2217292702859406,0.2417376388939577
S16,7,RS,High,-0.6447599727769051,-0.4294431517896044,0.8047394464865906,-2.5,-0.6447599727769051,-0.4294431517896044,0.8047394464865907
S16,7,RS,Low,-0.6446926007722154,-1.0208742012264365,-1.326813392628763,-2.5,-0.6446926007722154,-1.0208742012264365,-1.326813392628763
S16,8,DMT,High,-0.2873333097462275,2.091680419462969,0.0541001227856066,-1.5,-0.2873333097462275,2.091680419462969,0.0541001227856066
S16,8,DMT,Low,2.780197393031504,-0.3280760860331823,0.4747567570301725,-1.5,2.780197393031504,-0.3280760860331823,0.4747567570301725
S16,8,RS,High,-0.6362308618716935,-0.2043915975211494,1.7776677844061854,-1.5,-0.6362308618716935,-0.2043915975211495,1.7776677844061854
S16,8,RS,Low,-0.639318666659801,-0.9741011769141642,-1.409872203907484,-1.5,-0.639318666659801,-0.9741011769141644,-1.409872203907484
S16,9,DMT,High,0.4117256861169327,1.9992148993503045,0.2898454576037973,-0.5,0.4117256861169327,1.9992148993503045,0.2898454576037974
S16,9,DMT,Low,2.7033769359719897,-0.0536190280541837,0.6196884828589324,-0.5,2.7033769359719897,-0.0536190280541837,0.6196884828589325
S16,9,RS,High,-0.6442783832615795,-0.3471538142156999,1.1452779507059117,-0.5,-0.6442783832615795,-0.3471538142156999,1.1452779507059117
S16,9,RS,Low,-0.6446796724302892,-0.9286346706933258,-1.3567206375317715,-0.5,-0.6446796724302892,-0.928634670693326,-1.3567206375317715
S16,10,DMT,High,0.760861087621352,2.146151681848289,1.4092988211206412,0.5,0.760861087621352,2.146151681848289,1.4092988211206412
S16,10,DMT,Low,0.1891372802155205,-0.1239578598764837,0.3309082518297734,0.5,0.1891372802155204,-0.1239578598764837,0.3309082518297734
S16,10,RS,High,-0.6436561242514652,-0.3335762238221266,0.6334702435415404,0.5,-0.6436561242514652,-0.3335762238221266,0.6334702435415405
S16,10,RS,Low,-0.6362611608112482,-0.9938389476808648,-1.2727613814391248,0.5,-0.6362611608112482,-0.9938389476808648,-1.2727613814391248
S16,11,DMT,High,0.3012395696098377,2.1304559398130327,0.6065059619122338,1.5,0.3012395696098377,2.1304559398130327,0.6065059619122339
S16,11,DMT,Low,0.6941122459991312,-0.3404690038909057,-0.0567488079602458,1.5,0.6941122459991312,-0.3404690038909057,-0.0567488079602457
S16,11,RS,High,-0.641217660877431,-0.3667543635407114,1.0467254315117078,1.5,-0.641217660877431,-0.3667543635407114,1.0467254315117078
S16,11,RS,Low,-0.6446393309179831,-0.958917022819752,-1.2883321148656743,1.5,-0.6446393309179831,-0.958917022819752,-1.2883321148656743
S16,12,DMT,High,0.0119941274047393,1.7147686739462662,-0.3318122077702443,2.5,0.0119941274047392,1.7147686739462662,-0.3318122077702442
S16,12,DMT,Low,-0.4152288814171923,-0.5480679013549073,-0.0627269761615959,2.5,-0.4152288814171923,-0.5480679013549075,-0.0627269761615958
S16,12,RS,High,-0.6447630775669188,-0.2422398883491508,1.5235558366366475,2.5,-0.6447630775669188,-0.2422398883491509,1.5235558366366475
S16,12,RS,Low,-0.6446714840992162,-1.0404286825879117,-1.2835728959523494,2.5,-0.6446714840992162,-1.0404286825879117,-1.2835728959523494
S16,13,DMT,High,0.0062497282194361,1.353802724149771,-0.6776517110538101,3.5,0.006249728219436,1.353802724149771,-0.67765171105381
S16,13,DMT,Low,-0.2609163668860056,-0.5950562567127576,0.0518762872628592,3.5,-0.2609163668860056,-0.5950562567127577,0.0518762872628592
S16,13,RS,High,-0.6447731517580557,-0.3104710247722304,0.8989149942232874,3.5,-0.6447731517580557,-0.3104710247722304,0.8989149942232875
S16,13,RS,Low,-0.6447010888649434,-1.0962691378619116,-1.326577675193133,3.5,-0.6447010888649434,-1.0962691378619116,-1.326577675193133
S16,14,DMT,High,-0.1427065609974144,1.2946554002003512,-0.4755810487597929,4.5,-0.1427065609974144,1.2946554002003512,-0.4755810487597928
S16,14,DMT,Low,1.263254298548233,-0.4420877858822535,-0.2177348443638012,4.5,1.263254298548233,-0.4420877858822535,-0.2177348443638011
S16,14,RS,High,-0.6447668449433251,-0.4277380242442669,0.9338396583281504,4.5,-0.6447668449433251,-0.4277380242442669,0.9338396583281504
S16,14,RS,Low,-0.6446855425665934,-1.0904316564775491,-1.299926323086548,4.5,-0.6446855425665934,-1.0904316564775491,-1.299926323086548
S16,15,DMT,High,-0.2775483177008654,1.2250022668030058,-0.9472547189005838,5.5,-0.2775483177008654,1.2250022668030058,-0.9472547189005835
S16,15,DMT,Low,-0.0858971456700413,0.3202198324610259,-0.1625056874673383,5.5,-0.0858971456700413,0.3202198324610258,-0.1625056874673382
S16,15,RS,High,-0.6447700054125862,-0.3499962479019396,1.0067467157140113,5.5,-0.6447700054125862,-0.3499962479019396,1.0067467157140113
S16,15,RS,Low,-0.6428063487671188,-1.0767776768185726,-1.3480391242650955,5.5,-0.6428063487671188,-1.0767776768185726,-1.3480391242650955
S16,16,DMT,High,-0.2660482926667752,0.7374299765434744,-0.7279382897686635,6.5,-0.2660482926667752,0.7374299765434743,-0.7279382897686634
S16,16,DMT,Low,0.3398229071526751,-0.1801282851863955,-0.4168447264381373,6.5,0.3398229071526751,-0.1801282851863956,-0.4168447264381372
S16,16,RS,High,-0.642482742269308,0.0843561561875356,1.2541807060970034,6.5,-0.642482742269308,0.0843561561875355,1.2541807060970034
S16,16,RS,Low,-0.6405166441724229,-0.9580095752255724,-1.321594755718953,6.5,-0.6405166441724229,-0.9580095752255724,-1.321594755718953
S16,17,DMT,High,0.4093981000654891,1.0117269324453833,0.9381590930090994,7.5,0.4093981000654891,1.0117269324453833,0.9381590930090996
S16,17,DMT,Low,-0.5774693565455298,0.132849049577288,-0.120252441522093,7.5,-0.5774693565455298,0.1328490495772879,-0.1202524415220929
S16,17,RS,High,-0.6434806302869444,-0.2084507560531262,1.1312801177237268,7.5,-0.6434806302869444,-0.2084507560531263,1.1312801177237268
S16,17,RS,Low,-0.644696555210856,-1.0442263816685706,-1.3762312572302258,7.5,-0.644696555210856,-1.0442263816685706,-1.3762312572302258
S16,18,DMT,High,-0.3731292388795721,0.5589671069706887,-0.8480481348132808,8.5,-0.3731292388795721,0.5589671069706886,-0.8480481348132807
S16,18,DMT,Low,-0.5467548896926915,-0.3829486103923867,-0.1430812760821341,8.5,-0.5467548896926915,-0.3829486103923867,-0.143081276082134
S16,18,RS,High,-0.6447647941003843,-0.1808704318788271,1.523569540848186,8.5,-0.6447647941003843,-0.1808704318788271,1.523569540848186
S16,18,RS,Low,-0.6446667481675675,-1.0502305850993994,-1.2973589289606793,8.5,-0.6446667481675675,-1.0502305850993994,-1.2973589289606793
S18,1,DMT,High,0.9412588352484073,2.1426227809199783,-0.5009168052372789,-8.5,0.9412588352484073,2.1426227809199787,-0.500916805237279
S18,1,DMT,Low,1.531339621563933,0.5004827380270143,-0.3312900018607646,-8.5,1.531339621563933,0.5004827380270144,-0.3312900018607647
S18,1,RS,High,-0.3622283965056763,-1.1196404493625307,-0.1518027515528087,-8.5,-0.3622283965056763,-1.119640449362531,-0.1518027515528087
S18,1,RS,Low,-0.2813482192570803,-0.1320382293408923,-0.8682736630355754,-8.5,-0.2813482192570803,-0.1320382293408923,-0.8682736630355755
S18,2,DMT,High,0.4679003970485352,1.1323244489607018,-1.4245885569441328,-7.5,0.4679003970485352,1.132324448960702,-1.424588556944133
S18,2,DMT,Low,6.91990253649133,2.8328078737488696,-0.7279583051703586,-7.5,6.91990253649133,2.83280787374887,-0.7279583051703588
S18,2,RS,High,-0.3906968373496079,-0.9492720300411964,-0.1199368127936456,-7.5,-0.3906968373496079,-0.9492720300411964,-0.1199368127936456
S18,2,RS,Low,-0.3893197478229195,0.2243232176989595,-0.7295471297055147,-7.5,-0.3893197478229195,0.2243232176989595,-0.7295471297055148
S18,3,DMT,High,1.232463345543999,1.608903373046806,0.710718995375554,-6.5,1.232463345543999,1.6089033730468063,0.7107189953755542
S18,3,DMT,Low,2.6070283111982926,3.0936758044890325,-1.670779365688905,-6.5,2.6070283111982926,3.093675804489033,-1.6707793656889052
S18,3,RS,High,-0.3726689952525361,-0.3767614428432547,0.1384536852074453,-6.5,-0.3726689952525361,-0.3767614428432547,0.1384536852074453
S18,3,RS,Low,-0.288261755656173,-0.1073748023118861,-0.6725236570816018,-6.5,-0.288261755656173,-0.1073748023118861,-0.6725236570816019
S18,4,DMT,High,0.3269997147361581,2.74508203431535,0.8752153138746225,-5.5,0.3269997147361581,2.7450820343153506,0.8752153138746226
S18,4,DMT,Low,0.7437191843097793,2.6576661807331434,-1.166168418536956,-5.5,0.7437191843097793,2.657666180733144,-1.1661684185369563
S18,4,RS,High,-0.3867201548749696,-0.8013793446541078,0.2582954734875986,-5.5,-0.3867201548749696,-0.8013793446541079,0.2582954734875987
S18,4,RS,Low,-0.3844260151922117,0.3604570540159553,-0.5931397171615156,-5.5,-0.3844260151922117,0.3604570540159553,-0.5931397171615157
S18,5,DMT,High,0.5885646552879382,2.353380435731364,0.9304445772172112,-4.5,0.5885646552879382,2.3533804357313644,0.9304445772172112
S18,5,DMT,Low,0.0626276337258275,0.6771537881373633,-1.3196625298670075,-4.5,0.0626276337258274,0.6771537881373634,-1.3196625298670075
S18,5,RS,High,-0.3929913775983852,-0.7608911960300496,0.4643374564505709,-4.5,-0.3929913775983852,-0.7608911960300497,0.4643374564505709
S18,5,RS,Low,-0.3995526760276929,0.1423553781525569,-0.5574200521014383,-4.5,-0.3995526760276929,0.1423553781525569,-0.5574200521014384
S18,6,DMT,High,0.3611665115979748,1.5326163320009667,0.7455161184948906,-3.5,0.3611665115979748,1.532616332000967,0.7455161184948907
S18,6,DMT,Low,0.2732269526156111,0.3664308932143982,-1.2398940478751614,-3.5,0.2732269526156111,0.3664308932143982,-1.2398940478751617
S18,6,RS,High,-0.3884430028337355,-0.8207113214740033,0.3658301934007877,-3.5,-0.3884430028337355,-0.8207113214740034,0.3658301934007877
S18,6,RS,Low,-0.379991630268462,-0.1325608384220518,-0.5478869061763973,-3.5,-0.379991630268462,-0.1325608384220518,-0.5478869061763975
S18,7,DMT,High,0.9440793082047544,0.9931715806627868,1.247600121261562,-2.5,0.9440793082047544,0.9931715806627868,1.2476001212615622
S18,7,DMT,Low,-0.0471162195711065,0.4948268261046969,-1.046752166159148,-2.5,-0.0471162195711065,0.4948268261046969,-1.046752166159148
S18,7,RS,High,-0.3858045429513386,-0.6402328854630209,0.6647382827856553,-2.5,-0.3858045429513386,-0.640232885463021,0.6647382827856554
S18,7,RS,Low,-0.4003574528998605,0.4847536257093669,-0.757165161494836,-2.5,-0.4003574528998605,0.484753625709367,-0.7571651614948361
S18,8,DMT,High,0.5044308926507285,0.4923702726643933,1.3936865588892928,-1.5,0.5044308926507285,0.4923702726643933,1.393686558889293
S18,8,DMT,Low,-0.4053314257937341,-0.0778492699589557,-1.1579318335384197,-1.5,-0.4053314257937341,-0.0778492699589557,-1.15793183353842
S18,8,RS,High,-0.3462193607485311,-0.2812235247936817,0.707269954836207,-1.5,-0.3462193607485311,-0.2812235247936817,0.7072699548362071
S18,8,RS,Low,-0.4066611362006609,0.006497408610363,-0.6389608080343268,-1.5,-0.4066611362006609,0.006497408610363,-0.6389608080343269
S18,9,DMT,High,-0.1157796317703018,0.2607876823524558,0.8950672076079533,-0.5,-0.1157796317703018,0.2607876823524558,0.8950672076079534
S18,9,DMT,Low,-0.3575795531164658,-0.405085216610529,-1.0874518832066258,-0.5,-0.3575795531164658,-0.405085216610529,-1.087451883206626
S18,9,RS,High,-0.378987148733429,-0.7302801511736894,0.8296550610705574,-0.5,-0.378987148733429,-0.7302801511736895,0.8296550610705575
S18,9,RS,Low,-0.4024150263029464,0.0848435435205061,-0.5084433273064852,-0.5,-0.4024150263029464,0.0848435435205061,-0.5084433273064853
S18,10,DMT,High,0.111372980009276,-0.0743224344169931,1.3319481154729076,0.5,0.1113729800092759,-0.0743224344169931,1.3319481154729078
S18,10,DMT,Low,-0.3918392882252072,-0.4939961052581434,-0.9958330499581636,0.5,-0.3918392882252072,-0.4939961052581434,-0.9958330499581636
S18,10,RS,High,-0.4070554279135423,-1.0038137961385107,0.5608560452847152,0.5,-0.4070554279135423,-1.003813796138511,0.5608560452847153
S18,10,RS,Low,-0.3957270384746053,0.0243895896807318,-0.746647713899024,0.5,-0.3957270384746053,0.0243895896807318,-0.7466477138990241
S18,11,DMT,High,1.1499574316423145,-0.094321123112052,1.5705857461539,1.5,1.1499574316423145,-0.094321123112052,1.5705857461539
S18,11,DMT,Low,-0.40655832925248,-0.4511635368286691,-0.9071288717919148,1.5,-0.40655832925248,-0.4511635368286691,-0.9071288717919148
S18,11,RS,High,-0.3923086002793232,-0.9940774588223786,0.7109720446821225,1.5,-0.3923086002793232,-0.9940774588223787,0.7109720446821226
S18,11,RS,Low,-0.402309013408239,0.1305273447802452,-0.629584892057761,1.5,-0.402309013408239,0.1305273447802452,-0.6295848920577611
S18,12,DMT,High,-0.1710600294217383,-0.3283210861519429,1.4053737729524702,2.5,-0.1710600294217383,-0.3283210861519429,1.4053737729524705
S18,12,DMT,Low,-0.3997373111288462,-0.6930927327033614,-1.03817260696798,2.5,-0.3997373111288462,-0.6930927327033615,-1.0381726069679802
S18,12,RS,High,-0.3989240209398142,-0.9364446797438902,0.7895679871918201,2.5,-0.3989240209398142,-0.9364446797438905,0.7895679871918202
S18,12,RS,Low,-0.3976686720857331,-0.0292970196809057,-0.7001775690132614,2.5,-0.3976686720857331,-0.0292970196809056,-0.7001775690132616
S18,13,DMT,High,-0.2804832819683842,-0.7140133154866396,1.7706027570147609,3.5,-0.2804832819683842,-0.7140133154866397,1.770602757014761
S18,13,DMT,Low,-0.4001411049149505,-0.8646308192752392,-0.9959845172783404,3.5,-0.4001411049149505,-0.8646308192752393,-0.9959845172783404
S18,13,RS,High,-0.4057635787227612,-0.6914456004854419,0.8489584487898704,3.5,-0.4057635787227612,-0.691445600485442,0.8489584487898705
S18,13,RS,Low,-0.3961058423938667,0.1304113961389629,-0.7290646801346096,3.5,-0.3961058423938667,0.1304113961389629,-0.7290646801346097
S18,14,DMT,High,0.2235537641657519,-0.6656914021379706,1.5964178016150616,4.5,0.2235537641657519,-0.6656914021379707,1.596417801615062
S18,14,DMT,Low,-0.3960057146284125,-0.617574328578788,-0.9468335709773,4.5,-0.3960057146284125,-0.6175743285787881,-0.9468335709773
S18,14,RS,High,-0.407028854446644,-1.0962114731677473,0.8069233682042068,4.5,-0.407028854446644,-1.0962114731677477,0.806923368204207
S18,14,RS,Low,-0.3953724740647436,-0.0765171152370396,-0.7333262151389702,4.5,-0.3953724740647436,-0.0765171152370396,-0.7333262151389703
S18,15,DMT,High,-0.2340426407311173,-0.6477187004018444,1.914272677680727,5.5,-0.2340426407311173,-0.6477187004018445,1.9142726776807275
S18,15,DMT,Low,-0.4016949255963526,-0.6645098462762886,-0.9443095772949924,5.5,-0.4016949255963526,-0.6645098462762887,-0.9443095772949924
S18,15,RS,High,-0.3949518761743568,-1.069796997047073,0.6231000186949237,5.5,-0.3949518761743568,-1.069796997047073,0.6231000186949238
S18,15,RS,Low,-0.4056807676645374,-0.1820223646226518,-0.6568986446730044,5.5,-0.4056807676645374,-0.1820223646226518,-0.6568986446730045
S18,16,DMT,High,0.4893981134357411,-0.4471634579673057,1.7201253469100086,6.5,0.4893981134357411,-0.4471634579673058,1.7201253469100088
S18,16,DMT,Low,-0.4070313411127112,-0.6600183961498071,-0.9128126240364158,6.5,-0.4070313411127112,-0.6600183961498072,-0.912812624036416
S18,16,RS,High,-0.4070113680640685,-0.7469670844052981,0.8782063714299463,6.5,-0.4070113680640685,-0.7469670844052982,0.8782063714299464
S18,16,RS,Low,-0.3681826554887606,0.0948197165431624,-0.6218517345653214,6.5,-0.3681826554887606,0.0948197165431624,-0.6218517345653215
S18,17,DMT,High,-0.1809061165683163,-0.5273761675209429,1.9253040990100505,7.5,-0.1809061165683163,-0.527376167520943,1.9253040990100507
S18,17,DMT,Low,-0.4071081811172822,-0.8432517511861166,-0.9847755852603728,7.5,-0.4071081811172822,-0.8432517511861167,-0.9847755852603728
S18,17,RS,High,-0.4031409884689354,-0.8097170624475951,0.9991027130753992,7.5,-0.4031409884689354,-0.8097170624475952,0.9991027130753992
S18,17,RS,Low,-0.3634887185534963,0.105264077334974,-0.682728498936655,7.5,-0.3634887185534963,0.105264077334974,-0.6827284989366551
S18,18,DMT,High,-0.2136051549429298,-0.7673125972173983,1.9111744473734305,8.5,-0.2136051549429298,-0.7673125972173984,1.911174447373431
S18,18,DMT,Low,-0.4037098901118511,-0.6866359239058818,-0.9367487740685948,8.5,-0.4037098901118511,-0.6866359239058819,-0.9367487740685948
S18,18,RS,High,-0.3883058754997073,-0.6825644604853988,0.870467801044517,8.5,-0.3883058754997073,-0.6825644604853989,0.8704678010445172
S18,18,RS,Low,-0.3931408003848127,0.2223441420440619,-0.4794155359591611,8.5,-0.3931408003848127,0.2223441420440619,-0.4794155359591611
S19,1,DMT,High,0.3201018825169027,0.6331745538578659,-0.197661691504227,-8.5,0.3201018825169027,0.6331745538578659,-0.197661691504227
S19,1,DMT,Low,-0.1375892545919125,-0.2931731535456973,-0.4890530576100885,-8.5,-0.1375892545919125,-0.2931731535456973,-0.4890530576100885
S19,1,RS,High,-0.4953632768523344,-0.5483401777316227,-0.1239322119417861,-8.5,-0.4953632768523344,-0.5483401777316227,-0.123932211941786
S19,1,RS,Low,-0.5044433352152263,-0.8832054767567339,-0.8956379433423344,-8.5,-0.5044433352152263,-0.8832054767567339,-0.8956379433423344
S19,2,DMT,High,2.2319368699175657,0.7693061109899939,-0.1319863596864028,-7.5,2.2319368699175657,0.7693061109899939,-0.1319863596864028
S19,2,DMT,Low,0.1071347579638597,-0.1028354181471354,-0.550328956861166,-7.5,0.1071347579638597,-0.1028354181471354,-0.550328956861166
S19,2,RS,High,-0.2960278685132716,-0.2748157801607863,0.079917635045536,-7.5,-0.2960278685132716,-0.2748157801607863,0.079917635045536
S19,2,RS,Low,-0.509907102448483,-0.984225754075316,-0.8445494193520212,-7.5,-0.509907102448483,-0.984225754075316,-0.8445494193520212
S19,3,DMT,High,0.2079619645034226,1.0087933425275182,0.0172128225634221,-6.5,0.2079619645034226,1.0087933425275182,0.0172128225634221
S19,3,DMT,Low,0.2594982307147098,-0.0990847399968694,-0.4286083810644612,-6.5,0.2594982307147098,-0.0990847399968694,-0.4286083810644612
S19,3,RS,High,-0.4970521685597829,-0.3690221859784267,0.0610096134848917,-6.5,-0.4970521685597829,-0.3690221859784267,0.0610096134848917
S19,3,RS,Low,-0.5122727713269347,-0.9129429031784806,-0.800231581571413,-6.5,-0.5122727713269347,-0.9129429031784806,-0.800231581571413
S19,4,DMT,High,0.0500120830503098,1.790785658426767,0.2876066580750699,-5.5,0.0500120830503098,1.790785658426767,0.2876066580750699
S19,4,DMT,Low,-0.01241687222408,0.2024444247760192,-0.6483225556830882,-5.5,-0.01241687222408,0.2024444247760192,-0.6483225556830882
S19,4,RS,High,-0.5001718869295705,-0.4068787788504983,0.3206623120260497,-5.5,-0.5001718869295705,-0.4068787788504983,0.3206623120260497
S19,4,RS,Low,-0.5268937499428218,-0.7710802573031781,-0.8475217657717822,-5.5,-0.5268937499428218,-0.7710802573031781,-0.8475217657717822
S19,5,DMT,High,2.045479882223354,2.8291856341317976,1.1933419144832478,-4.5,2.045479882223354,2.8291856341317976,1.1933419144832478
S19,5,DMT,Low,-0.1565668375303816,0.0437938502828185,-0.6076758742889856,-4.5,-0.1565668375303816,0.0437938502828185,-0.6076758742889856
S19,5,RS,High,-0.4808940849056589,-0.2648603410573149,-0.0976844467830647,-4.5,-0.4808940849056589,-0.2648603410573149,-0.0976844467830646
S19,5,RS,Low,-0.5220920782825904,-0.8149454774599176,-0.6956894336505106,-4.5,-0.5220920782825904,-0.8149454774599176,-0.6956894336505106
S19,6,DMT,High,1.7024535693928249,2.719167760591388,0.4424691225476979,-3.5,1.7024535693928249,2.719167760591388,0.4424691225476979
S19,6,DMT,Low,-0.2058527847264731,0.3142291701971768,-0.9529199774002396,-3.5,-0.2058527847264731,0.3142291701971768,-0.9529199774002396
S19,6,RS,High,-0.49847063524245,-0.4820116513709021,0.1973789279703937,-3.5,-0.49847063524245,-0.4820116513709021,0.1973789279703937
S19,6,RS,Low,-0.5186427948922531,-0.7480930908121654,-0.6353060365245518,-3.5,-0.5186427948922531,-0.7480930908121654,-0.6353060365245518
S19,7,DMT,High,0.4287123777226543,2.4702015593033506,0.6777042465711534,-2.5,0.4287123777226543,2.4702015593033506,0.6777042465711534
S19,7,DMT,Low,-0.2936901890270607,0.5293359958444732,-1.0031949454486466,-2.5,-0.2936901890270607,0.5293359958444732,-1.0031949454486466
S19,7,RS,High,-0.5160555730090558,-0.5399304095966195,-0.10654530333611,-2.5,-0.5160555730090558,-0.5399304095966195,-0.1065453033361099
S19,7,RS,Low,-0.5249498349580345,-0.8735252698146123,-0.6594267999955513,-2.5,-0.5249498349580345,-0.8735252698146123,-0.6594267999955513
S19,8,DMT,High,0.7352027946935479,2.099707390723916,0.7036951753175458,-1.5,0.7352027946935479,2.099707390723916,0.7036951753175458
S19,8,DMT,Low,-0.3867563486929769,0.1859979252038823,-0.901981250712654,-1.5,-0.3867563486929769,0.1859979252038823,-0.901981250712654
S19,8,RS,High,-0.5144590616795871,-0.553722959834288,0.1267063565005106,-1.5,-0.5144590616795871,-0.553722959834288,0.1267063565005106
S19,8,RS,Low,-0.5282285695370311,-0.7973154930895352,-0.7233555633394285,-1.5,-0.5282285695370311,-0.7973154930895352,-0.7233555633394285
S19,9,DMT,High,3.707511999499488,2.1153857767909505,0.9644712089902006,-0.5,3.707511999499488,2.1153857767909505,0.9644712089902006
S19,9,DMT,Low,-0.4007477393787495,-0.3797359393911957,-0.8883272893171975,-0.5,-0.4007477393787495,-0.3797359393911957,-0.8883272893171975
S19,9,RS,High,-0.5139650876403715,-0.5620819617136839,-0.094186764148544,-0.5,-0.5139650876403715,-0.5620819617136839,-0.0941867641485439
S19,9,RS,Low,-0.5235542595716237,-0.7918029479400012,-0.6978490557983259,-0.5,-0.5235542595716237,-0.7918029479400012,-0.6978490557983259
S19,10,DMT,High,3.021670690670766,1.7360446094909108,1.7757748911652973,0.5,3.021670690670766,1.7360446094909108,1.7757748911652973
S19,10,DMT,Low,-0.4566875046362502,-0.4801529316127554,-0.7128305249531464,0.5,-0.4566875046362502,-0.4801529316127554,-0.7128305249531464
S19,10,RS,High,-0.4928871054239938,-0.337394178354229,0.2442332753795722,0.5,-0.4928871054239938,-0.337394178354229,0.2442332753795722
S19,10,RS,Low,-0.5279238612302958,-0.7948392449765921,-0.7255581065853247,0.5,-0.5279238612302958,-0.7948392449765921,-0.7255581065853247
S19,11,DMT,High,2.6628946653754886,1.7663622443851823,1.2250059497736294,1.5,2.6628946653754886,1.7663622443851823,1.2250059497736294
S19,11,DMT,Low,-0.4460350389365883,-0.3834721150286104,-0.706640663503537,1.5,-0.4460350389365883,-0.3834721150286104,-0.706640663503537
S19,11,RS,High,-0.5132114037091607,-0.2841411806503269,0.1855103088012436,1.5,-0.5132114037091607,-0.2841411806503269,0.1855103088012436
S19,11,RS,Low,-0.5264760716435273,-0.8240056785679284,-0.6568742072066196,1.5,-0.5264760716435273,-0.8240056785679284,-0.6568742072066196
S19,12,DMT,High,0.147104176337752,1.7095750977983537,2.152164169633008,2.5,0.147104176337752,1.7095750977983537,2.152164169633008
S19,12,DMT,Low,-0.4833940467825585,-0.3113130523747408,-0.6629578660858996,2.5,-0.4833940467825585,-0.3113130523747408,-0.6629578660858996
S19,12,RS,High,-0.5185071356296478,-0.3519804016731261,-0.141406955054111,2.5,-0.5185071356296478,-0.3519804016731261,-0.141406955054111
S19,12,RS,Low,-0.5227439943462314,-0.7941363239989673,-0.7977631635949552,2.5,-0.5227439943462314,-0.7941363239989673,-0.7977631635949552
S19,13,DMT,High,0.8674183247353427,1.4121512538684051,3.641396351179473,3.5,0.8674183247353427,1.4121512538684051,3.641396351179473
S19,13,DMT,Low,-0.4331367752708799,-0.4360960689451508,-0.5781354311032009,3.5,-0.4331367752708799,-0.4360960689451508,-0.5781354311032009
S19,13,RS,High,-0.50918407876771,-0.3890307814732178,0.4117301371593292,3.5,-0.50918407876771,-0.3890307814732178,0.4117301371593292
S19,13,RS,Low,-0.5225348928883473,-0.7430614068000324,-0.8256424363877628,3.5,-0.5225348928883473,-0.7430614068000324,-0.8256424363877628
S19,14,DMT,High,3.66927237735973,1.2011557180687698,2.644883437530299,4.5,3.66927237735973,1.2011557180687698,2.644883437530299
S19,14,DMT,Low,-0.3199364057979995,-0.743020911109212,-0.7043930025372899,4.5,-0.3199364057979995,-0.743020911109212,-0.7043930025372899
S19,14,RS,High,-0.5144903469028047,-0.4966942212132866,0.188741543876857,4.5,-0.5144903469028047,-0.4966942212132866,0.188741543876857
S19,14,RS,Low,-0.5284654372945584,-0.7975052675093177,-0.7300719087572396,4.5,-0.5284654372945584,-0.7975052675093177,-0.7300719087572396
S19,15,DMT,High,1.2655723549090532,1.1307152896068722,2.81240314277135,5.5,1.2655723549090532,1.1307152896068722,2.81240314277135
S19,15,DMT,Low,-0.5069499221478739,-0.91992993989147,-0.6105068680049994,5.5,-0.5069499221478739,-0.91992993989147,-0.6105068680049994
S19,15,RS,High,-0.5234206445532653,-0.5021389944900884,0.5898797338370021,5.5,-0.5234206445532653,-0.5021389944900884,0.5898797338370021
S19,15,RS,Low,-0.5283808695130767,-0.7978392438060319,-0.7458432358211144,5.5,-0.5283808695130767,-0.7978392438060319,-0.7458432358211144
S19,16,DMT,High,0.5708851383176704,0.8837581851894503,1.8782318451002973,6.5,0.5708851383176704,0.8837581851894503,1.8782318451002973
S19,16,DMT,Low,-0.509831711298042,-0.9443723478380528,-0.5444371456339927,6.5,-0.509831711298042,-0.9443723478380528,-0.5444371456339927
S19,16,RS,High,-0.5255944465719325,-0.4875187217974591,0.2175878914433564,6.5,-0.5255944465719325,-0.4875187217974591,0.2175878914433564
S19,16,RS,Low,-0.5187378553117881,-0.6350211425055956,-0.9197957954628306,6.5,-0.5187378553117881,-0.6350211425055956,-0.9197957954628306
S19,17,DMT,High,0.0167050377013192,0.6236419883904303,1.6783874118692406,7.5,0.0167050377013192,0.6236419883904303,1.6783874118692406
S19,17,DMT,Low,-0.4972182362558288,-0.9404765091947968,-0.56500002310004,7.5,-0.4972182362558288,-0.9404765091947968,-0.56500002310004
S19,17,RS,High,-0.5053969511890415,-0.4218252351165722,0.1551465592468352,7.5,-0.5053969511890415,-0.4218252351165722,0.1551465592468352
S19,17,RS,Low,-0.5268123065723258,-0.53607956207216,-0.8369906691728844,7.5,-0.5268123065723258,-0.53607956207216,-0.8369906691728844
S19,18,DMT,High,0.090065739200975,0.5870056604932241,1.70397691244026,8.5,0.090065739200975,0.5870056604932241,1.70397691244026
S19,18,DMT,Low,-0.5248158907539467,-0.9086699362248069,-0.67874100836478,8.5,-0.5248158907539467,-0.9086699362248069,-0.67874100836478
S19,18,RS,High,-0.5195541166210507,-0.4014044321871005,0.4037238479953981,8.5,-0.5195541166210507,-0.4014044321871005,0.4037238479953981
S19,18,RS,Low,-0.5282037010792958,-0.6461692037229076,-0.8153877263158573,8.5,-0.5282037010792958,-0.6461692037229076,-0.8153877263158573
S20,1,DMT,High,2.19343908133306,1.624639144676245,-0.9447068289223006,-8.5,2.19343908133306,1.624639144676245,-0.9447068289223004
S20,1,DMT,Low,-0.0248328384528827,-0.1940600828993449,-2.098703039216212,-8.5,-0.0248328384528827,-0.1940600828993449,-2.098703039216212
S20,1,RS,High,-0.5149850696574143,-0.2182416659635268,0.6439504141712997,-8.5,-0.5149850696574143,-0.2182416659635268,0.6439504141712996
S20,1,RS,Low,-0.4937144605444759,-1.0068270477462204,0.3816386434452279,-8.5,-0.4937144605444759,-1.0068270477462204,0.3816386434452278
S20,2,DMT,High,0.3861222214788869,1.890216179993249,1.0697275986557235,-7.5,0.3861222214788869,1.890216179993249,1.0697275986557233
S20,2,DMT,Low,0.011730685365054,1.7688703822187533,-2.0774993372738018,-7.5,0.011730685365054,1.7688703822187533,-2.0774993372738013
S20,2,RS,High,-0.5048072238432061,-0.4540945650704144,0.3781113348608265,-7.5,-0.5048072238432061,-0.4540945650704144,0.3781113348608264
S20,2,RS,Low,-0.5005493158310842,-1.137547698960445,-0.2029763219897471,-7.5,-0.5005493158310842,-1.137547698960445,-0.202976321989747
S20,3,DMT,High,1.7148634056074004,0.6784410367322387,0.9177329357383058,-6.5,1.7148634056074004,0.6784410367322387,0.9177329357383056
S20,3,DMT,Low,1.0823935450654727,3.141943208534648,-2.575851795890706,-6.5,1.0823935450654727,3.141943208534648,-2.575851795890705
S20,3,RS,High,-0.5047906610631725,-0.4230594844437947,0.3122911318515198,-6.5,-0.5047906610631725,-0.4230594844437947,0.3122911318515197
S20,3,RS,Low,-0.4914602386388574,-1.0175847954546666,-0.3569458828624822,-6.5,-0.4914602386388574,-1.0175847954546666,-0.3569458828624821
S20,4,DMT,High,2.1292007282018326,0.9441408470077703,-1.2185310737762438,-5.5,2.1292007282018326,0.9441408470077703,-1.2185310737762436
S20,4,DMT,Low,0.684678735791456,0.8555011528887969,-0.4769745376459798,-5.5,0.684678735791456,0.8555011528887969,-0.4769745376459797
S20,4,RS,High,-0.511749567120305,-0.375437239934533,0.1661882740447368,-5.5,-0.511749567120305,-0.375437239934533,0.1661882740447367
S20,4,RS,Low,-0.4881564329038024,-1.0322329472385818,-0.3964483811645474,-5.5,-0.4881564329038024,-1.0322329472385818,-0.3964483811645473
S20,5,DMT,High,3.392530369453267,2.593531211590855,0.8196173148112468,-4.5,3.392530369453267,2.593531211590855,0.8196173148112466
S20,5,DMT,Low,-0.3759056458914159,0.2299661605459969,-0.6841476911768214,-4.5,-0.3759056458914159,0.2299661605459968,-0.6841476911768213
S20,5,RS,High,-0.5067343867577468,-0.2749478201195999,-0.6581278299583151,-4.5,-0.5067343867577468,-0.2749478201195999,-0.658127829958315
S20,5,RS,Low,-0.4847400670671344,-1.0670462817430222,-0.4839616019457463,-4.5,-0.4847400670671344,-1.0670462817430222,-0.4839616019457461
S20,6,DMT,High,0.8644556605959174,2.93060691469066,-2.0492018138801047,-3.5,0.8644556605959174,2.93060691469066,-2.0492018138801043
S20,6,DMT,Low,-0.2064570433257355,-0.0813099408463396,-0.506772689607509,-3.5,-0.2064570433257355,-0.0813099408463396,-0.5067726896075089
S20,6,RS,High,-0.5107892708531927,-0.1508627241142335,0.390564460574777,-3.5,-0.5107892708531927,-0.1508627241142335,0.3905644605747769
S20,6,RS,Low,-0.4777776882632111,-0.983287392890444,-0.3698855601858133,-3.5,-0.4777776882632111,-0.983287392890444,-0.3698855601858132
S20,7,DMT,High,1.8633289437626788,1.189679766131505,1.052827764279294,-2.5,1.8633289437626788,1.189679766131505,1.0528277642792938
S20,7,DMT,Low,-0.4099192382716928,0.1406215484635432,-0.6657832810706134,-2.5,-0.4099192382716928,0.1406215484635431,-0.6657832810706132
S20,7,RS,High,-0.5158183570908697,-0.0910725003163458,0.0810778200484843,-2.5,-0.5158183570908697,-0.0910725003163458,0.0810778200484842
S20,7,RS,Low,-0.4946585976879834,-0.912396675894274,-0.5934637900818559,-2.5,-0.4946585976879834,-0.912396675894274,-0.5934637900818558
S20,8,DMT,High,0.6191086376254405,0.8596307958077045,2.190438619217868,-1.5,0.6191086376254405,0.8596307958077045,2.1904386192178675
S20,8,DMT,Low,-0.3286990347529971,-0.1358829406950917,-0.1231539425701591,-1.5,-0.3286990347529971,-0.1358829406950917,-0.123153942570159
S20,8,RS,High,-0.5170481707717569,-0.1615058999996321,0.1803105145476294,-1.5,-0.5170481707717569,-0.1615058999996321,0.1803105145476293
S20,8,RS,Low,-0.5078990427996565,-0.9652747354212056,-0.3595048337952462,-1.5,-0.5078990427996565,-0.9652747354212056,-0.3595048337952461
S20,9,DMT,High,1.3998645342474758,1.4659144258940664,2.4342686790812604,-0.5,1.3998645342474758,1.4659144258940664,2.43426867908126
S20,9,DMT,Low,-0.4175937611211802,-0.4102598152515003,-0.4922569788188526,-0.5,-0.4175937611211802,-0.4102598152515003,-0.4922569788188525
S20,9,RS,High,-0.5146047577091963,-0.2705729264335395,-0.1003270495851971,-0.5,-0.5146047577091963,-0.2705729264335395,-0.100327049585197
S20,9,RS,Low,-0.511294029588356,-0.8808606185898149,-0.5971522223611504,-0.5,-0.511294029588356,-0.8808606185898149,-0.5971522223611503
S20,10,DMT,High,0.8175335453380344,1.5331096101447146,1.6829587928570306,0.5,0.8175335453380344,1.5331096101447146,1.6829587928570302
S20,10,DMT,Low,-0.4872895977029348,-0.2669987370350002,-0.3856665982922527,0.5,-0.4872895977029348,-0.2669987370350002,-0.3856665982922526
S20,10,RS,High,-0.5119691502535905,-0.2446697523073849,0.6256402445020326,0.5,-0.5119691502535905,-0.2446697523073849,0.6256402445020325
S20,10,RS,Low,-0.4935965150762904,-0.921065056074862,-0.4916513066415807,0.5,-0.4935965150762904,-0.921065056074862,-0.4916513066415806
S20,11,DMT,High,-0.0826288470038038,1.6560083411922562,1.595994111700064,1.5,-0.0826288470038038,1.6560083411922562,1.5959941117000636
S20,11,DMT,Low,-0.4814899263729431,-0.4470625832925986,0.2979733977131022,1.5,-0.4814899263729431,-0.4470625832925986,0.2979733977131021
S20,11,RS,High,-0.50061163727338,-0.1602638900203275,-0.0298030588273606,1.5,-0.50061163727338,-0.1602638900203275,-0.0298030588273605
S20,11,RS,Low,-0.4955977707604359,-0.882106517398975,-0.1306831613280444,1.5,-0.4955977707604359,-0.882106517398975,-0.1306831613280443
S20,12,DMT,High,3.746681518944702,1.3507084303257255,1.1611576548916864,2.5,3.746681518944702,1.3507084303257255,1.1611576548916862
S20,12,DMT,Low,-0.4905888354209509,-0.4653163815771804,-0.540906140051198,2.5,-0.4905888354209509,-0.4653163815771804,-0.5409061400511979
S20,12,RS,High,-0.5139641004849931,-0.3185986253694476,-0.0301227890934182,2.5,-0.5139641004849931,-0.3185986253694476,-0.0301227890934181
S20,12,RS,Low,-0.5129005473786804,-0.8172146041309275,-0.5922873337435776,2.5,-0.5129005473786804,-0.8172146041309275,-0.5922873337435774
S20,13,DMT,High,0.0112307795775205,0.7744875942314539,1.4258300924207403,3.5,0.0112307795775205,0.7744875942314539,1.42583009242074
S20,13,DMT,Low,-0.5141655126135938,-0.7124538287634409,-0.709321486738844,3.5,-0.5141655126135938,-0.7124538287634409,-0.7093214867388439
S20,13,RS,High,-0.515104297122582,-0.1448768239391761,0.7729370031099563,3.5,-0.515104297122582,-0.1448768239391761,0.7729370031099561
S20,13,RS,Low,-0.4999002395046342,-0.8661230200089785,-0.4610351527715766,3.5,-0.4999002395046342,-0.8661230200089785,-0.4610351527715765
S20,14,DMT,High,1.6580163428264147,0.6342946108983989,1.5704062212651428,4.5,1.6580163428264147,0.6342946108983989,1.5704062212651424
S20,14,DMT,Low,-0.5038197652745001,-0.7814455130312002,-0.4324595668415203,4.5,-0.5038197652745001,-0.7814455130312002,-0.4324595668415202
S20,14,RS,High,-0.5063117026891554,-0.2534048562825305,-0.2010194759676668,4.5,-0.5063117026891554,-0.2534048562825305,-0.2010194759676667
S20,14,RS,Low,-0.5032058547022428,-0.914989945806076,-0.7524059438448236,4.5,-0.5032058547022428,-0.914989945806076,-0.7524059438448234
S20,15,DMT,High,2.994659129729377,0.6644500465161459,1.6095683706573671,5.5,2.994659129729377,0.6644500465161459,1.609568370657367
S20,15,DMT,Low,-0.4931586682378017,-0.7925104023785928,-0.0874601271191149,5.5,-0.4931586682378017,-0.7925104023785928,-0.0874601271191148
S20,15,RS,High,-0.5141949370255926,-0.2269816304748486,0.6913243531642689,5.5,-0.5141949370255926,-0.2269816304748486,0.6913243531642688
S20,15,RS,Low,-0.509618424463294,-0.9509326389395828,-0.707073879777139,5.5,-0.509618424463294,-0.9509326389395828,-0.7070738797771389
S20,16,DMT,High,-0.3855241402864431,0.3403281547368231,2.663881231238415,6.5,-0.3855241402864431,0.3403281547368231,2.6638812312384146
S20,16,DMT,Low,-0.5120023194717481,-0.6431728971142334,-0.1788653941576448,6.5,-0.5120023194717481,-0.6431728971142334,-0.1788653941576447
S20,16,RS,High,-0.5105481841888823,-0.1632532622079445,0.013914434415154,6.5,-0.5105481841888823,-0.1632532622079445,0.0139144344151539
S20,16,RS,Low,-0.5046626857159139,-0.9155223448443351,-0.6218116258251419,6.5,-0.5046626857159139,-0.9155223448443351,-0.6218116258251418
S20,17,DMT,High,-0.3588083593618966,0.3567609985788818,1.460937641772517,7.5,-0.3588083593618966,0.3567609985788818,1.4609376417725168
S20,17,DMT,Low,-0.48959287780786,-0.7037461443532423,-0.7169665350769868,7.5,-0.48959287780786,-0.7037461443532423,-0.7169665350769867
S20,17,RS,High,-0.5107053359978073,-0.1514381093149334,-0.1305819443009586,7.5,-0.5107053359978073,-0.1514381093149334,-0.1305819443009585
S20,17,RS,Low,-0.5065435199751798,-0.8337659745291264,-0.5230329764004759,7.5,-0.5065435199751798,-0.8337659745291264,-0.5230329764004757
S20,18,DMT,High,-0.3373734420787614,0.1342310830485892,0.5252846930402046,8.5,-0.3373734420787614,0.1342310830485891,0.5252846930402045
S20,18,DMT,Low,-0.4971820683782069,-0.8013480973202586,-0.7530350602226656,8.5,-0.4971820683782069,-0.8013480973202586,-0.7530350602226654
S20,18,RS,High,-0.4970465928690346,-0.2475628262876984,-0.3311301102010507,8.5,-0.4970465928690346,-0.2475628262876984,-0.3311301102010506
S20,18,RS,Low,-0.5147471094435305,-0.8868913820195491,-0.2768575970734367,8.5,-0.5147471094435305,-0.8868913820195491,-0.2768575970734366
