modality,model,re_formula,status,loglik,n_re_params,beta,se,ci_lo,ci_hi,z,p,ci_width
HR,M0_intercept,1,SINGULAR,inf,1,1.1211465844997974,0.090832466598341,0.943114949967049,1.2991782190325458,12.343015955489582,5.312781998897326e-35,0.35606326906549673
HR,M1_State,0 + State_n,SINGULAR,inf,1,1.1211465844997877,0.0899672843215625,0.9448107072295252,1.2974824617700502,12.461714199270123,1.2074691514398116e-35,0.35267175454052496
HR,M2_State_Dose,0 + State_n + Dose_n,ok,-732.1248942534735,3,1.1211465844997897,0.08297790699986671,0.9585098867800509,1.2837832822195283,13.511386645382494,1.339739875712506e-41,0.3252733954394775
HR,M3_StateXDose,0 + State_n + Dose_n + State_n:Dose_n,FAILED,-720.6983035768608,6,1.1211465844997905,0.1297510535982875,0.866834519447147,1.3754586495524341,8.64075129571501,5.584456374467235e-18,0.5086241301052871
HR,M4_maximal,0 + State_n + Dose_n + State_n:Dose_n + window_c,ok,-692.1962117218204,10,1.1211465844997912,0.12827489523604996,0.8697277898371333,1.3725653791624493,8.740187099250171,2.3272468240489566e-18,0.5028375893253159
HR,M4i_maximal_int,1 + State_n + Dose_n + State_n:Dose_n + window_c,ok,-652.6389528231089,15,1.1211465844997877,0.10711824548519427,0.9111948233488069,1.3310983456507683,10.466439021863469,1.2319030544431712e-25,0.41990352230196154
SMNA,M0_intercept,1,SINGULAR,inf,1,0.6297605812234655,0.11227174559808219,0.4097079598512244,0.8498132025957066,5.6092526028581045,2.0320224900941603e-08,0.44010524274448215
SMNA,M1_State,0 + State_n,SINGULAR,inf,1,0.6297605812234502,0.11103373134534752,0.4121344677865691,0.8473866946603315,5.671795170646925,1.4130887079465453e-08,0.4352522268737623
SMNA,M2_State_Dose,0 + State_n + Dose_n,ok,-938.6091908619619,3,0.6297605812234536,0.10867485122681092,0.4167578728189042,0.842763289628003,5.794906311020436,6.83593317871208e-09,0.4260054168090988
SMNA,M3_StateXDose,0 + State_n + Dose_n + State_n:Dose_n,ok,-904.8808708491379,6,0.6297605812234472,0.2770890496402467,0.0866660439285637,1.172855118518331,2.2727732548113497,0.02303984754847306,1.086189074589767
SMNA,M4_maximal,0 + State_n + Dose_n + State_n:Dose_n + window_c,ok,-895.3455687699493,10,0.6297605812234496,0.27269728605467125,0.09527390055629392,1.1642472618906052,2.309376049665537,0.02092272287424357,1.0689733613343113
SMNA,M4i_maximal_int,1 + State_n + Dose_n + State_n:Dose_n + window_c,ok,-890.4655428004958,15,0.6297605812234528,0.2583029332005517,0.12348683215037148,1.1360343302965341,2.4380698020741938,0.014765922449773676,1.0125474981461626
RVT,M0_intercept,1,SINGULAR,inf,1,0.5598397799311426,0.12973278825168066,0.30556351495784856,0.8141160449044367,4.315329898291075,1.5936472745439964e-05,0.5085525299465882
RVT,M1_State,0 + State_n,SINGULAR,inf,1,0.559839779931146,0.1276387979453803,0.3096677359582006,0.8100118239040914,4.386125448867944,1.1538758930476337e-05,0.5003440879458908
RVT,M2_State_Dose,0 + State_n + Dose_n,ok,-1143.648865753365,3,0.5598397799311455,0.11887271671289973,0.3268492551738621,0.792830304688429,4.709573360582524,2.4823585598817595e-06,0.4659810495145669
RVT,M3_StateXDose,0 + State_n + Dose_n + State_n:Dose_n,ok,-1097.7974136733087,6,0.5598397799311428,0.3334038763292877,-0.0936318176742611,1.2133113775365465,1.6791639800198805,0.09312008983269184,1.3069431952108077
RVT,M4_maximal,0 + State_n + Dose_n + State_n:Dose_n + window_c,ok,-1079.027750257102,10,0.5598397799311496,0.3329841673447484,-0.09280918806455718,1.2124887479268565,1.6812804776736754,0.09270844802602089,1.3052979359914136
RVT,M4i_maximal_int,1 + State_n + Dose_n + State_n:Dose_n + window_c,SINGULAR,-992.7192924357719,15,0.5598397799311439,0.29497447551446737,-0.018310192077212184,1.1379897519395,1.8979261814254362,0.05770580690359664,1.156299944016712
Arousal,M0_intercept,1,SINGULAR,inf,1,1.259930703812067,0.13954318448279,0.9864260622257988,1.5334353453983354,9.028966255012302,1.7330109515831819e-19,0.5470092831725367
Arousal,M1_State,0 + State_n,SINGULAR,-606.2054322638708,1,1.2599307038120475,0.13929783301592272,0.986906951100839,1.532954456523256,9.044869374730537,1.4984421811518234e-19,0.5460475054224171
Arousal,M2_State_Dose,0 + State_n + Dose_n,ok,-580.6697934620563,3,1.2599307038120477,0.13024651569075008,1.0046475330581777,1.5152138745659178,9.673431163437458,3.9104298536635416e-22,0.5105663415077403
Arousal,M3_StateXDose,0 + State_n + Dose_n + State_n:Dose_n,ok,-554.5120591022321,6,1.259930703812041,0.3791949438366536,0.5167086138922,2.003152793731882,3.3226463703977642,0.0008916787651274369,1.4864441798396821
Arousal,M4_maximal,0 + State_n + Dose_n + State_n:Dose_n + window_c,ok,-557.0048256090834,10,1.2599307038120922,0.557194999592752,0.1678285046102983,2.3520329030138862,2.261202460059696,0.023746722849934048,2.1842043984035877
Arousal,M4i_maximal_int,1 + State_n + Dose_n + State_n:Dose_n + window_c,ok,-520.5670389335207,15,1.259930703812073,0.40427603302953413,0.4675496790741862,2.05231172854996,3.1165109996021694,0.0018300485316583512,1.5847620494757737
