modality,spec,term,random,stable,n_subjects,beta,se,ci_lo,ci_hi,z,p,ci_width
HR,State,prior_use_c,1 + State_n,False,11,0.012889827313148264,0.024128668507070114,-0.03440236296070916,0.060182017587005684,0.5342121265154488,0.5931947801928894,0.09458438054771484
HR,State,prior_use_c:State[T.DMT],1 + State_n,False,11,-0.025779654626296347,0.020283483915329196,-0.06553528310034157,0.013975973847748874,-1.2709677851157233,0.20374010948074506,0.07951125694809044
HR,StateXDose,prior_use_c,1 + State_n + Dose_n + State_n:Dose_n,True,11,0.07679619313692668,0.03535889729329166,0.00749275444207502,0.14609963183177832,2.1719057723979573,0.02986277099666369,0.13860687738970331
HR,StateXDose,prior_use_c:State[T.DMT],1 + State_n + Dose_n + State_n:Dose_n,True,11,-0.05102289235369622,0.027765827241160713,-0.10544391374637122,0.0033981290389787783,-1.8376147020773321,0.0661192008379747,0.10884204278535
HR,StateXDose,prior_use_c:Dose[T.High],1 + State_n + Dose_n + State_n:Dose_n,True,11,-0.12781273164755733,0.07245324802579248,-0.2698210977781106,0.014195634482995934,-1.7640717998185194,0.077719891603977,0.2840167322611065
HR,StateXDose,prior_use_c:State[T.DMT]:Dose[T.High],1 + State_n + Dose_n + State_n:Dose_n,True,11,0.05048647545480057,0.039901173551869555,-0.02771982470686376,0.1286927756164649,1.265287984303786,0.2057681122730758,0.15641260032332865
HR,per-subject-spearman,prior_use vs StateXDose,none,True,11,0.5226785863762924,,,,,0.09902585026869802,
SMNA,State,prior_use_c,1 + State_n,False,11,-0.003316418158230173,0.013472265938905643,-0.029722059398485233,0.023089223082024886,-0.24616632222593782,0.8055534844750324,0.05281128248051012
SMNA,State,prior_use_c:State[T.DMT],1 + State_n,False,11,0.006632836316460301,0.02390099462534694,-0.0402131131492197,0.0534787857821403,0.2775129830549477,0.7813862381288454,0.09369189893136
SMNA,StateXDose,prior_use_c,1 + State_n + Dose_n + State_n:Dose_n,False,11,-0.006812372971795846,0.01817716384015181,-0.042439614098493395,0.0288148681549017,-0.37477645201986315,0.7078267285322541,0.07125448225339509
SMNA,StateXDose,prior_use_c:State[T.DMT],1 + State_n + Dose_n + State_n:Dose_n,False,11,-0.00521282101536933,0.03555335839699224,-0.07489740347347412,0.06447176144273545,-0.14661965143102562,0.8834322417191127,0.13936916491620957
SMNA,StateXDose,prior_use_c:Dose[T.High],1 + State_n + Dose_n + State_n:Dose_n,False,11,0.006991909627131791,0.025341399933851497,-0.04267723424321714,0.05666105349748072,0.275908578270448,0.7826182850592742,0.09933828774069786
SMNA,StateXDose,prior_use_c:State[T.DMT]:Dose[T.High],1 + State_n + Dose_n + State_n:Dose_n,False,11,0.02369131466365851,0.06030635019691941,-0.09450913172230353,0.14189176104962056,0.3928494194442017,0.6944307015759896,0.23640089277192408
SMNA,per-subject-spearman,prior_use vs StateXDose,none,True,11,-0.15031593677088279,,,,,0.6591033118859647,
RVT,State,prior_use_c,1 + State_n,False,12,0.011259487278910277,0.016454155092400276,-0.020990656702194264,0.043509631260014815,0.6842944663935207,0.49378924052721007,0.06450028796220908
RVT,State,prior_use_c:State[T.DMT],1 + State_n,False,12,-0.022518974557820554,0.030637535171230426,-0.08256854349343219,0.03753059437779108,-0.7350126056800599,0.46233181704317994,0.12009913787122327
RVT,StateXDose,prior_use_c,1 + State_n + Dose_n + State_n:Dose_n,True,12,0.07769274959306915,0.05001899055436581,-0.020344471893487828,0.17572997107962612,1.5532650445759124,0.12035982758139144,0.19607444297311397
RVT,StateXDose,prior_use_c:State[T.DMT],1 + State_n + Dose_n + State_n:Dose_n,True,12,-0.017256629770522447,0.04615525072272256,-0.10772092118705866,0.07320766164601376,-0.3738822669210826,0.7084919101969787,0.18092858283307242
RVT,StateXDose,prior_use_c:Dose[T.High],1 + State_n + Dose_n + State_n:Dose_n,True,12,-0.13286652462831774,0.07305586689204631,-0.2760560237367285,0.010322974480093006,-1.8186975294489744,0.06895758885725874,0.2863789982168215
RVT,StateXDose,prior_use_c:State[T.DMT]:Dose[T.High],1 + State_n + Dose_n + State_n:Dose_n,True,12,-0.010524689574596312,0.07431580506469064,-0.15618366750138998,0.13513428835219735,-0.14162114728400976,0.8873792621787403,0.29131795585358733
RVT,per-subject-spearman,prior_use vs StateXDose,none,True,12,-0.010756074116470784,,,,,0.9735340566291115,
Arousal,State,prior_use_c,1 + State_n,False,7,0.049108199889541584,0.05644751252661909,-0.06152892466263182,0.159745324441715,0.8699798749569968,0.3843114024155174,0.22127424910434682
Arousal,State,prior_use_c:State[T.DMT],1 + State_n,False,7,-0.09821639977908322,0.09515431961344238,-0.2847188662214303,0.08828606666326383,-1.0321801488159479,0.30198773273170587,0.3730049328846941
Arousal,StateXDose,prior_use_c,1 + State_n + Dose_n + State_n:Dose_n,False,7,0.28660382428923825,0.10262463437712267,0.08545954091007782,0.4877481076683987,2.792739053627544,0.005226383410316483,0.40228856675832086
Arousal,StateXDose,prior_use_c:State[T.DMT],1 + State_n + Dose_n + State_n:Dose_n,False,7,-0.13939361905150863,0.2064903420097347,-0.5441146893905886,0.2653274512875714,-0.6750612047750743,0.49963688024963193,0.80944214067816
Arousal,StateXDose,prior_use_c:Dose[T.High],1 + State_n + Dose_n + State_n:Dose_n,False,7,-0.47499124879938903,0.2733645824020946,-1.0107858303074946,0.06080333270871641,-1.7375742117928057,0.08228586708882234,1.0715891630162109
Arousal,StateXDose,prior_use_c:State[T.DMT]:Dose[T.High],1 + State_n + Dose_n + State_n:Dose_n,False,7,0.08235443854484323,0.3388209527152957,-0.5817346287771363,0.7464435058668228,0.24306182331658802,0.8079575050325483,1.3281781346439592
Arousal,per-subject-spearman,prior_use vs StateXDose,none,True,7,-0.1928791874526149,,,,,0.6786147892437786,
