modality,model,optimiser,loglik,beta,se,ci_lo,ci_hi,singular
HR,M3,lbfgs,-720.6983035768608,1.1211465844997905,0.1297510535982875,0.866834519447147,1.3754586495524341,False
HR,M3,bfgs,-720.9258310368527,1.1211465844997868,0.12508350809181548,0.8759829086398284,1.3663102603597452,False
HR,M3,cg,-721.0914286138504,1.1211465844997892,0.12409044240062184,0.8779293173945704,1.364363851605008,False
HR,M3,powell,-720.7182607064556,1.1211465844997934,0.12850431423711486,0.8692781285950484,1.3730150404045385,False
HR,M3,nm,-720.8951858295845,1.1211465844997888,0.16147193638944696,0.8046615891764728,1.4376315798231047,False
HR,M4,lbfgs,-711.3559508647422,1.121146584499793,0.143781013369632,0.8393357982953142,1.4029573707042717,False
HR,M4,bfgs,-693.4397725429658,1.1211465844997892,0.13289569881620336,0.8606710148200306,1.381622154179548,False
HR,M4,cg,-694.005498444872,1.1211465844997852,0.13664268246483668,0.8533269268687054,1.388966242130865,False
HR,M4,powell,-692.1962117218204,1.1211465844997912,0.12827489523604996,0.8697277898371333,1.3725653791624493,False
HR,M4,nm,-705.6292122557506,1.121146584499788,0.1407923174401118,0.845193642317169,1.3970995266824073,False
SMNA,M3,lbfgs,-904.8808708491379,0.6297605812234472,0.2770890496402467,0.0866660439285637,1.172855118518331,False
SMNA,M3,bfgs,-904.8807348524242,0.6297605812234672,0.27594483633562117,0.08890870200564971,1.1706124604412849,False
SMNA,M3,cg,-904.8810314138691,0.6297605812234351,0.27730277151145766,0.08624714906097819,1.173274013385892,False
SMNA,M3,powell,-904.8870009485695,0.6297605812234486,0.2739639607000346,0.09279121825138081,1.1667299441955163,False
SMNA,M3,nm,-905.8688664104557,0.6297605812234579,0.24976820743577355,0.14021489464934178,1.119306267797574,False
SMNA,M4,lbfgs,-913.7163029381395,0.6297605812234582,0.3220082141307543,-0.0013755184728202474,1.2608966809197368,False
SMNA,M4,bfgs,-922.3862971021658,0.6297605812234601,0.3307194244062009,-0.01844949061269363,1.2779706530596138,False
SMNA,M4,cg,-945.821401939706,0.6297605812234549,0.2349175570940727,0.16932216931907246,1.0901989931278373,False
SMNA,M4,powell,-895.3455687699493,0.6297605812234496,0.27269728605467125,0.09527390055629392,1.1642472618906052,False
SMNA,M4,nm,-907.0467862635855,0.6297605812234593,0.24961689467796816,0.1405114676546418,1.119009694792277,False
RVT,M3,lbfgs,-1097.7974136733087,0.5598397799311428,0.3334038763292877,-0.0936318176742611,1.2133113775365465,False
RVT,M3,bfgs,-1097.7974137483775,0.5598397799311442,0.3334393321976438,-0.0937013111762377,1.213380871038526,False
RVT,M3,cg,-1097.797418481859,0.559839779931147,0.33322371559737934,-0.0932787026397165,1.2129582625020103,False
RVT,M3,powell,-1097.847534998809,0.5598397799311505,0.3168700547284853,-0.06122552733668063,1.1809050871989817,False
RVT,M3,nm,-1099.7802246191036,0.5598397799311433,0.38859023468222204,-0.20179708004601182,1.3214766399082984,False
RVT,M4,lbfgs,-1079.027750257102,0.5598397799311496,0.3329841673447484,-0.09280918806455718,1.2124887479268565,False
RVT,M4,bfgs,-1079.0277444589433,0.5598397799311469,0.3331565630769261,-0.09314708369962832,1.2128266435619222,False
RVT,M4,cg,-1079.0277455454884,0.5598397799311428,0.3330533220741345,-0.09294473133416092,1.2126242911964464,False
RVT,M4,powell,-1079.066757040187,0.559839779931143,0.32282670313421885,-0.07290055821192598,1.192580118074212,False
RVT,M4,nm,-1090.5323393237718,0.5598397799311435,0.3340133620729537,-0.09482640973184564,1.2145059695941327,False
Arousal,M3,lbfgs,-554.5120591022321,1.259930703812041,0.3791949438366536,0.5167086138922,2.003152793731882,False
Arousal,M3,bfgs,-554.5120589529863,1.2599307038120626,0.37921162451650015,0.5166759197597224,2.003185487864403,False
Arousal,M3,cg,-554.5120591458151,1.2599307038120313,0.37924102178504354,0.516618301113346,2.0032431065107166,False
Arousal,M3,powell,-554.554130768304,1.2599307038120555,0.35563774875431237,0.5628807162536033,1.9569806913705077,False
Arousal,M3,nm,-554.5120586865548,1.2599307038120577,0.3791363361944235,0.5168234848709877,2.0030379227531276,False
Arousal,M4,lbfgs,-557.0048256090834,1.2599307038120922,0.557194999592752,0.1678285046102983,2.3520329030138862,False
Arousal,M4,bfgs,-540.2486782924109,1.2599307038120455,0.3788058125483531,0.5174713112172734,2.0023900964068178,False
Arousal,M4,cg,-540.2486783819406,1.2599307038120566,0.3787315256398657,0.5176169135579199,2.0022444940661934,False
Arousal,M4,powell,-540.2961087763299,1.259930703812059,0.35590133938108093,0.5623640786251405,1.9574973289989777,False
Arousal,M4,nm,-548.9890131689838,1.2599307038120597,0.3742671771952333,0.5263670365094025,1.9934943711147168,False
